2000 41999
1644 1025
1727 442
651 939
701 1662
1962 1565
1408 1108
1399 1494
1330 633
1842 233
843 552
727 1056
1939 1401
1152 1836
1571 1175
435 574
392 1228
840 32
1118 302
610 484
1797 913
350 942
705 528
1358 692
908 785
127 1188
832 1358
799 838
1010 1691
1560 740
563 736
1819 1004
387 13
427 1249
1221 139
1722 1860
221 821
1472 537
1417 1822
1021 906
1469 897
907 745
971 1365
95 1370
1937 397
479 1064
798 158
1506 1788
103 815
770 48
463 1267
293 1688
43 1814
1726 1211
451 1170
264 1456
894 121
1038 1446
299 743
1865 1899
1870 1655
836 372
1291 1781
618 1695
823 909
1130 1488
372 1331
820 493
406 1402
890 480
1270 501
443 1368
904 661
466 319
1637 1722
650 1076
1405 1159
577 606
970 1404
1897 1390
1467 1924
1307 1777
1123 1588
230 1925
1114 1425
273 1273
1688 672
1671 455
1656 1071
977 488
1262 1746
1396 345
1572 1322
1006 1222
215 1022
799 838
1420 357
461 381
113 822
910 1464
1520 747
1974 1796
1318 271
857 1363
833 1462
70 1618
623 1214
31 1277
698 408
1953 483
1823 1405
1175 741
1755 1147
1743 15
688 53
915 193
985 180
546 51
747 1642
162 621
801 1696
668 1380
170 1034
1409 723
1199 1670
1930 1317
1793 1983
1848 168
1905 183
209 946
1158 715
1717 1929
1903 649
632 1665
1263 832
1407 403
1433 1406
632 1665
436 862
154 1303
846 396
1728 1002
295 1295
1362 1556
315 1881
1069 1416
1583 20
1933 1097
1442 1700
1771 1888
1276 1890
968 1875
494 1790
582 25
1939 1401
369 1718
1909 1129
1403 1736
1731 447
437 300
952 306
1908 1271
681 1791
430 438
1109 948
1621 515
554 1272
170 1034
26 1821
560 1074
387 13
1630 1333
673 790
313 1234
723 1134
1783 908
1200 1531
1936 1280
831 759
813 1265
1636 1872
1151 595
160 970
660 582
1358 692
1916 1856
324 354
1484 891
611 248
191 1769
721 700
847 1297
799 838
382 1625
524 996
1251 1675
1372 1934
301 986
1276 1890
254 1753
1026 1569
465 1611
71 873
1293 419
1093 1091
725 1381
174 721
474 1073
1478 698
1778 1453
124 1797
1134 1298
1570 1154
1289 1515
1453 662
488 54
827 346
1065 1282
1409 723
857 1363
205 1164
1116 290
481 330
782 39
349 752
1992 1107
158 1475
986 1965
753 869
636 1851
158 1475
644 238
120 1110
1099 110
1051 471
774 713
1072 94
1487 1580
1630 1333
1562 1801
1136 1502
957 801
1521 482
768 894
1325 475
1477 1651
1430 1142
1292 757
564 966
366 525
1401 368
247 1367
838 321
329 1974
5 1185
1036 1560
563 736
127 1188
1154 144
523 1050
545 192
1546 883
1075 12
1535 1184
444 304
1740 1311
43 1814
821 222
1377 1012
1987 347
775 1396
706 872
360 1066
1371 1943
118 1028
681 1791
608 504
1446 1977
643 298
60 1440
1789 687
1775 278
1844 1378
1055 1257
358 683
1854 1344
783 518
535 1276
1452 769
1088 1816
1751 1599
1685 560
1590 1236
1771 1888
82 1496
1681 848
1579 1011
1118 302
1259 1262
1212 36
1945 167
237 1310
266 1442
23 207
1771 1888
1971 1036
388 1512
561 1668
483 1869
98 864
621 1559
989 796
890 480
1948 1162
1980 1224
1770 1866
1249 781
591 490
928 812
526 1998
505 276
116 882
1453 662
446 1639
898 572
439 411
1892 1409
1691 1878
456 210
269 1576
1712 875
112 1163
1667 499
1052 1053
1993 1735
1853 1474
176 1005
840 32
866 42
987 1920
1742 1581
1648 1386
36 594
633 726
233 1157
1560 740
1382 945
115 1548
1462 1099
234 1307
419 1427
1745 1794
684 1941
405 1622
981 992
346 359
649 1195
899 318
135 342
43 1814
595 1145
149 280
529 905
1278 885
1099 110
167 760
343 1837
1355 198
1399 1494
1090 1811
1591 764
1712 875
602 849
470 1776
858 724
676 273
1990 261
882 1597
646 521
93 1126
1583 20
132 1457
80 224
370 774
1300 1421
1059 761
1297 770
1915 1715
107 1302
1889 380
1357 10
1974 1796
1622 1961
1765 1863
786 1319
1507 1354
1446 1977
251 326
563 736
1692 1889
1225 1535
857 1363
474 1073
555 1832
1184 750
580 324
1414 1281
1252 1711
711 492
1163 38
1435 1133
484 735
1257 1130
1264 1564
1112 443
1092 355
837 562
1209 288
1524 1308
754 1119
253 1470
1384 1809
6 1877
1199 1670
593 626
396 1997
66 433
82 1496
1848 168
623 1214
82 1496
714 33
756 1232
477 1708
1259 1262
870 1679
153 151
463 1267
346 359
1920 1798
538 659
679 1238
1962 1565
1130 1488
939 625
637 316
257 446
1710 423
220 1807
1046 252
1581 1505
1561 1584
101 1955
1282 1681
1573 1762
597 833
1470 1840
17 1864
25 466
827 346
37 72
228 169
1357 10
1718 1044
994 76
243 1680
1210 1217
1954 557
1550 1274
1320 1391
1663 508
715 444
90 1140
925 115
1749 695
1172 1088
1862 981
594 1473
1396 345
1854 1344
247 1367
841 1886
161 1237
1117 748
872 1321
838 321
1191 1325
508 1260
405 1622
573 1833
207 1448
1879 279
1648 1386
693 1845
1547 1898
543 1806
276 242
341 827
1561 1584
1415 676
1174 1938
1165 1127
1145 1079
1202 1635
1210 1217
880 120
342 1729
242 1923
1999 549
1763 1113
1025 1767
786 1319
1766 1674
150 860
1923 840
1747 597
1060 753
571 1954
803 1443
997 627
1035 1913
1173 1706
488 54
1123 1588
1577 1926
249 706
286 1664
1581 1505
110 164
1555 1985
489 523
802 116
822 1648
1813 623
1710 423
1931 980
1381 867
1686 215
1516 489
1651 1158
1389 294
262 1650
1251 1675
186 291
825 1617
1937 397
306 1171
1484 891
522 1225
1182 1315
1549 425
502 29
233 1157
1271 1573
177 1466
918 886
221 821
1620 855
623 1214
1980 1224
74 122
984 282
393 223
646 521
1099 110
266 1442
693 1845
1812 1010
1274 612
1973 657
1399 1494
1625 1258
749 640
1651 1158
521 1450
513 697
512 1960
1705 991
1612 1972
1176 675
1723 1287
1555 1985
1627 1996
116 882
1897 1390
560 1074
1096 968
1780 619
1687 1855
1400 556
1727 442
1891 514
931 126
65 1973
164 225
1537 1063
269 1576
1158 715
880 120
1113 1484
850 1587
1351 1937
1243 105
1627 1996
1959 1208
1825 1709
766 512
1732 1060
1605 931
1948 1162
571 1954
1859 693
246 1585
1349 1614
34 1534
1977 877
1988 424
552 142
1871 1870
423 707
704 1971
755 1123
762 756
625 898
1330 633
1753 1830
1078 1935
1396 345
1835 253
594 1473
504 1213
1439 476
372 1331
1002 1738
508 1260
1848 168
1560 740
1506 1788
1301 1536
873 1550
206 1182
197 1723
973 37
1936 1280
840 32
225 310
1078 1935
1837 559
1782 516
1346 678
886 117
188 1361
1581 1505
933 854
852 1992
1361 1630
909 1449
1168 1720
1778 1453
1846 1782
1587 1455
641 1419
1854 1344
27 1761
1104 186
478 1871
770 48
1191 1325
397 1241
87 206
1182 1315
1525 478
175 1357
422 716
1084 1994
968 1875
796 1407
1208 1179
1479 203
702 1544
231 1917
222 1570
838 321
1099 110
1857 573
1247 26
1923 840
762 756
163 1657
1941 314
1764 1353
1088 1816
1225 1535
1453 662
414 1669
1460 651
1349 1614
1282 1681
1801 1243
947 1609
1485 1751
1532 1562
358 683
1035 1913
1805 1254
368 1907
717 1384
1654 156
1215 353
258 1435
1295 655
1991 236
1484 891
1146 1397
1918 1958
707 846
27 1761
1963 602
1746 1339
1366 1857
1310 1976
973 37
903 669
1795 932
1373 691
946 813
103 815
416 1089
372 1331
1556 416
1535 1184
906 1643
1993 1735
868 1649
419 1427
852 1992
1751 1599
1016 332
257 446
627 106
1341 571
1908 1271
606 857
109 799
1775 278
3 604
1471 1894
1619 1572
1054 1537
1085 847
598 1026
1140 569
1602 967
312 58
1392 1131
1914 1057
1328 43
868 1649
413 1493
340 1521
373 1263
171 1721
1041 926
1118 302
564 966
173 509
1945 167
910 1464
305 964
1357 10
1526 374
686 1858
1467 1924
1643 702
1909 1129
1495 866
141 1476
1889 380
433 824
826 4
1701 674
625 898
408 1408
1735 1714
1428 924
307 680
512 1960
50 218
653 1418
562 642
1414 1281
1802 390
472 46
1193 1686
685 944
1272 1808
865 83
1921 286
85 1245
220 1807
1832 125
332 1732
1446 1977
1004 1884
746 1399
612 977
1322 1218
1507 1354
919 1786
1067 852
1630 1333
1242 1727
915 193
1005 517
537 1586
1907 1666
887 1256
1030 1337
563 736
673 790
482 1592
1397 364
564 966
1208 1179
368 1907
267 795
1961 1046
810 245
565 1376
858 724
425 1508
626 1447
961 618
553 1383
657 2000
1425 522
1234 1068
492 969
1080 1039
1 436
127 1188
129 1658
1427 328
1415 676
531 1192
884 1632
1067 852
1182 1315
287 907
1853 1474
1791 297
178 1707
1395 1093
919 1786
220 1807
1030 1337
945 1329
1909 1129
502 29
64 184
1286 477
1395 1093
1134 1298
1157 1191
550 1543
1307 1777
1867 643
854 287
949 1525
63 8
288 1197
74 122
717 1384
84 719
1570 1154
846 396
138 988
1490 823
279 1903
1988 424
773 1240
1621 515
1432 234
972 1387
1576 1499
1886 459
1684 1921
512 1960
1080 1039
855 160
1996 1918
1105 952
46 985
75 1545
1476 360
1448 505
1667 499
984 282
135 342
577 606
1464 1930
1733 1987
1775 278
1904 350
934 1689
1058 305
614 365
1721 1909
209 946
1852 990
1820 1741
486 1915
492 969
72 1209
350 942
1847 1995
740 1928
387 13
1485 1751
1441 1086
1278 885
696 1812
1463 366
323 1332
1133 1351
1170 1355
1884 1047
1458 583
269 1576
20 529
1149 1852
1005 517
1964 458
1700 1702
690 553
277 1742
1954 557
1609 127
1795 932
244 1829
1626 95
299 743
1132 1571
404 1847
1867 643
110 164
265 995
182 577
1599 1048
477 1708
222 1570
217 129
1595 407
742 189
1037 1957
1866 246
358 683
179 690
1663 508
812 1220
1218 722
1649 1392
1615 1124
1524 1308
570 1342
1491 779
1863 1393
188 1361
1141 208
1102 1841
288 1197
156 1102
290 624
808 384
1728 1002
1521 482
1687 1855
239 786
1653 605
900 454
769 963
508 1260
354 1991
22 1876
1821 777
1681 848
203 420
24 524
1122 1090
915 193
874 957
1525 478
1110 1015
812 1220
416 1089
302 978
498 1304
1318 271
343 1837
955 545
1567 301
113 822
1396 345
1281 1577
846 396
752 1942
1720 197
690 553
1192 1495
1778 1453
1422 1506
1228 1167
383 1042
295 1295
1134 1298
1516 489
1577 1926
1799 587
111 187
874 957
1818 1779
714 33
152 1259
1135 1289
1040 1575
1748 828
815 1347
573 1833
1700 1702
428 185
415 1253
1638 467
107 1302
426 162
808 384
1879 279
1074 1116
212 918
1156 1330
1321 1477
1376 530
1338 555
13 1095
1181 1859
1670 201
534 538
1531 1187
951 1594
560 1074
672 1014
127 1188
1527 1825
1920 1798
845 258
435 574
1998 1656
1435 1133
1376 530
1930 1317
207 1448
1570 1154
1134 1298
598 1026
603 1312
1797 913
1321 1477
492 969
897 1547
189 270
512 1960
1879 279
1227 1815
1232 1883
64 184
620 1799
1952 1716
1170 1355
1648 1386
1469 897
818 1424
832 1358
190 453
439 411
655 888
1786 387
1609 127
648 308
241 751
665 1591
1458 583
1616 564
431 881
928 812
197 1723
1057 91
631 212
530 202
1005 517
5 1185
1880 934
973 37
1804 1481
337 1309
581 1149
367 75
937 175
1173 1706
1924 1377
1947 950
746 1399
765 1231
390 74
1646 1771
1169 576
1105 952
653 1418
1735 1714
1247 26
133 671
1509 344
921 1900
958 585
807 313
651 939
571 1954
490 892
1308 1094
304 1528
1373 691
621 1559
1429 1106
879 1604
1301 1536
143 1641
1206 1072
1287 825
1071 337
1555 1985
1943 104
828 1596
1460 651
152 1259
260 997
328 1757
270 1172
1548 1846
448 59
1262 1746
414 1669
881 727
1056 874
746 1399
565 1376
1970 1414
194 263
224 213
1596 940
1784 1128
1009 902
370 774
53 1874
23 207
1287 825
1773 237
768 894
1237 989
1095 971
715 444
475 1803
1965 1055
1770 1866
1203 1752
1876 961
233 1157
248 620
1674 856
1615 1124
1200 1531
214 451
144 61
428 185
503 296
1134 1298
82 1496
131 658
1788 677
1806 251
1101 1235
1207 1230
1099 110
1424 1712
1943 104
1266 1895
578 361
1969 1410
1604 448
653 1418
120 1110
235 1098
96 124
706 872
1403 1736
701 1662
1003 370
875 1566
1052 1053
86 1300
1159 694
1323 1215
746 1399
1403 1736
1615 1124
604 1081
1875 1463
402 1029
584 579
467 1554
1904 350
434 1568
485 440
989 796
1205 1838
929 1275
1541 535
576 1897
949 1525
228 169
1430 1142
672 1014
1010 1691
106 1114
222 1570
727 1056
930 836
87 206
176 1005
117 1223
1755 1147
4 1288
77 170
1369 776
1978 349
430 438
1998 1656
1559 1136
202 1631
41 1813
1198 1033
703 1030
522 1225
1350 1201
218 1713
760 1471
1933 1097
980 220
1155 780
190 453
459 1434
1325 475
1942 469
592 1051
1331 1606
796 1407
39 214
1628 70
247 1367
1481 584
473 1084
303 1388
717 1384
1053 1663
1369 776
1742 1581
1547 1898
1259 1262
173 509
656 1101
160 970
1138 231
75 1545
488 54
178 1707
1438 1318
958 585
901 1478
348 1062
483 1869
1298 1016
1352 1756
754 1119
867 1637
341 827
1921 286
394 299
754 1119
1250 1583
989 796
1236 647
1844 1378
649 1195
333 1678
994 76
1292 757
1529 878
73 47
69 639
541 395
840 32
1786 387
1973 657
911 205
732 540
332 1732
209 946
1874 1205
1996 1918
925 115
1955 783
89 1993
1327 1948
1243 105
1413 1061
339 1239
1163 38
1789 687
1539 243
1140 569
1 436
1043 917
743 797
1409 723
176 1005
1964 458
1297 770
287 907
604 1081
312 58
971 1365
1818 1779
578 361
888 67
1635 1112
1949 404
184 1513
147 686
1735 1714
257 446
814 1452
582 25
908 785
450 788
1077 1654
1675 468
1693 663
586 1374
1705 991
1261 1514
991 1990
1546 883
225 310
711 492
670 495
492 969
1069 1416
244 1829
1860 1045
711 492
1223 1306
1824 1659
592 1051
143 1641
391 1043
1868 982
535 1276
1801 1243
1652 800
1162 763
1827 581
1975 135
1917 962
1133 1351
1743 15
1243 105
383 1042
1377 1012
411 1546
1226 44
605 1619
147 686
1626 95
488 54
281 1739
1596 940
231 1917
1980 1224
807 313
892 1661
387 13
9 1579
406 1402
765 1231
231 1917
1018 1842
586 1374
1998 1656
186 291
1263 832
397 1241
1952 1716
1530 1382
1113 1484
881 727
1577 1926
1271 1573
1239 400
1422 1506
554 1272
83 6
1018 1842
920 1520
1905 183
499 1400
538 659
611 248
222 1570
1640 119
647 371
1969 1410
327 1644
516 1420
1300 1421
350 942
91 1103
1254 1910
768 894
192 536
47 1697
259 141
1410 1027
1719 526
1250 1583
1057 91
133 671
805 376
641 1419
1854 1344
1047 1301
7 1111
546 51
1743 15
1484 891
1527 1825
1560 740
381 1075
1567 301
676 273
562 642
476 102
1483 837
1555 1985
957 801
22 1876
1611 766
236 378
1112 443
1556 416
1565 52
1933 1097
1117 748
1660 1483
686 1858
1994 1627
1617 1763
1604 448
1942 469
1505 1080
1031 235
92 1510
746 1399
263 90
1051 471
401 1726
1380 1640
1499 391
1175 741
1154 144
1004 1884
1181 1859
1837 559
542 1854
2 1403
642 320
1756 1598
1425 522
288 1197
336 1268
682 638
1406 1345
1344 1542
1718 1044
382 1625
27 1761
1212 36
167 760
712 1286
246 1585
1659 1104
193 382
656 1101
876 377
1223 1306
46 985
783 518
540 441
551 1150
309 1161
1349 1614
149 280
290 624
915 193
481 330
1387 101
733 973
24 524
323 1332
930 836
587 331
83 6
1165 1127
1820 1741
1475 373
826 4
370 774
1171 1867
817 1458
1186 1009
364 998
1588 343
52 705
1403 1736
1201 1589
1517 1166
492 969
1203 1752
25 466
869 1526
574 152
921 1900
1118 302
845 258
856 49
1134 1298
1007 79
193 382
1209 288
1700 1702
1733 1987
607 1701
656 1101
335 5
651 939
325 1989
705 528
417 445
1284 1359
1510 754
852 1992
1769 250
1960 460
784 1936
1845 1862
809 239
1150 506
1247 26
951 1594
1249 781
496 1802
234 1307
507 539
1790 462
1419 1489
1843 648
582 25
1036 1560
32 682
910 1464
1564 919
1778 1453
1023 461
1025 1767
1664 7
333 1678
177 1466
846 396
1321 1477
256 1952
661 241
556 1558
756 1232
180 1817
124 1797
519 1682
683 1369
10 1024
535 1276
103 815
970 1404
395 818
1678 99
376 839
621 1559
1924 1377
861 1823
1283 534
444 304
170 1034
1282 1681
460 485
119 1459
61 592
996 1352
482 1592
694 1532
1642 1296
844 1969
1850 71
1117 748
1678 99
1564 919
1833 699
1309 1151
772 14
1912 901
1076 976
562 642
1202 1635
40 1156
797 1902
1826 1775
1742 1581
1821 777
1918 1958
146 1849
1301 1536
1893 1755
43 1814
1696 1336
169 1882
1591 764
1472 537
1060 753
1693 663
1929 1008
692 613
1199 1670
1461 413
549 265
15 787
344 710
1414 1281
103 815
1695 1316
1772 1013
1795 932
47 1697
994 76
504 1213
1682 1768
1015 1602
1954 557
274 1181
518 228
1041 926
905 437
1685 560
1129 834
1650 1578
721 700
914 1283
1024 603
558 464
1005 517
1021 906
1359 113
875 1566
393 223
931 126
1367 1605
59 999
215 1022
1234 1068
1828 1759
822 1648
1911 667
1300 1421
1148 943
451 1170
743 797
1869 1152
1367 1605
998 1633
94 500
815 1347
425 1508
1994 1627
1405 1159
501 728
482 1592
112 1163
1766 1674
124 1797
1240 11
417 445
1604 448
1779 195
1096 968
1667 499
485 440
161 1237
266 1442
362 240
394 299
831 759
1521 482
883 1299
1504 575
422 716
345 1227
24 524
656 1101
598 1026
206 1182
1715 1394
1733 1987
457 1962
124 1797
497 1835
1263 832
928 812
1438 1318
1205 1838
1699 993
1669 1007
1444 1980
1374 749
1756 1598
599 18
458 340
1265 805
583 1772
1825 1709
81 402
181 272
1091 1413
1625 1258
1183 1121
659 768
1893 1755
1962 1565
1683 1467
202 1631
1140 569
567 132
16 1710
90 1140
918 886
969 1986
1643 702
1388 163
821 222
598 1026
1694 845
98 864
292 217
943 114
1716 685
847 1297
64 184
1733 1987
1020 1685
1625 1258
1603 3
284 742
859 269
1245 1932
1254 1910
1559 1136
293 1688
859 269
1072 94
657 2000
1211 903
1975 135
1155 780
1299 1891
1257 1130
1130 1488
1565 52
741 173
1669 1007
679 1238
1929 1008
1680 1780
1329 209
932 830
1469 897
1143 1601
1137 1561
713 1417
1641 1904
1478 698
565 1376
248 620
1239 400
228 169
48 895
297 544
1818 1779
284 742
1500 1522
1787 665
918 886
1735 1714
1652 800
595 1145
1120 1653
983 1120
627 106
1271 1573
862 809
857 1363
1360 1745
1940 369
1220 86
225 310
1127 772
1158 715
1407 403
451 1170
176 1005
1250 1583
551 1150
312 58
1400 556
965 1141
623 1214
1523 532
627 106
716 645
1185 632
948 1946
507 539
1257 1130
1014 1848
1174 1938
37 72
1482 984
1294 1292
73 47
1659 1104
1407 403
308 600
1199 1670
301 986
1690 1740
1539 243
365 356
1652 800
1231 431
1403 1736
549 265
1521 482
1846 1782
198 1444
132 1457
271 1754
1902 608
1967 155
575 1959
1218 722
1689 1210
354 1991
765 1231
669 951
303 1388
1338 555
1968 1252
1405 1159
206 1182
685 944
1455 1783
136 568
1591 764
934 1689
1719 526
104 1490
745 255
114 1916
1866 246
151 791
1000 1896
1523 532
586 1374
1788 677
1719 526
328 1757
1702 92
369 1718
231 1917
1615 1124
1773 237
924 1426
1189 68
360 1066
1586 1100
433 824
628 1279
50 218
1926 1529
1497 138
254 1753
265 995
1907 1666
1202 1635
27 1761
1783 908
1820 1741
1335 629
1581 1505
1031 235
902 1412
1072 94
141 1476
247 1367
1449 486
809 239
354 1991
1803 1326
519 1682
815 1347
898 572
1721 1909
1892 1409
855 160
1640 119
1959 1208
370 774
612 977
485 440
1547 1898
179 690
1661 1970
808 384
151 791
1178 810
353 352
1079 900
465 1611
1074 1116
1714 598
465 1611
1940 369
1143 1601
1970 1414
877 531
1733 1987
253 1470
211 1398
1663 508
1204 979
206 1182
1897 1390
876 377
1852 990
1607 1360
595 1145
1113 1484
95 1370
1785 664
1831 456
150 860
246 1585
1455 1783
1953 483
1115 1914
1432 234
1943 104
132 1457
1360 1745
1691 1878
1985 1143
1042 1509
766 512
1282 1681
1482 984
1479 203
270 1172
1021 906
1862 981
903 669
1748 828
138 988
1218 722
1955 783
1792 97
408 1408
1593 200
543 1806
1921 286
1103 57
1623 616
1419 1489
1122 1090
1470 1840
1837 559
1512 704
1650 1578
1497 138
302 978
1929 1008
632 1665
1097 1291
1624 1693
1696 1336
210 78
1453 662
819 1460
1343 1523
1911 667
1684 1921
1648 1386
661 241
685 944
1051 471
1735 1714
1897 1390
265 995
1454 798
138 988
1922 1760
1445 708
1506 1788
1900 755
524 996
1098 842
1980 1224
1395 1093
752 1942
173 509
99 550
115 1548
1930 1317
1059 761
862 809
1423 134
1736 35
1988 424
1926 1529
1648 1386
1054 1537
48 895
887 1256
727 1056
1693 663
836 372
1390 85
379 389
1054 1537
1915 1715
1533 1487
1735 1714
342 1729
19 543
1003 370
1812 1010
632 1665
1292 757
260 997
820 493
1180 1728
873 1550
1839 1527
1673 870
1450 171
1650 1578
976 889
375 1826
1545 1096
1657 60
626 1447
658 1196
761 1743
15 787
491 275
691 1003
176 1005
584 579
417 445
470 1776
575 1959
1599 1048
453 230
529 905
198 1444
1150 506
1926 1529
1444 1980
966 1733
1228 1167
1510 754
1251 1675
492 969
702 1544
1567 301
172 1109
1941 314
234 1307
751 1557
42 732
1110 1015
398 73
1721 1909
458 340
398 73
132 1457
681 1791
1713 145
1899 430
1406 1345
957 801
655 888
586 1374
701 1662
320 936
277 1742
714 33
920 1520
1265 805
683 1369
418 435
1275 762
423 707
442 1465
348 1062
586 1374
769 963
121 720
1571 1175
736 1040
1559 1136
734 630
619 652
1893 1755
1173 1706
1049 1647
1219 1671
1706 55
1280 30
1453 662
1495 866
88 502
1632 1155
1697 533
1926 1529
581 1149
176 1005
53 1874
1063 172
1405 1159
1187 771
994 76
1754 1504
1447 590
1940 369
1476 360
740 1928
441 1539
1056 874
1249 781
1065 1282
331 285
937 175
1692 1889
1995 267
753 869
1323 1215
1987 347
905 437
431 881
827 346
962 589
942 417
801 1696
666 1323
1909 1129
1990 261
1589 656
1098 842
210 78
1027 644
472 46
617 1703
716 645
971 1365
1888 1
856 49
1219 1671
491 275
896 1749
1405 1159
720 1623
1593 200
973 37
1536 1511
1039 1905
300 87
708 82
1427 328
393 223
885 758
1550 1274
690 553
1788 677
1276 1890
834 570
790 147
1935 1517
145 388
270 1172
1414 1281
483 1869
458 340
1048 9
1687 1855
1449 486
741 173
544 959
786 1319
711 492
1000 1896
1988 424
1825 1709
595 1145
1185 632
1249 781
1572 1322
506 140
1825 1709
1628 70
103 815
444 304
2 1403
1765 1863
3 604
1958 1940
109 799
474 1073
817 1458
635 1652
15 787
841 1886
251 326
1789 687
1802 390
527 803
1100 635
834 570
538 659
1354 965
1462 1099
1037 1957
1168 1720
1694 845
1602 967
580 324
1780 619
1104 186
906 1643
115 1548
1433 1406
1132 1571
118 1028
1876 961
444 304
52 705
1462 1099
1690 1740
1626 95
1323 1215
601 1006
790 147
535 1276
1785 664
352 1491
779 1873
1793 1983
1644 1025
152 1259
1429 1106
1836 542
1209 288
1841 1699
17 1864
1083 1704
841 1886
290 624
738 295
1860 1045
682 638
1004 1884
84 719
190 453
877 531
589 89
565 1376
339 1239
765 1231
1727 442
154 1303
983 1120
194 263
1854 1344
193 382
1184 750
1694 845
567 132
34 1534
1756 1598
1741 1593
1976 165
1340 928
1211 903
918 886
1292 757
1764 1353
1749 695
206 1182
1119 1967
1673 870
1495 866
345 1227
1411 260
676 273
1628 70
773 1240
1407 403
866 42
1875 1463
1659 1104
1241 725
1413 1061
41 1813
1948 1162
951 1594
500 1204
863 1500
993 1248
554 1272
861 1823
434 1568
575 1959
1180 1728
1748 828
369 1718
167 760
616 1819
1534 418
558 464
564 966
486 1915
1469 897
421 1372
1643 702
1195 450
684 1941
96 124
432 41
155 149
945 1329
1223 1306
1149 1852
1840 1479
939 625
1215 353
1891 514
872 1321
1976 165
611 248
1347 109
114 1916
686 1858
532 181
1407 403
1743 15
1673 870
1621 515
35 137
1122 1090
211 1398
1001 1626
1874 1205
204 1966
1571 1175
280 654
290 624
921 1900
1654 156
391 1043
776 421
1511 1200
472 46
894 121
1088 1816
331 285
1664 7
439 411
1092 355
861 1823
1042 1509
1924 1377
1836 542
1629 1122
1039 1905
900 454
837 562
1013 880
1549 425
374 609
1054 1537
1950 1620
52 705
224 213
516 1420
535 1276
1414 1281
1116 290
899 318
392 1228
574 152
660 582
971 1365
1395 1093
1466 1186
568 679
211 1398
1610 1313
924 1426
1934 1441
1585 274
655 888
1587 1455
1128 701
1692 1889
1378 229
1786 387
1514 1340
1270 501
683 1369
320 936
211 1398
569 1105
314 1362
460 485
1278 885
1244 1503
1580 778
1007 79
864 161
461 381
1537 1063
1147 1774
1474 738
1256 383
1371 1943
1209 288
292 217
461 381
1257 1130
1865 1899
398 73
32 682
478 1871
1418 835
1336 159
173 509
1581 1505
1562 1801
335 5
985 180
1105 952
1021 906
1164 1067
706 872
1770 1866
1061 426
146 1849
266 1442
1705 991
772 14
202 1631
1372 1934
1352 1756
714 33
1550 1274
1655 925
1536 1511
1861 547
877 531
323 1332
1866 246
943 114
194 263
1129 834
570 1342
1867 643
1970 1414
804 1612
1308 1094
56 1827
672 1014
460 485
1054 1537
238 955
1664 7
366 525
583 1772
1130 1488
348 1062
196 580
292 217
77 170
1644 1025
892 1661
1163 38
1156 1330
1919 1266
986 1965
565 1376
137 792
1054 1537
1970 1414
510 1305
1076 976
484 735
1229 496
12 244
16 1710
292 217
1996 1918
1623 616
1709 103
1671 455
1968 1252
383 1042
520 1810
1240 11
1223 1306
1406 1345
1335 629
628 1279
514 1364
1142 1349
1602 967
5 1185
1929 1008
998 1633
127 1188
223 650
1970 1414
1528 1834
1939 1401
1095 971
1331 1606
1302 1880
1813 623
1606 28
698 408
88 502
1913 1844
1682 1768
1877 1212
1965 1055
542 1854
764 100
356 176
814 1452
419 1427
368 1907
1211 903
861 1823
440 1430
1367 1605
879 1604
308 600
1715 1394
1680 1780
289 487
850 1587
1074 1116
933 854
1737 775
153 151
1 436
1119 1967
1152 1836
1092 355
584 579
1283 534
746 1399
864 161
1086 1540
901 1478
213 98
1334 1947
178 1707
1222 1687
303 1388
267 795
21 268
1750 808
1199 1670
1656 1071
241 751
1059 761
576 1897
953 123
1502 1023
1819 1004
1761 322
1209 288
1209 288
746 1399
1755 1147
738 295
299 743
519 1682
1843 648
1940 369
1352 1756
399 1590
1316 1988
208 1428
975 1049
731 107
357 1628
650 1076
1644 1025
1410 1027
1244 1503
209 946
610 484
493 599
64 184
831 759
860 814
1366 1857
375 1826
1961 1046
1577 1926
1320 1391
322 921
296 960
482 1592
120 1110
1375 1719
1056 874
1810 1981
1040 1575
441 1539
1953 483
486 1915
1755 1147
1435 1133
1085 847
950 703
1518 481
1842 233
1928 1168
1956 673
24 524
1690 1740
1776 64
50 218
1844 1378
1881 309
1746 1339
1070 851
114 1916
227 1207
956 111
1553 646
1307 1777
9 1579
408 1408
350 942
1634 688
1208 1179
1811 333
1572 1322
180 1817
1645 1784
1921 286
936 1461
498 1304
485 440
1209 288
1607 1360
1302 1880
219 1608
282 793
725 1381
1408 1108
1401 368
1542 329
398 73
1796 385
40 1156
1719 526
1595 407
1013 880
486 1915
1457 84
911 205
915 193
1252 1711
1761 322
1910 93
456 210
997 627
1285 375
1176 675
173 509
971 1365
1011 465
1771 1888
801 1696
1342 937
1825 1709
633 726
1779 195
583 1772
265 995
112 1163
1567 301
1340 928
150 860
1064 401
109 799
1281 1577
1988 424
1025 1767
712 1286
1659 1104
994 76
1187 771
1155 780
1185 632
334 1887
1607 1360
1147 1774
1490 823
1391 1032
132 1457
526 1998
1451 631
1038 1446
319 398
1651 1158
1290 975
1166 844
594 1473
31 1277
87 206
1696 1336
994 76
1866 246
1528 1834
166 1348
26 1821
1409 723
509 819
610 484
1357 10
788 439
394 299
135 342
1096 968
328 1757
1457 84
250 1153
1920 1798
362 240
1449 486
945 1329
1385 226
1126 157
1088 1816
1153 1115
401 1726
195 339
937 175
552 142
222 1570
1867 643
1065 1282
1399 1494
584 579
155 149
286 1664
1893 1755
117 1223
767 890
278 1177
1278 885
469 1684
755 1123
1021 906
1569 1853
1204 979
799 838
978 334
30 1174
546 51
249 706
1518 481
420 1334
1920 1798
437 300
778 1828
1968 1252
1457 84
669 951
1920 1798
1145 1079
1155 780
562 642
1597 1999
1860 1045
599 18
1207 1230
1867 643
256 1952
214 451
377 1911
1933 1097
21 268
1770 1866
1511 1200
92 1510
8 429
225 310
561 1668
47 1697
434 1568
339 1239
1729 191
812 1220
1810 1981
1926 1529
302 978
1018 1842
1177 1705
770 48
1697 533
571 1954
1997 211
67 972
492 969
693 1845
1164 1067
1323 1215
537 1586
1839 1527
1145 1079
8 429
1298 1016
770 48
1362 1556
1272 1808
799 838
135 342
841 1886
1537 1063
777 784
811 1132
234 1307
346 359
1353 1629
525 974
541 395
291 622
1830 1117
1313 40
412 1020
1161 1673
270 1172
294 617
276 242
1810 1981
1334 1947
738 295
143 1641
317 1082
43 1814
1633 953
971 1365
551 1150
1726 1211
940 1975
1799 587
1932 65
1940 369
1805 1254
1692 1889
1744 744
394 299
525 974
789 1173
928 812
1128 701
1187 771
545 192
1813 623
69 639
1896 541
410 1001
305 964
667 315
1539 243
1121 1634
862 809
410 1001
391 1043
249 706
547 593
420 1334
990 586
601 1006
1165 1127
602 849
825 1617
1776 64
1194 428
1663 508
1262 1746
675 463
1593 200
431 881
1107 1793
151 791
232 1431
1551 27
1880 934
1783 908
896 1749
482 1592
1894 1284
1360 1745
1283 534
1224 893
6 1877
1821 777
1009 902
733 973
262 1650
1021 906
1038 1446
116 882
115 1548
1614 868
1928 1168
1461 413
265 995
225 310
15 787
339 1239
121 720
1072 94
888 67
200 816
1056 874
1023 461
785 45
907 745
889 696
37 72
1216 1038
1730 1437
1903 649
733 973
605 1619
1515 325
1449 486
1064 401
272 491
376 839
1147 1774
1068 66
1238 1314
1234 1068
797 1902
717 1384
1871 1870
1324 449
1698 335
1812 1010
1575 1432
1923 840
1836 542
1657 60
1925 610
194 263
1261 1514
1157 1191
1865 1899
270 1172
1164 1067
1242 1727
381 1075
1588 343
184 1513
1093 1091
1744 744
1139 1939
1471 1894
1319 859
776 421
340 1521
900 454
470 1776
736 1040
1594 62
1779 195
1890 1385
232 1431
1232 1883
1408 1108
1283 534
1049 1647
188 1361
1317 826
1143 1601
162 621
900 454
255 317
789 1173
437 300
694 1532
819 1460
815 1347
661 241
1324 449
1131 256
1346 678
1784 1128
416 1089
1291 1781
772 14
1756 1598
360 1066
824 1180
96 124
8 429
1876 961
1859 693
1316 1988
78 1951
1595 407
77 170
386 1146
944 1144
1684 1921
1419 1489
1569 1853
237 1310
428 185
382 1625
1471 1894
1120 1653
877 531
295 1295
1218 722
812 1220
1372 1934
1502 1023
1148 943
627 106
41 1813
1516 489
1271 1573
1920 1798
1894 1284
1968 1252
87 206
1155 780
1425 522
1917 962
404 1847
65 1973
1311 1933
1510 754
1118 302
143 1641
164 225
1456 281
1653 605
855 160
774 713
813 1265
1951 871
1918 1958
703 1030
1479 203
11 1031
698 408
566 257
1452 769
706 872
1921 286
1831 456
72 1209
689 341
612 977
1389 294
1776 64
590 566
1366 1857
1699 993
1154 144
1013 880
145 388
483 1869
1550 1274
116 882
442 1465
301 986
283 1912
1470 1840
350 942
749 640
1153 1115
658 1196
1635 1112
958 585
136 568
852 1992
101 1955
8 429
793 1000
633 726
639 1436
541 395
338 916
1735 1714
559 807
1692 1889
1491 779
264 1456
1203 1752
1054 1537
1426 1603
823 909
1329 209
494 1790
627 106
1361 1630
174 721
930 836
44 69
431 881
1775 278
605 1619
949 1525
1027 644
1199 1670
411 1546
1570 1154
875 1566
812 1220
1324 449
1493 190
650 1076
1862 981
1297 770
665 1591
1953 483
987 1920
315 1881
452 1070
13 1095
273 1273
1916 1856
1540 739
1900 755
1173 1706
1731 447
1334 1947
1263 832
1732 1060
650 1076
134 363
377 1911
295 1295
1926 1529
270 1172
1911 667
275 199
1969 1410
579 1694
1576 1499
1832 125
1243 105
1704 31
1692 1889
257 446
1494 933
1843 648
769 963
732 540
1451 631
1874 1205
1441 1086
374 609
1553 646
776 421
869 1526
352 1491
1676 1901
515 249
1924 1377
784 1936
1855 527
431 881
1530 1382
643 298
88 502
617 1703
1552 1468
1532 1562
1899 430
665 1591
920 1520
1076 976
551 1150
561 1668
1268 1269
236 378
1939 1401
1276 1890
122 130
1128 701
519 1682
1667 499
1985 1143
834 570
397 1241
169 1882
341 827
227 1207
710 1549
390 74
377 1911
546 51
612 977
1086 1540
1136 1502
1428 924
1417 1822
755 1123
1726 1211
1236 647
540 441
1772 1013
1760 1541
667 315
1588 343
561 1668
528 166
1335 629
1333 1507
1194 428
1708 1202
1728 1002
1781 1979
551 1150
9 1579
1374 749
1845 1862
950 703
1953 483
1687 1855
1447 590
606 857
1066 601
73 47
1239 400
505 276
237 1310
1451 631
285 494
94 500
897 1547
1935 1517
201 1242
1484 891
727 1056
1327 1948
1848 168
176 1005
389 1203
1200 1531
1346 678
404 1847
1024 603
1217 503
1264 1564
1134 1298
1168 1720
1769 250
999 1645
1476 360
190 453
1330 633
904 661
1043 917
1673 870
200 816
140 689
1760 1541
542 1854
739 1574
486 1915
1700 1702
968 1875
1440 227
133 671
714 33
1179 1221
394 299
876 377
1966 1138
1857 573
531 1192
1809 19
336 1268
1864 896
109 799
1972 1737
1949 404
1482 984
170 1034
175 1357
551 1150
1459 1765
1963 602
1341 571
125 81
125 81
491 275
538 659
1175 741
1865 1899
1179 1221
1219 1671
1221 139
1631 1371
883 1299
1560 740
1964 458
43 1814
531 1192
1459 1765
452 1070
1179 1221
1800 259
513 697
1272 1808
584 579
1456 281
718 1125
1377 1012
1451 631
529 905
445 128
249 706
1638 467
981 992
156 1102
911 205
246 1585
555 1832
1532 1562
369 1718
1866 246
1751 1599
679 1238
656 1101
1911 667
1595 407
78 1951
52 705
181 272
87 206
1545 1096
1715 1394
1451 631
186 291
548 1968
1089 1320
1533 1487
1081 994
1517 1166
918 886
628 1279
718 1125
29 56
1690 1740
979 1839
277 1742
995 1246
786 1319
828 1596
168 1077
56 1827
1414 1281
631 212
1280 30
1941 314
1532 1562
800 497
599 18
1158 715
1272 1808
194 263
1305 1341
1097 1291
1545 1096
862 809
276 242
802 116
1542 329
1944 1789
608 504
880 120
1903 649
1462 1099
1560 740
898 572
1619 1572
1561 1584
1176 675
615 1139
647 371
1821 777
1054 1537
810 245
1665 520
749 640
79 641
1279 16
157 911
331 285
244 1829
1110 1015
358 683
1921 286
1693 663
758 1415
628 1279
1122 1090
1525 478
410 1001
1422 1506
1096 968
1731 447
795 1480
1428 924
1005 517
781 1375
1206 1072
1233 1750
1765 1863
1995 267
1189 68
297 544
487 546
581 1149
65 1973
886 117
450 788
286 1664
1042 1509
1773 237
133 671
314 1362
1527 1825
253 1470
1548 1846
971 1365
1678 99
829 670
57 773
1736 35
1773 237
152 1259
200 816
901 1478
340 1521
110 164
1712 875
1960 460
1957 987
1072 94
1028 1953
468 637
319 398
376 839
972 1387
565 1376
250 1153
1846 1782
145 388
1682 1768
1270 501
866 42
351 863
1710 423
124 1797
531 1192
1812 1010
86 1300
780 920
340 1521
1132 1571
207 1448
883 1299
974 409
1369 776
334 1887
287 907
1492 853
1570 1154
313 1234
307 680
1073 1327
1044 684
1658 1843
7 1111
654 1885
51 1795
1530 1382
225 310
1509 344
1871 1870
334 1887
1908 1271
1793 1983
477 1708
613 1439
1783 908
1655 925
1019 232
213 98
113 822
1439 476
633 726
1097 1291
142 34
705 528
190 453
1263 832
1763 1113
1497 138
582 25
1756 1598
1081 994
225 310
1317 826
772 14
179 690
570 1342
1108 718
1579 1011
297 544
644 238
758 1415
51 1795
534 538
894 121
1289 1515
160 970
1409 723
1023 461
662 1698
226 730
1661 1970
832 1358
926 954
610 484
71 873
1 436
123 23
473 1084
392 1228
942 417
1061 426
925 115
892 1661
1367 1605
813 1265
1253 1389
103 815
308 600
1430 1142
952 306
1350 1201
311 118
495 1021
725 1381
1780 619
1078 1935
1487 1580
1301 1536
1408 1108
254 1753
1298 1016
229 958
1891 514
1608 1037
1423 134
1600 1893
638 179
1615 1124
353 352
1347 109
1587 1455
1879 279
1265 805
83 6
445 128
1499 391
359 1519
817 1458
1015 1602
505 276
1263 832
1781 1979
932 830
1881 309
1679 1770
977 488
1992 1107
327 1644
692 613
1510 754
657 2000
1130 1488
13 1095
226 730
1704 31
148 1247
1378 229
432 41
381 1075
275 199
251 326
816 794
1148 943
1094 1293
993 1248
1985 1143
499 1400
626 1447
1782 516
1065 1282
996 1352
283 1912
1926 1529
111 187
367 75
566 257
238 955
618 1695
424 1356
535 1276
1875 1463
1126 157
841 1886
618 1695
1 436
1303 1226
303 1388
563 736
1814 63
1253 1389
309 1161
1531 1187
1309 1151
1943 104
1790 462
149 280
143 1641
1167 1624
575 1959
1609 127
1393 204
216 1764
640 817
1183 1121
1660 1483
1521 482
1825 1709
1366 1857
36 594
192 536
128 1018
769 963
1379 1787
1073 1327
1847 1995
902 1412
1896 541
949 1525
393 223
1661 1970
1751 1599
1968 1252
622 915
639 1436
575 1959
1210 1217
722 1189
883 1299
413 1493
912 1199
1788 677
983 1120
866 42
752 1942
527 803
1107 1793
184 1513
1130 1488
511 1251
1607 1360
1865 1899
479 1064
9 1579
1706 55
1344 1542
50 218
506 140
821 222
253 1470
1931 980
1542 329
432 41
464 367
1246 1861
409 406
709 558
829 670
491 275
1668 351
465 1611
1733 1987
1681 848
714 33
760 1471
1957 987
1535 1184
1248 1927
1859 693
1486 511
1076 976
736 1040
1459 1765
266 1442
772 14
947 1609
1579 1011
858 724
1353 1629
434 1568
1383 1595
535 1276
318 338
1403 1736
954 1600
1853 1474
1783 908
1039 1905
201 1242
341 827
1365 473
1803 1326
1212 36
1017 1879
1452 769
1602 967
1133 1351
640 817
489 523
1307 1777
30 1174
753 869
435 574
950 703
164 225
1902 608
1133 1351
633 726
1996 1918
797 1902
109 799
1284 1359
1294 1292
559 807
282 793
1979 1672
646 521
886 117
1565 52
784 1936
1044 684
1315 1233
399 1590
1105 952
1827 581
260 997
429 1747
1242 1727
1828 1759
1712 875
1792 97
373 1263
1576 1499
724 1411
453 230
472 46
379 389
957 801
1857 573
1424 1712
1556 416
1754 1504
1927 1785
375 1826
500 1204
1330 633
496 1802
1093 1091
1090 1811
1471 1894
1094 1293
1108 718
1870 1655
774 713
1336 159
235 1098
545 192
1006 1222
654 1885
155 149
1780 619
1480 841
758 1415
1951 871
158 1475
1946 938
1562 1801
986 1965
896 1749
439 411
177 1466
1255 1469
1739 746
1027 644
1111 188
1794 1963
1832 125
536 254
1483 837
57 773
1146 1397
1892 1409
1956 673
1224 893
1407 403
1793 1983
1813 623
189 270
349 752
1851 1054
1452 769
1121 1634
21 268
1829 1482
1368 1524
40 1156
1710 423
850 1587
328 1757
1827 581
1825 1709
804 1612
1446 1977
731 107
1769 250
280 654
1548 1846
38 820
1224 893
1611 766
678 923
126 1758
346 359
1481 584
710 1549
1895 393
1328 43
1906 653
1229 496
555 1832
260 997
1678 99
292 217
1837 559
472 46
1760 1541
153 151
1717 1929
658 1196
1284 1359
1010 1691
884 1632
1493 190
1218 722
1023 461
1066 601
758 1415
1953 483
1061 426
343 1837
1629 1122
1353 1629
922 914
1999 549
840 32
638 179
1217 503
41 1813
356 176
882 1597
486 1915
296 960
1721 1909
1312 479
358 683
792 596
1849 513
199 1731
1234 1068
903 669
755 1123
1536 1511
1394 1178
1217 503
1792 97
760 1471
966 1733
1389 294
862 809
21 268
1471 1894
1348 1328
486 1915
1129 834
985 180
820 493
62 1229
739 1574
879 1604
785 45
725 1381
980 220
1327 1948
175 1357
1248 1927
1458 583
216 1764
1123 1588
1763 1113
669 951
1882 1850
74 122
1216 1038
277 1742
1598 1019
594 1473
38 820
739 1574
1469 897
393 223
872 1321
1735 1714
487 546
1858 422
620 1799
753 869
1164 1067
1436 733
1791 297
787 850
1448 505
897 1547
274 1181
727 1056
475 1803
1196 262
1380 1640
1473 1433
298 1451
339 1239
1233 1750
311 118
1597 1999
504 1213
1439 476
1558 312
825 1617
318 338
688 53
585 1216
1463 366
1318 271
5 1185
1283 534
1134 1298
426 162
1056 874
859 269
1953 483
407 1984
961 618
282 793
798 158
1284 1359
515 249
637 316
1897 1390
1184 750
1792 97
1308 1094
996 1352
1502 1023
377 1911
381 1075
57 773
1763 1113
615 1139
1752 1041
1369 776
1686 215
161 1237
1349 1614
937 175
1198 1033
78 1951
493 599
212 918
872 1321
335 5
1112 443
1549 425
1796 385
181 272
333 1678
1663 508
156 1102
1821 777
50 218
1966 1138
1173 1706
507 539
90 1140
43 1814
563 736
1552 1468
1131 256
326 628
454 177
1111 188
1296 1692
234 1307
511 1251
101 1955
872 1321
1111 188
923 284
975 1049
1777 264
420 1334
831 759
1911 667
225 310
1850 71
704 1971
198 1444
1718 1044
1323 1215
1351 1937
904 661
215 1022
1625 1258
1664 7
916 941
1572 1322
153 151
755 1123
1246 1861
1771 1888
1923 840
1599 1048
1405 1159
599 18
1861 547
163 1657
279 1903
887 1256
566 257
1069 1416
1942 469
1009 902
934 1689
1975 135
1476 360
405 1622
1284 1359
1296 1692
1715 1394
360 1066
1240 11
550 1543
1578 136
1717 1929
221 821
1640 119
317 1082
755 1123
398 73
720 1623
1782 516
562 642
1026 1569
1638 467
825 1617
1488 50
248 620
1982 266
286 1664
594 1473
187 1176
1079 900
1437 1454
1077 1654
808 384
844 1969
1153 1115
1764 1353
1045 1423
708 82
284 742
1707 1831
1890 1385
612 977
1317 826
1991 236
277 1742
1750 808
407 1984
403 1135
483 1869
119 1459
1762 1219
1602 967
1978 349
65 1973
979 1839
1389 294
1559 1136
1482 984
1879 279
124 1797
402 1029
956 111
659 768
836 372
454 177
1256 383
1276 1890
1351 1937
470 1776
347 567
858 724
1994 1627
332 1732
64 184
1804 1481
660 582
144 61
1393 204
1453 662
576 1897
781 1375
1896 541
1627 1996
912 1199
1469 897
1157 1191
402 1029
1685 560
488 54
1038 1446
1611 766
1729 191
1283 534
1080 1039
1827 581
1392 1131
1560 740
33 1472
1862 981
983 1120
936 1461
700 1982
910 1464
1895 393
1006 1222
1600 1893
1398 143
1477 1651
1386 1350
414 1669
1937 397
1943 104
843 552
1925 610
911 205
62 1229
1254 1910
1530 1382
1258 1290
707 846
800 497
1041 926
1633 953
648 308
297 544
1746 1339
1822 591
1140 569
1640 119
1973 657
531 1192
1832 125
1628 70
908 785
504 1213
1476 360
1298 1016
758 1415
1966 1138
1160 150
1496 131
496 1802
706 872
287 907
1388 163
920 1520
1763 1113
1057 91
1752 1041
564 966
910 1464
1826 1775
899 318
342 1729
1948 1162
809 239
1617 1763
1131 256
1985 1143
1661 1970
1019 232
749 640
463 1267
264 1456
1360 1745
1907 1666
1681 848
1162 763
12 244
1307 1777
1893 1755
21 268
1134 1298
1570 1154
853 1773
326 628
438 2
837 562
1589 656
1314 1335
1684 1921
134 363
152 1259
1198 1033
1853 1474
972 1387
1469 897
306 1171
827 346
93 1126
977 488
1823 1405
1014 1848
1233 1750
1896 541
322 921
654 1885
1906 653
1679 1770
1023 461
1997 211
778 1828
889 696
119 1459
322 921
890 480
1266 1895
1443 1516
618 1695
1743 15
1774 927
379 389
1908 1271
374 609
1934 1441
68 802
1242 1727
728 660
958 585
904 661
1732 1060
20 529
418 435
508 1260
498 1304
1329 209
1398 143
62 1229
225 310
580 324
56 1827
325 1989
1958 1940
1364 829
1932 65
854 287
1143 1601
664 1294
222 1570
962 589
1771 1888
1125 1137
515 249
1618 216
995 1246
1264 1564
1903 649
441 1539
1749 695
454 177
1406 1345
1250 1583
1677 634
20 529
714 33
857 1363
444 304
34 1534
310 1615
330 178
1210 1217
533 1919
34 1534
1430 1142
64 184
1100 635
246 1585
1589 656
1349 1614
1743 15
1531 1187
867 1637
637 316
858 724
167 760
1511 1200
1508 884
846 396
822 1648
1980 1224
922 914
1202 1635
669 951
907 745
1021 906
1686 215
819 1460
893 519
803 1443
987 1920
1137 1561
1924 1377
767 890
189 270
232 1431
1190 1422
1740 1311
1806 251
1788 677
103 815
1079 900
1717 1929
1233 1750
423 707
1277 323
1821 777
323 1332
891 1343
1527 1825
275 199
1060 753
448 59
1273 1366
1955 783
1254 1910
1282 1681
1072 94
1465 1035
1704 31
929 1275
1507 1354
1347 109
803 1443
1768 767
1272 1808
567 132
1505 1080
1506 1788
4 1288
908 785
759 737
1355 198
1685 560
1780 619
24 524
316 1285
559 807
550 1543
1274 612
717 1384
1856 133
368 1907
1517 1166
1374 749
1719 526
744 21
1730 1437
1852 990
518 228
594 1473
667 315
1053 1663
13 1095
663 1818
1139 1939
855 160
955 545
679 1238
759 737
1536 1511
1390 85
1111 188
1365 473
1851 1054
1528 1834
124 1797
1036 1560
1695 1316
398 73
981 992
1655 925
267 795
421 1372
951 1594
867 1637
575 1959
885 758
1059 761
1504 575
630 277
1131 256
567 132
648 308
1207 1230
1826 1775
236 378
1881 309
1410 1027
1827 581
1165 1127
1015 1602
713 1417
143 1641
930 836
181 272
359 1519
669 951
1877 1212
984 282
290 624
1081 994
1415 676
1753 1830
1408 1108
1198 1033
45 292
1361 1630
1702 92
643 298
1478 698
271 1754
1354 965
780 920
1318 271
1980 1224
1891 514
131 658
27 1761
751 1557
718 1125
602 849
1921 286
1392 1131
1714 598
1561 1584
253 1470
1010 1691
120 1110
1486 511
14 1949
850 1587
845 258
1931 980
1720 197
474 1073
1608 1037
1665 520
355 1724
307 680
706 872
1760 1541
1007 79
1105 952
1810 1981
1950 1620
6 1877
1538 1373
1804 1481
560 1074
818 1424
1743 15
402 1029
1660 1483
683 1369
1224 893
1605 931
1420 357
1371 1943
1882 1850
235 1098
91 1103
1860 1045
123 23
484 735
1644 1025
1340 928
1265 805
742 189
1936 1280
1147 1774
1666 112
1012 1065
331 285
430 438
207 1448
1564 919
352 1491
1433 1406
1934 1441
286 1664
1818 1779
1200 1531
283 1912
1820 1741
1818 1779
1787 665
297 544
1621 515
917 386
1230 1563
598 1026
1591 764
953 123
638 179
353 352
758 1415
397 1241
629 681
1589 656
905 437
310 1615
340 1521
1730 1437
1362 1556
1608 1037
1654 156
1441 1086
1804 1481
764 100
1308 1094
1042 1509
1110 1015
1071 337
504 1213
547 593
342 1729
34 1534
520 1810
1824 1659
1692 1889
1212 36
845 258
568 679
1356 1278
1461 413
323 1332
180 1817
804 1612
405 1622
915 193
1653 605
407 1984
920 1520
1920 1798
809 239
1692 1889
687 1092
1036 1560
870 1679
956 111
61 592
134 363
1093 1091
1042 1509
1953 483
1573 1762
1838 1052
790 147
1356 1278
1458 583
550 1543
1694 845
1831 456
567 132
345 1227
445 128
1215 353
9 1579
970 1404
1607 1360
268 1118
1115 1914
1859 693
634 247
774 713
1392 1131
1056 874
1068 66
992 1518
1712 875
742 189
4 1288
1122 1090
1797 913
1926 1529
1430 1142
93 1126
1724 879
1368 1524
499 1400
1738 303
1826 1775
386 1146
604 1081
1804 1481
855 160
1046 252
1419 1489
261 929
1937 397
853 1773
253 1470
1130 1488
877 531
1048 9
1522 1660
768 894
982 1800
760 1471
637 316
645 17
894 121
476 102
1284 1359
1665 520
1268 1269
1186 1009
1503 1607
402 1029
466 319
112 1163
1344 1542
772 14
1124 887
871 1338
641 1419
1020 1685
133 671
722 1189
20 529
213 98
1773 237
777 784
338 916
168 1077
530 202
3 604
599 18
550 1543
1004 1884
1267 1445
1916 1856
1601 1778
175 1357
1360 1745
566 257
539 1582
565 1376
450 788
1742 1581
692 613
276 242
424 1356
1170 1355
449 293
706 872
143 1641
695 414
150 860
1005 517
1020 1685
1256 383
1674 856
548 1968
522 1225
1554 1485
1684 1921
1532 1562
1584 666
1899 430
1365 473
125 81
1795 932
150 860
1118 302
1315 1233
1454 798
1407 403
610 484
377 1911
1895 393
81 402
685 944
1138 231
370 774
1179 1221
1363 554
1153 1115
1741 1593
728 660
1794 1963
718 1125
111 187
922 914
1815 1956
649 1195
1561 1584
1575 1432
862 809
480 711
817 1458
2000 1683
1418 835
401 1726
179 690
252 1193
1666 112
217 129
39 214
1920 1798
835 1395
661 241
1954 557
1791 297
1896 541
676 273
873 1550
724 1411
1007 79
840 32
1458 583
1694 845
1906 653
290 624
966 1733
889 696
890 480
139 1538
1621 515
954 1600
1361 1630
935 1964
1659 1104
78 1951
158 1475
1317 826
596 1734
596 1734
222 1570
304 1528
1096 968
794 811
18 470
53 1874
106 1114
300 87
78 1951
1724 879
1526 374
1926 1529
1702 92
1103 57
1488 50
1185 632
185 153
1254 1910
413 1493
1996 1918
21 268
1209 288
1136 1502
1479 203
521 1450
1307 1777
689 341
541 395
907 745
683 1369
556 1558
1279 16
455 1766
1260 912
1022 1270
1868 982
1585 274
117 1223
853 1773
611 248
1 436
862 809
1222 1687
287 907
1061 426
1590 1236
865 83
767 890
1981 1530
82 1496
856 49
136 568
1305 1341
1736 35
1980 1224
1323 1215
1120 1653
212 918
1072 94
354 1991
419 1427
287 907
146 1849
899 318
1510 754
1691 1878
425 1508
779 1873
515 249
1018 1842
1256 383
916 941
292 217
741 173
1642 1296
1216 1038
1860 1045
380 1078
1031 235
352 1491
902 1412
1416 1501
1395 1093
802 116
105 935
1612 1972
1097 1291
65 1973
202 1631
1784 1128
1699 993
1898 219
1134 1298
2 1403
200 816
1279 16
820 493
1074 1116
1981 1530
1141 208
161 1237
1075 12
568 679
1079 900
869 1526
1946 938
534 538
448 59
1330 633
538 659
1381 867
695 414
58 1244
38 820
587 331
596 1734
1443 1516
762 756
1170 1355
1766 1674
1228 1167
1150 506
323 1332
1258 1290
470 1776
798 158
1476 360
741 173
1392 1131
628 1279
1571 1175
202 1631
681 1791
1073 1327
1352 1756
1357 10
411 1546
383 1042
711 492
1426 1603
638 179
1318 271
1436 733
696 1812
1026 1569
1503 1607
912 1199
1971 1036
281 1739
727 1056
1308 1094
925 115
750 452
154 1303
573 1833
823 909
1810 1981
1972 1737
1896 541
1619 1572
1949 404
177 1466
642 320
1904 350
1975 135
1177 1705
1303 1226
838 321
1630 1333
780 920
1460 651
1584 666
975 1049
1614 868
798 158
854 287
1501 1346
1170 1355
1537 1063
1386 1350
1526 374
938 1190
1958 1940
141 1476
1064 401
494 1790
197 1723
780 920
1672 1792
740 1928
1553 646
1478 698
1648 1386
1532 1562
532 181
1718 1044
1715 1394
247 1367
1963 602
855 160
1036 1560
1303 1226
749 640
226 730
1337 1165
1407 403
540 441
921 1900
1558 312
363 1148
119 1459
591 490
725 1381
729 22
249 706
1153 1115
156 1102
95 1370
1355 198
1069 1416
1764 1353
1734 221
1788 677
596 1734
1146 1397
341 827
538 659
796 1407
263 90
1961 1046
1201 1589
1187 771
348 1062
1240 11
1124 887
1345 1555
531 1192
373 1263
1375 1719
894 121
980 220
825 1617
1303 1226
679 1238
44 69
408 1408
113 822
1025 1767
103 815
1914 1057
339 1239
486 1915
1611 766
685 944
1151 595
1773 237
152 1259
459 1434
278 1177
45 292
1087 405
129 1658
1304 1194
1498 1931
1868 982
321 88
1903 649
497 1835
477 1708
187 1176
1221 139
1421 1824
1593 200
1821 777
794 811
1573 1762
1816 578
172 1109
726 1169
729 22
681 1791
1143 1601
1833 699
693 1845
1443 1516
1959 1208
526 1998
1476 360
1133 1351
1893 1755
1318 271
419 1427
516 1420
1474 738
1172 1088
555 1832
1569 1853
723 1134
1696 1336
1780 619
424 1356
973 37
15 787
738 295
1687 1855
1225 1535
1610 1313
1340 928
120 1110
964 1944
1184 750
136 568
126 1758
1964 458
1259 1262
1468 311
349 752
283 1912
1123 1588
1957 987
1216 1038
77 170
763 1059
1945 167
1811 333
1991 236
1496 131
372 1331
1591 764
1553 646
829 670
1367 1605
1112 443
1784 1128
1899 430
1554 1485
653 1418
693 1845
853 1773
982 1800
1479 203
1082 731
1489 1677
1691 1878
1598 1019
1078 1935
1005 517
1498 1931
788 439
1688 672
237 1310
285 494
1195 450
1847 1995
1831 456
492 969
303 1388
1409 723
1215 353
1557 1324
506 140
1332 1261
1333 1507
71 873
1214 1646
807 313
1088 1816
1998 1656
361 96
722 1189
1364 829
670 495
11 1031
403 1135
1179 1221
519 1682
1390 85
204 1966
1292 757
1129 834
915 193
331 285
329 1974
1039 1905
33 1472
1366 1857
257 446
752 1942
62 1229
822 1648
1691 1878
410 1001
1368 1524
1783 908
115 1548
471 1553
737 930
1506 1788
1759 182
1226 44
546 51
1351 1937
438 2
303 1388
1390 85
1256 383
1237 989
267 795
1416 1501
1242 1727
919 1786
1856 133
1472 537
1579 1011
1781 1979
1105 952
1352 1756
496 1802
291 622
257 446
547 593
1617 1763
1232 1883
1371 1943
918 886
1773 237
1829 1482
1119 1967
1851 1054
1515 325
1231 431
239 786
668 1380
494 1790
469 1684
1487 1580
139 1538
321 88
958 585
1550 1274
1551 27
1352 1756
1072 94
884 1632
1487 1580
1389 294
590 566
666 1323
1919 1266
544 959
18 470
663 1818
617 1703
969 1986
1412 1636
333 1678
637 316
861 1823
378 1567
1257 1130
696 1812
963 108
129 1658
212 918
1522 1660
1270 501
40 1156
979 1839
1580 778
1923 840
540 441
1974 1796
975 1049
931 126
1816 578
1456 281
1412 1636
1584 666
1975 135
31 1277
1669 1007
80 224
930 836
1492 853
768 894
1570 1154
1820 1741
1798 394
965 1141
232 1431
757 876
1469 897
1655 925
1228 1167
333 1678
1074 1116
191 1769
561 1668
984 282
442 1465
1212 36
658 1196
1140 569
1089 1320
717 1384
1240 11
46 985
1573 1762
1343 1523
1062 415
1734 221
384 432
126 1758
555 1832
1415 676
1656 1071
1237 989
98 864
233 1157
675 463
15 787
898 572
875 1566
1652 800
1052 1053
673 790
961 618
569 1105
1874 1205
1666 112
1199 1670
8 429
1059 761
1149 1852
1879 279
112 1163
1337 1165
131 658
1658 1843
1114 1425
1574 551
1544 348
860 814
547 593
1187 771
413 1493
1728 1002
638 179
892 1661
1994 1627
1579 1011
2 1403
1208 1179
756 1232
1102 1841
1232 1883
765 1231
1207 1230
1693 663
1779 195
1458 583
16 1710
1018 1842
894 121
471 1553
731 107
1077 1654
392 1228
1659 1104
125 81
1237 989
43 1814
946 813
1948 1162
1398 143
1855 527
285 494
656 1101
863 1500
446 1639
1805 1254
536 254
1062 415
1346 678
1970 1414
129 1658
1801 1243
1985 1143
1430 1142
1426 1603
25 466
180 1817
1486 511
179 690
713 1417
618 1695
1106 709
636 1851
1623 616
986 1965
1484 891
1350 1201
1564 919
1203 1752
24 524
142 34
859 269
958 585
315 1881
798 158
1198 1033
985 180
897 1547
1685 560
1776 64
1895 393
76 434
1578 136
9 1579
1819 1004
492 969
650 1076
978 334
273 1273
685 944
539 1582
1642 1296
1857 573
924 1426
1481 584
341 827
1656 1071
1758 1438
768 894
84 719
998 1633
1523 532
928 812
1514 1340
1481 584
639 1436
1653 605
874 957
414 1669
1823 1405
168 1077
1508 884
1985 1143
1169 576
1985 1143
1687 1855
315 1881
1546 883
31 1277
1452 769
1141 208
1570 1154
622 915
808 384
106 1114
1773 237
137 792
1065 1282
366 525
1529 878
680 457
826 4
802 116
890 480
288 1197
404 1847
720 1623
269 1576
600 983
196 580
558 464
437 300
973 37
839 336
1588 343
925 115
1434 806
204 1966
1905 183
1128 701
1865 1899
7 1111
508 1260
552 142
382 1625
1471 1894
402 1029
1540 739
1376 530
760 1471
170 1034
1868 982
1607 1360
1766 1674
1860 1045
1476 360
1291 1781
1528 1834
1677 634
1566 410
1463 366
613 1439
292 217
1727 442
980 220
1737 775
365 356
341 827
1202 1635
1254 1910
121 720
33 1472
486 1915
393 223
449 293
1005 517
832 1358
299 743
767 890
1957 987
1097 1291
1578 136
1200 1531
1849 513
1761 322
391 1043
782 39
376 839
681 1791
1922 1760
730 1379
1495 866
1006 1222
352 1491
672 1014
1578 136
1103 57
338 916
1793 1983
1113 1484
1897 1390
886 117
1659 1104
89 1993
1012 1065
433 824
341 827
1697 533
302 978
1266 1895
1781 1979
812 1220
920 1520
297 544
1764 1353
1550 1274
306 1171
1550 1274
1531 1187
191 1769
1844 1378
574 152
1268 1269
1711 1906
1672 1792
226 730
531 1192
1868 982
1874 1205
654 1885
89 1993
1211 903
23 207
1514 1340
301 986
746 1399
1267 1445
962 589
83 6
923 284
462 474
1621 515
1961 1046
63 8
1566 410
6 1877
1311 1933
819 1460
573 1833
1378 229
174 721
301 986
1821 777
529 905
467 1554
423 707
1109 948
351 863
958 585
1710 423
10 1024
1815 1956
1058 305
1381 867
204 1966
415 1253
482 1592
1122 1090
1099 110
665 1591
201 1242
581 1149
1660 1483
1246 1861
1184 750
1056 874
289 487
1854 1344
892 1661
1562 1801
997 627
1712 875
952 306
109 799
1631 1371
79 641
777 784
1046 252
1045 1423
1937 397
522 1225
1950 1620
939 625
284 742
1708 1202
691 1003
1246 1861
1304 1194
1941 314
491 275
596 1734
270 1172
608 504
1987 347
1806 251
176 1005
1165 1127
1553 646
504 1213
1818 1779
1610 1313
117 1223
1560 740
1916 1856
178 1707
1123 1588
84 719
1598 1019
1484 891
796 1407
450 788
1910 93
493 599
1805 1254
396 1997
1711 1906
968 1875
1215 353
1793 1983
1936 1280
970 1404
1853 1474
1125 1137
1921 286
741 173
634 247
381 1075
1090 1811
1041 926
326 628
145 388
768 894
33 1472
211 1398
1599 1048
1995 267
22 1876
839 336
1345 1555
1940 369
1985 1143
497 1835
795 1480
1204 979
1772 1013
77 170
1556 416
1989 1486
85 1245
601 1006
1758 1438
1710 423
679 1238
1209 288
589 89
1888 1
1988 424
491 275
755 1123
650 1076
816 794
267 795
1355 198
16 1710
302 978
640 817
114 1916
1892 1409
934 1689
704 1971
1354 965
1797 913
1218 722
989 796
1013 880
1691 1878
389 1203
1884 1047
1477 1651
752 1942
480 711
522 1225
1781 1979
784 1936
1672 1792
1801 1243
1143 1601
22 1876
621 1559
1253 1389
61 592
175 1357
1614 868
1924 1377
1190 1422
1147 1774
169 1882
217 129
1170 1355
348 1062
964 1944
1218 722
1492 853
1664 7
1371 1943
1307 1777
828 1596
569 1105
279 1903
1068 66
1634 688
908 785
1445 708
636 1851
528 166
111 187
1583 20
628 1279
1786 387
1802 390
1673 870
1516 489
886 117
105 935
915 193
1681 848
1513 1552
1102 1841
1952 1716
399 1590
1246 1861
713 1417
1458 583
362 240
1817 636
1034 714
1044 684
353 352
4 1288
1192 1495
1013 880
1202 1635
1277 323
1281 1577
26 1821
451 1170
1572 1322
323 1332
59 999
1448 505
1638 467
1685 560
115 1548
272 491
523 1050
1227 1815
872 1321
335 5
1357 10
705 528
1586 1100
1080 1039
744 21
912 1199
1449 486
1929 1008
938 1190
1260 912
1008 307
861 1823
140 689
1764 1353
1782 516
1880 934
31 1277
1793 1983
501 728
198 1444
951 1594
231 1917
1293 419
1945 167
1309 1151
90 1140
1899 430
543 1806
819 1460
258 1435
157 911
1464 1930
1408 1108
734 630
1941 314
1192 1495
1922 1760
799 838
166 1348
45 292
1959 1208
282 793
1237 989
1846 1782
409 406
1921 286
1435 1133
863 1500
352 1491
1745 1794
1153 1115
1518 481
1864 896
314 1362
1872 1058
1687 1855
1561 1584
975 1049
258 1435
49 614
226 730
1109 948
839 336
1249 781
77 170
1674 856
1232 1883
501 728
890 480
134 363
1587 1455
584 579
1402 1690
969 1986
311 118
650 1076
1015 1602
140 689
538 659
1941 314
519 1682
1534 418
645 17
788 439
1085 847
1306 1264
516 1420
283 1912
1220 86
1384 1809
458 340
1398 143
1025 1767
1740 1311
636 1851
1318 271
1573 1762
188 1361
336 1268
370 774
1543 1638
878 588
75 1545
143 1641
1461 413
1549 425
69 639
92 1510
1823 1405
1686 215
725 1381
209 946
918 886
907 745
1381 867
1622 1961
1394 1178
291 622
1149 1852
1498 1931
98 864
883 1299
1631 1371
1040 1575
1407 403
280 654
1152 1836
1850 71
1570 1154
142 34
1257 1130
1250 1583
250 1153
823 909
1274 612
365 356
479 1064
1547 1898
1857 573
1852 990
275 199
412 1020
399 1590
331 285
481 330
1930 1317
1285 375
1274 612
1167 1624
474 1073
336 1268
936 1461
776 421
1125 1137
1799 587
1221 139
1085 847
1874 1205
367 75
447 399
922 914
840 32
431 881
1273 1366
1695 1316
1851 1054
1512 704
410 1001
91 1103
67 972
1796 385
949 1525
1183 1121
1271 1573
1083 1704
1928 1168
1487 1580
1606 28
150 860
1554 1485
884 1632
1047 1301
355 1724
1701 674
477 1708
1926 1529
1832 125
1906 653
1847 1995
981 992
268 1118
291 622
43 1814
550 1543
338 916
805 376
583 1772
1480 841
655 888
771 804
909 1449
1896 541
580 324
1161 1673
250 1153
1406 1345
715 444
166 1348
500 1204
1956 673
1413 1061
949 1525
844 1969
76 434
23 207
1689 1210
1449 486
1864 896
268 1118
897 1547
1445 708
155 149
1366 1857
1077 1654
1764 1353
382 1625
1958 1940
1032 507
943 114
1387 101
1506 1788
416 1089
1184 750
1840 1479
828 1596
75 1545
1107 1793
1043 917
620 1799
495 1021
933 854
788 439
918 886
219 1608
457 1962
1575 1432
751 1557
688 53
1463 366
679 1238
1097 1291
1837 559
1467 1924
400 831
1946 938
1419 1489
1043 917
619 652
887 1256
349 752
615 1139
974 409
1361 1630
1319 859
8 429
537 1586
1626 95
1748 828
1113 1484
935 1964
1803 1326
1173 1706
483 1869
1761 322
1788 677
644 238
813 1265
1558 312
356 176
1310 1976
815 1347
1971 1036
833 1462
1160 150
159 947
1195 450
1739 746
1023 461
1024 603
1185 632
1052 1053
1459 1765
628 1279
538 659
704 1971
728 660
1055 1257
1963 602
1327 1948
407 1984
1725 865
1792 97
262 1650
1191 1325
899 318
804 1612
1049 1647
1788 677
516 1420
1380 1640
1158 715
556 1558
1431 472
96 124
1971 1036
833 1462
1553 646
144 61
1031 235
900 454
1053 1663
1734 221
1996 1918
929 1275
864 161
615 1139
1991 236
467 1554
28 765
950 703
769 963
1659 1104
1966 1138
1266 1895
1315 1233
1821 777
1030 1337
179 690
1308 1094
1218 722
205 1164
1406 1345
1221 139
1842 233
1771 1888
1772 1013
13 1095
1268 1269
882 1597
15 787
30 1174
431 881
727 1056
1340 928
197 1723
1883 498
506 140
1902 608
352 1491
312 58
762 756
233 1157
902 1412
1937 397
1018 1842
1856 133
1446 1977
1894 1284
1150 506
1979 1672
1988 424
1035 1913
1739 746
190 453
1603 3
1147 1774
658 1196
1979 1672
1873 1717
1848 168
836 372
1742 1581
825 1617
1600 1893
1470 1840
685 944
1344 1542
751 1557
586 1374
216 1764
1788 677
1554 1485
1809 19
754 1119
1884 1047
175 1357
756 1232
1518 481
735 615
736 1040
1372 1934
495 1021
720 1623
106 1114
324 354
1299 1891
1046 252
1237 989
1351 1937
1548 1846
1660 1483
1019 232
1475 373
1100 635
1759 182
1455 1783
1778 1453
497 1835
691 1003
1949 404
1073 1327
1973 657
1204 979
771 804
1432 234
1396 345
1865 1899
1303 1226
1687 1855
1653 605
155 149
1429 1106
791 607
1718 1044
1451 631
1268 1269
1485 1751
616 1819
1692 1889
371 712
1067 852
1003 370
825 1617
1813 623
775 1396
1193 1686
1534 418
413 1493
141 1476
751 1557
1806 251
363 1148
1583 20
1215 353
863 1500
189 270
297 544
1424 1712
1792 97
480 711
1049 1647
1645 1784
909 1449
1343 1523
539 1582
1301 1536
800 497
1321 1477
210 78
1559 1136
970 1404
1478 698
440 1430
290 624
1665 520
1722 1860
823 909
1962 1565
1379 1787
1752 1041
784 1936
1361 1630
1505 1080
488 54
1147 1774
1561 1584
1011 465
1982 266
852 1992
457 1962
1296 1692
1817 636
1120 1653
912 1199
1135 1289
1251 1675
1677 634
1551 27
1629 1122
1073 1327
1354 965
213 98
1814 63
1831 456
751 1557
1466 1186
1517 1166
62 1229
1490 823
840 32
1517 1166
1057 91
916 941
1370 561
1986 734
1170 1355
1402 1690
1529 878
1243 105
1774 927
1626 95
868 1649
736 1040
825 1617
924 1426
1650 1578
917 386
1088 1816
369 1718
482 1592
720 1623
91 1103
1863 1393
440 1430
121 720
1524 1308
1387 101
1711 1906
42 732
2000 1683
478 1871
1709 103
886 117
930 836
1693 663
737 930
178 1707
1983 565
1545 1096
307 680
1811 333
1912 901
94 500
1232 1883
474 1073
292 217
141 1476
692 613
587 331
1315 1233
1591 764
693 1845
1067 852
52 705
941 1613
1200 1531
823 909
145 388
1868 982
1424 1712
262 1650
531 1192
1102 1841
1904 350
803 1443
1591 764
924 1426
134 363
827 346
1732 1060
99 550
662 1698
1295 655
1754 1504
43 1814
1016 332
963 108
741 173
256 1952
589 89
1545 1096
1859 693
1898 219
68 802
981 992
534 538
235 1098
1388 163
1356 1278
578 361
1823 1405
1995 267
1369 776
668 1380
196 580
1343 1523
826 4
1886 459
1544 348
203 420
1045 1423
1752 1041
1470 1840
1634 688
1106 709
1038 1446
1547 1898
1159 694
592 1051
698 408
540 441
68 802
1132 1571
313 1234
1542 329
1120 1653
1829 1482
506 140
1533 1487
1387 101
1508 884
205 1164
424 1356
1968 1252
162 621
1113 1484
1795 932
1044 684
919 1786
816 794
1082 731
901 1478
1266 1895
721 700
566 257
1099 110
551 1150
1869 1152
754 1119
1581 1505
283 1912
680 457
424 1356
745 255
1936 1280
1136 1502
1425 522
1813 623
617 1703
527 803
1447 590
477 1708
1580 778
287 907
364 998
1298 1016
416 1089
1202 1635
336 1268
928 812
1173 1706
1130 1488
1676 1901
1968 1252
756 1232
88 502
341 827
170 1034
206 1182
1750 808
314 1362
1556 416
1590 1236
605 1619
406 1402
61 592
1043 917
1266 1895
456 210
1784 1128
731 107
474 1073
1707 1831
196 580
1068 66
239 786
748 1908
1558 312
1614 868
720 1623
1769 250
1761 322
322 921
844 1969
1650 1578
1909 1129
550 1543
604 1081
1512 704
1130 1488
1180 1728
361 96
1770 1866
1810 1981
977 488
1709 103
1691 1878
132 1457
1832 125
553 1383
1704 31
1548 1846
41 1813
115 1548
978 334
892 1661
599 18
1520 747
986 1965
333 1678
742 189
625 898
1705 991
982 1800
1105 952
1041 926
1155 780
1210 1217
751 1557
576 1897
1604 448
1738 303
731 107
352 1491
1898 219
511 1251
918 886
1259 1262
206 1182
148 1247
1809 19
616 1819
1318 271
825 1617
1793 1983
201 1242
1494 933
1169 576
1246 1861
1786 387
1443 1516
1837 559
1950 1620
1265 805
689 341
1225 1535
1904 350
840 32
1727 442
55 548
1035 1913
1640 119
1503 1607
1304 1194
737 930
1335 629
1323 1215
855 160
217 129
675 463
1539 243
746 1399
1614 868
1975 135
1571 1175
57 773
884 1632
1508 884
1572 1322
615 1139
1070 851
267 795
1550 1274
1 436
1242 1727
986 1965
1827 581
190 453
1575 1432
1295 655
10 1024
1486 511
1802 390
1677 634
1098 842
308 600
250 1153
1078 1935
1690 1740
1831 456
131 658
672 1014
56 1827
84 719
1368 1524
1340 928
838 321
630 277
1992 1107
477 1708
1177 1705
837 562
1002 1738
1167 1624
1526 374
1153 1115
761 1743
31 1277
835 1395
167 760
128 1018
1022 1270
149 280
535 1276
970 1404
1758 1438
185 153
779 1873
975 1049
494 1790
1986 734
429 1747
1274 612
957 801
1090 1811
1107 1793
1048 9
1459 1765
712 1286
437 300
1697 533
1306 1264
93 1126
147 686
1123 1588
1060 753
1855 527
824 1180
1973 657
78 1951
1818 1779
1331 1606
745 255
188 1361
774 713
590 566
1898 219
381 1075
1407 403
45 292
1024 603
931 126
1814 63
1960 460
506 140
1852 990
1083 1704
956 111
364 998
1690 1740
556 1558
965 1141
1035 1913
792 596
1194 428
1911 667
1623 616
1025 1767
1917 962
1982 266
1707 1831
705 528
1833 699
654 1885
701 1662
1308 1094
1954 557
877 531
1650 1578
125 81
44 69
1613 194
1562 1801
374 609
1830 1117
1568 283
233 1157
1258 1290
1835 253
1211 903
604 1081
931 126
590 566
1195 450
896 1749
1889 380
1542 329
1802 390
8 429
1252 1711
1611 766
1000 1896
33 1472
1284 1359
1303 1226
947 1609
636 1851
330 178
612 977
925 115
838 321
1407 403
1435 1133
1130 1488
1251 1675
1737 775
1284 1359
1103 57
701 1662
1507 1354
181 272
728 660
359 1519
328 1757
1750 808
814 1452
1572 1322
1208 1179
732 540
614 365
1368 1524
259 141
1514 1340
1100 635
138 988
465 1611
1522 1660
661 241
872 1321
1994 1627
1324 449
687 1092
652 1255
853 1773
1325 475
469 1684
536 254
1865 1899
1527 1825
739 1574
866 42
1466 1186
1452 769
604 1081
1976 165
606 857
420 1334
1700 1702
1734 221
1788 677
656 1101
817 1458
1204 979
891 1343
912 1199
979 1839
20 529
292 217
1815 1956
1350 1201
1952 1716
422 716
523 1050
1831 456
1823 1405
524 996
932 830
1464 1930
458 340
1175 741
1521 482
179 690
1941 314
1593 200
991 1990
888 67
1922 1760
524 996
690 553
1196 262
905 437
1542 329
537 1586
1735 1714
185 153
1288 358
189 270
805 376
1283 534
928 812
1478 698
1174 1938
1374 749
540 441
287 907
345 1227
1167 1624
1604 448
1514 1340
723 1134
1306 1264
1263 832
1740 1311
1544 348
1273 1366
1149 1852
1653 605
1404 174
1411 260
584 579
979 1839
213 98
1783 908
1522 1660
1310 1976
780 920
1692 1889
802 116
1902 608
1241 725
1858 422
528 166
1733 1987
1573 1762
1340 928
1718 1044
1826 1775
1102 1841
1785 664
1266 1895
1185 632
741 173
545 192
1439 476
1934 1441
1910 93
48 895
1753 1830
959 1804
1190 1422
1842 233
1382 945
1984 1160
1230 1563
653 1418
241 751
409 406
327 1644
898 572
856 49
1438 1318
377 1911
178 1707
409 406
867 1637
159 947
792 596
349 752
458 340
602 849
203 420
1849 513
701 1662
1206 1072
707 846
8 429
1233 1750
1360 1745
1124 887
1373 691
164 225
416 1089
73 47
1835 253
680 457
753 869
1173 1706
603 1312
1332 1261
969 1986
56 1827
1717 1929
601 1006
738 295
782 39
1032 507
175 1357
922 914
413 1493
936 1461
1389 294
1878 1748
1759 182
1863 1393
279 1903
1326 861
250 1153
1584 666
1856 133
386 1146
22 1876
350 942
1147 1774
1742 1581
894 121
260 997
381 1075
399 1590
1821 777
1000 1896
1091 1413
562 642
385 1945
1818 1779
1668 351
1375 1719
574 152
201 1242
631 212
1905 183
1399 1494
54 1621
756 1232
1043 917
1223 1306
427 1249
1406 1345
1068 66
106 1114
1948 1162
1956 673
1586 1100
880 120
370 774
1417 1822
483 1869
770 48
1744 744
154 1303
325 1989
1934 1441
142 34
1796 385
573 1833
1723 1287
1773 237
1863 1393
381 1075
1754 1504
1535 1184
332 1732
1826 1775
30 1174
1474 738
537 1586
588 146
1609 127
342 1729
955 545
1651 1158
1361 1630
1340 928
1089 1320
270 1172
725 1381
201 1242
1984 1160
1159 694
1038 1446
1438 1318
393 223
1760 1541
388 1512
999 1645
1194 428
1153 1115
1827 581
1548 1846
1725 865
414 1669
1223 1306
1878 1748
1225 1535
258 1435
769 963
1708 1202
1657 60
792 596
1865 1899
170 1034
746 1399
589 89
1760 1541
1195 450
1931 980
347 567
1770 1866
1963 602
1407 403
197 1723
1056 874
1186 1009
1807 1725
1650 1578
1531 1187
1345 1555
374 609
789 1173
1896 541
533 1919
432 41
309 1161
569 1105
978 334
1240 11
1647 379
556 1558
820 493
1869 1152
5 1185
1340 928
1417 1822
1322 1218
1028 1953
540 441
682 638
876 377
1189 68
338 916
149 280
1887 956
1624 1693
163 1657
1967 155
919 1786
883 1299
1143 1601
579 1694
709 558
1017 1879
1114 1425
983 1120
1922 1760
696 1812
1781 1979
359 1519
1746 1339
1111 188
1358 692
540 441
802 116
868 1649
142 34
1397 364
1755 1147
1756 1598
1930 1317
1654 156
1853 1474
1223 1306
1739 746
156 1102
78 1951
1596 940
1383 1595
1077 1654
874 957
919 1786
725 1381
1473 1433
1412 1636
1364 829
663 1818
142 34
1834 922
410 1001
996 1352
150 860
761 1743
1293 419
165 148
309 1161
1633 953
1926 1529
210 78
286 1664
1595 407
1633 953
324 354
527 803
450 788
1181 1859
670 495
1858 422
465 1611
7 1111
1423 134
1751 1599
1826 1775
564 966
900 454
941 1613
122 130
11 1031
1544 348
1086 1540
1247 26
1254 1910
1424 1712
771 804
610 484
232 1431
1152 1836
174 721
411 1546
1693 663
1123 1588
732 540
187 1176
340 1521
1519 1922
1330 633
531 1192
808 384
713 1417
465 1611
1465 1035
1851 1054
882 1597
685 944
1964 458
1718 1044
744 21
1185 632
645 17
508 1260
379 389
1572 1322
1664 7
478 1871
289 487
1921 286
808 384
1776 64
1788 677
1977 877
1571 1175
43 1814
917 386
1425 522
1322 1218
50 218
1514 1340
1957 987
1704 31
636 1851
403 1135
486 1915
866 42
1222 1687
160 970
462 474
58 1244
1917 962
1977 877
402 1029
355 1724
779 1873
1574 551
969 1986
323 1332
8 429
125 81
1919 1266
1853 1474
722 1189
1017 1879
1774 927
1614 868
105 935
724 1411
741 173
11 1031
1644 1025
1715 1394
363 1148
746 1399
433 824
1151 595
570 1342
368 1907
359 1519
819 1460
742 189
570 1342
1992 1107
1592 899
288 1197
1455 1783
499 1400
1791 297
1557 1324
1347 109
691 1003
1397 364
1660 1483
146 1849
991 1990
1327 1948
758 1415
1870 1655
708 82
591 490
521 1450
806 327
882 1597
900 454
157 911
1051 471
1555 1985
1427 328
1780 619
235 1098
74 122
1078 1935
499 1400
298 1451
584 579
1193 1686
1013 880
1526 374
301 986
1116 290
621 1559
24 524
294 617
608 504
1150 506
47 1697
1190 1422
1872 1058
994 76
1202 1635
235 1098
1174 1938
859 269
1295 655
1233 1750
922 914
881 727
1209 288
1347 109
1743 15
374 609
760 1471
349 752
976 889
885 758
785 45
926 954
782 39
1962 1565
241 751
1525 478
1304 1194
594 1473
1911 667
1500 1522
478 1871
791 607
538 659
1287 825
22 1876
1154 144
1622 1961
1008 307
611 248
715 444
1477 1651
514 1364
182 577
1943 104
1041 926
1966 1138
933 854
37 72
1892 1409
1453 662
1378 229
1259 1262
258 1435
1974 1796
757 876
454 177
75 1545
861 1823
172 1109
1492 853
1386 1350
1422 1506
982 1800
950 703
455 1766
22 1876
1373 691
1988 424
1451 631
22 1876
668 1380
898 572
139 1538
1949 404
806 327
1931 980
698 408
936 1461
1282 1681
477 1708
1009 902
1677 634
647 371
351 863
1375 1719
846 396
1348 1328
429 1747
831 759
129 1658
86 1300
1855 527
47 1697
275 199
1342 937
1742 1581
218 1713
1026 1569
1835 253
542 1854
1431 472
1004 1884
299 743
455 1766
518 228
821 222
864 161
1821 777
1504 575
1855 527
711 492
1574 551
1204 979
158 1475
1391 1032
283 1912
1652 800
1515 325
1900 755
1618 216
731 107
1760 1541
850 1587
1141 208
1303 1226
1944 1789
341 827
1924 1377
842 412
64 184
1227 1815
1400 556
811 1132
1354 965
1374 749
1201 1589
762 756
1436 733
1881 309
1706 55
1416 1501
1634 688
203 420
1281 1577
353 352
1796 385
149 280
1470 1840
137 792
1856 133
1084 1994
382 1625
1391 1032
1999 549
379 389
419 1427
1194 428
505 276
23 207
965 1141
1750 808
1478 698
545 192
980 220
112 1163
463 1267
231 1917
439 411
688 53
1120 1653
1015 1602
1752 1041
575 1959
1187 771
1632 1155
1003 370
284 742
546 51
95 1370
1156 1330
333 1678
599 18
144 61
725 1381
943 114
853 1773
225 310
1442 1700
1266 1895
536 254
665 1591
1586 1100
863 1500
284 742
407 1984
1778 1453
1285 375
1002 1738
1382 945
458 340
1813 623
1748 828
798 158
1202 1635
28 765
308 600
1849 513
569 1105
710 1549
1532 1562
1448 505
1590 1236
1177 1705
272 491
1094 1293
7 1111
1305 1341
85 1245
58 1244
830 1610
1370 561
1392 1131
1125 1137
1452 769
1507 1354
743 797
176 1005
379 389
1734 221
792 596
1122 1090
1587 1455
487 546
792 596
398 73
1531 1187
765 1231
1 436
573 1833
1174 1938
1094 1293
1746 1339
621 1559
1057 91
1926 1529
914 1283
299 743
127 1188
885 758
1727 442
509 819
141 1476
1957 987
1918 1958
16 1710
769 963
356 176
1104 186
1939 1401
799 838
79 641
582 25
1967 155
87 206
250 1153
295 1295
1365 473
135 342
1196 262
37 72
1473 1433
427 1249
80 224
758 1415
297 544
799 838
1005 517
622 915
586 1374
543 1806
1674 856
1279 16
594 1473
1223 1306
122 130
395 818
1309 1151
1863 1393
1494 933
1424 1712
259 141
1833 699
1431 472
163 1657
174 721
1394 1178
394 299
653 1418
1408 1108
540 441
947 1609
1512 704
1554 1485
1360 1745
966 1733
1296 1692
1442 1700
1425 522
265 995
301 986
108 1865
1376 530
82 1496
937 175
902 1412
1998 1656
308 600
479 1064
1354 965
1884 1047
1641 1904
306 1171
279 1903
1822 591
16 1710
158 1475
932 830
947 1609
54 1621
467 1554
1084 1994
1330 633
1997 211
1434 806
8 429
771 804
568 679
111 187
244 1829
767 890
661 241
262 1650
1780 619
269 1576
837 562
1001 1626
9 1579
1854 1344
1936 1280
3 604
1424 1712
113 822
1025 1767
792 596
4 1288
157 911
1150 506
84 719
1831 456
1836 542
1139 1939
220 1807
1228 1167
1305 1341
450 788
130 1083
139 1538
767 890
1939 1401
623 1214
1862 981
833 1462
1126 157
1231 431
229 958
170 1034
1628 70
1429 1106
68 802
935 1964
861 1823
717 1384
1702 92
1797 913
961 618
666 1323
660 582
533 1919
1654 156
876 377
1111 188
339 1239
1544 348
1092 355
553 1383
74 122
1953 483
378 1567
237 1310
1548 1846
1239 400
419 1427
805 376
245 1730
38 820
1437 1454
392 1228
1951 871
1439 476
805 376
1737 775
1036 1560
54 1621
1098 842
960 1206
592 1051
1707 1831
1736 35
1400 556
318 338
1343 1523
1754 1504
1718 1044
1145 1079
1973 657
566 257
580 324
677 1492
910 1464
347 567
1450 171
294 617
1509 344
444 304
552 142
12 244
956 111
1688 672
310 1615
931 126
69 639
769 963
345 1227
859 269
1652 800
1090 1811
709 558
1099 110
14 1949
262 1650
1410 1027
99 550
263 90
1503 1607
1082 731
658 1196
1963 602
1650 1578
582 25
387 13
1627 1996
929 1275
411 1546
1067 852
277 1742
1877 1212
1825 1709
716 645
510 1305
1458 583
1629 1122
29 56
421 1372
673 790
831 759
938 1190
476 102
674 1250
1494 933
1090 1811
522 1225
1244 1503
1919 1266
1583 20
978 334
827 346
877 531
1956 673
307 680
1253 1389
530 202
261 929
1845 1862
841 1886
428 185
143 1641
1417 1822
1164 1067
1312 479
287 907
1396 345
1928 1168
879 1604
312 58
1746 1339
1416 1501
1180 1728
1850 71
1470 1840
1020 1685
237 1310
1414 1281
1223 1306
378 1567
502 29
210 78
1211 903
1777 264
1156 1330
989 796
1389 294
311 118
550 1543
1908 1271
1791 297
776 421
1605 931
1395 1093
278 1177
1762 1219
1041 926
1525 478
399 1590
459 1434
1668 351
1019 232
1647 379
1264 1564
1834 922
1802 390
1429 1106
1955 783
1566 410
948 1946
322 921
164 225
87 206
1072 94
1992 1107
808 384
1576 1499
1326 861
542 1854
208 1428
1456 281
309 1161
885 758
552 142
175 1357
1919 1266
94 500
569 1105
1927 1785
882 1597
1154 144
394 299
1220 86
1364 829
1952 1716
1800 259
1517 1166
1731 447
948 1946
1996 1918
681 1791
1481 584
1854 1344
971 1365
1842 233
1998 1656
1948 1162
323 1332
1325 475
1795 932
1350 1201
71 873
1167 1624
1307 1777
399 1590
1604 448
249 706
1844 1378
1762 1219
1840 1479
964 1944
161 1237
991 1990
218 1713
1155 780
1901 1551
1357 10
1813 623
1495 866
1238 1314
185 153
1432 234
791 607
1446 1977
1532 1562
1210 1217
393 223
128 1018
945 1329
780 920
693 1845
1387 101
610 484
1550 1274
662 1698
1330 633
1425 522
853 1773
408 1408
753 869
1412 1636
647 371
1627 1996
165 148
256 1952
1999 549
1787 665
1968 1252
50 218
79 641
576 1897
1971 1036
74 122
1049 1647
985 180
1115 1914
1875 1463
681 1791
1497 138
1617 1763
408 1408
415 1253
1866 246
1538 1373
779 1873
260 997
1500 1522
1721 1909
1784 1128
1022 1270
1815 1956
567 132
1072 94
617 1703
774 713
1266 1895
1261 1514
936 1461
936 1461
1343 1523
1185 632
729 22
1890 1385
1952 1716
1456 281
1470 1840
1454 798
1239 400
323 1332
1757 1085
612 977
1170 1355
239 786
1157 1191
1944 1789
1996 1918
944 1144
1594 62
358 683
100 1676
1325 475
1178 810
473 1084
888 67
499 1400
1079 900
1169 576
501 728
316 1285
1985 1143
837 562
77 170
1169 576
1976 165
1086 1540
1830 1117
1070 851
739 1574
949 1525
1822 591
1320 1391
570 1342
412 1020
1972 1737
1817 636
61 592
152 1259
346 359
461 381
1862 981
1561 1584
263 90
1104 186
1686 215
480 711
998 1633
235 1098
439 411
709 558
1145 1079
436 862
1042 1509
1954 557
634 247
291 622
712 1286
575 1959
266 1442
618 1695
1993 1735
1295 655
1443 1516
1994 1627
1238 1314
931 126
716 645
436 862
1923 840
1424 1712
1322 1218
721 700
146 1849
1029 510
589 89
1789 687
497 1835
1208 1179
1114 1425
1803 1326
1457 84
1786 387
1414 1281
1995 267
1053 1663
32 682
1302 1880
777 784
1148 943
166 1348
1089 1320
560 1074
658 1196
1477 1651
1890 1385
1194 428
633 726
1190 1422
478 1871
1735 1714
68 802
481 330
328 1757
788 439
1256 383
506 140
1692 1889
1813 623
31 1277
462 474
1421 1824
884 1632
1317 826
1214 1646
182 577
1718 1044
1067 852
1024 603
1254 1910
630 277
624 427
481 330
65 1973
928 812
1378 229
1835 253
941 1613
1049 1647
626 1447
1870 1655
351 863
483 1869
414 1669
1813 623
1965 1055
198 1444
1430 1142
395 818
1244 1503
1403 1736
1945 167
916 941
416 1089
486 1915
774 713
906 1643
944 1144
1509 344
1259 1262
1913 1844
891 1343
1673 870
268 1118
286 1664
469 1684
226 730
1688 672
1014 1848
1402 1690
1783 908
64 184
1363 554
758 1415
1594 62
1194 428
1301 1536
728 660
434 1568
224 213
219 1608
1099 110
730 1379
966 1733
1365 473
1003 370
1874 1205
1492 853
1083 1704
1218 722
1094 1293
225 310
50 218
1002 1738
551 1150
362 240
340 1521
655 888
1780 619
1003 370
1687 1855
374 609
32 682
1396 345
1289 1515
1119 1967
875 1566
875 1566
130 1083
315 1881
864 161
126 1758
600 983
1935 1517
895 1087
1066 601
23 207
751 1557
1808 1820
731 107
1611 766
962 589
1701 674
538 659
554 1272
544 959
1645 1784
1254 1910
1179 1221
1284 1359
1660 1483
111 187
1542 329
1765 1863
585 1216
1372 1934
1171 1867
1258 1290
1907 1666
856 49
1293 419
1156 1330
1451 631
519 1682
641 1419
999 1645
1778 1453
280 654
619 652
450 788
122 130
961 618
150 860
511 1251
1130 1488
4 1288
1046 252
1005 517
245 1730
701 1662
452 1070
518 228
704 1971
1420 357
1367 1605
1339 1868
246 1585
278 1177
380 1078
556 1558
1643 702
1324 449
244 1829
1434 806
1219 1671
1060 753
1120 1653
591 490
66 433
1044 684
1159 694
1321 1477
1842 233
723 1134
495 1021
222 1570
1534 418
1507 1354
641 1419
443 1368
34 1534
30 1174
1859 693
336 1268
1903 649
1237 989
2 1403
1934 1441
1975 135
1871 1870
1054 1537
1034 714
1408 1108
196 580
1921 286
468 637
44 69
967 1805
852 1992
1608 1037
1568 283
1427 328
1173 1706
598 1026
1073 1327
1500 1522
31 1277
1454 798
972 1387
1863 1393
797 1902
235 1098
1684 1921
1038 1446
681 1791
1448 505
1706 55
1440 227
1772 1013
598 1026
486 1915
1352 1756
1675 468
1613 194
1998 1656
165 148
1940 369
421 1372
915 193
676 273
964 1944
656 1101
66 433
1114 1425
1712 875
110 164
1805 1254
1061 426
579 1694
1963 602
1868 982
880 120
1893 1755
1439 476
301 986
82 1496
470 1776
1995 267
1127 772
384 432
1018 1842
1816 578
786 1319
96 124
1483 837
1717 1929
1807 1725
366 525
1267 1445
1278 885
974 409
745 255
819 1460
1014 1848
665 1591
468 637
1007 79
1872 1058
888 67
1832 125
1221 139
1021 906
1428 924
689 341
491 275
49 614
1926 1529
1700 1702
555 1832
1522 1660
1277 323
1047 1301
6 1877
1706 55
1195 450
651 939
845 258
299 743
1086 1540
1187 771
954 1600
1741 1593
952 306
535 1276
1373 691
1279 16
1520 747
719 1017
1270 501
1041 926
1102 1841
1452 769
916 941
267 795
596 1734
1249 781
1576 1499
50 218
1821 777
178 1707
780 920
1593 200
580 324
474 1073
1432 234
1501 1346
1482 984
146 1849
1738 303
954 1600
1326 861
1388 163
551 1150
1364 829
1553 646
98 864
1320 1391
80 224
379 389
557 563
961 618
400 831
1984 1160
613 1439
1390 85
1721 1909
1028 1953
770 48
794 811
607 1701
3 604
1537 1063
1977 877
1101 1235
1251 1675
870 1679
468 637
1721 1909
1036 1560
1239 400
1172 1088
1029 510
1552 1468
1659 1104
1395 1093
386 1146
1058 305
1319 859
845 258
1212 36
776 421
989 796
464 367
968 1875
463 1267
618 1695
296 960
1305 1341
1631 1371
501 728
38 820
960 1206
902 1412
705 528
533 1919
282 793
929 1275
1534 418
1614 868
1390 85
1830 1117
1184 750
1446 1977
1607 1360
1815 1956
38 820
1701 674
906 1643
1296 1692
1718 1044
1816 578
1119 1967
1271 1573
110 164
1119 1967
1019 232
1590 1236
762 756
692 613
240 858
1384 1809
1964 458
1650 1578
899 318
748 1908
687 1092
1619 1572
767 890
1883 498
280 654
1190 1422
724 1411
1355 198
867 1637
422 716
462 474
83 6
547 593
838 321
267 795
1980 1224
1960 460
1916 1856
1119 1967
1179 1221
1041 926
1905 183
707 846
1079 900
32 682
1315 1233
864 161
992 1518
1487 1580
1668 351
1928 1168
1148 943
1789 687
728 660
589 89
189 270
1753 1830
979 1839
550 1543
763 1059
1441 1086
1953 483
159 947
1006 1222
1763 1113
1978 349
839 336
1140 569
667 315
1580 778
1461 413
628 1279
1117 748
674 1250
1658 1843
1361 1630
762 756
78 1951
425 1508
1146 1397
155 149
641 1419
307 680
1009 902
562 642
529 905
1923 840
1005 517
258 1435
375 1826
377 1911
500 1204
1411 260
926 954
1738 303
849 611
527 803
1194 428
1423 134
647 371
403 1135
1497 138
94 500
1338 555
193 382
62 1229
1796 385
149 280
820 493
930 836
510 1305
1529 878
854 287
217 129
701 1662
248 620
1061 426
626 1447
1172 1088
306 1171
1423 134
326 628
35 137
509 819
1505 1080
1267 1445
100 1676
965 1141
680 457
1795 932
1638 467
1712 875
270 1172
1582 782
962 589
992 1518
707 846
224 213
978 334
473 1084
1481 584
1100 635
1706 55
1966 1138
1406 1345
309 1161
1676 1901
1921 286
1938 1950
349 752
670 495
1006 1222
867 1637
1083 1704
1027 644
1269 1183
748 1908
1471 1894
713 1417
1855 527
325 1989
1066 601
925 115
1496 131
40 1156
640 817
1578 136
46 985
489 523
787 850
620 1799
251 326
240 858
1870 1655
465 1611
1092 355
1364 829
929 1275
1301 1536
1422 1506
1117 748
1678 99
1896 541
1758 1438
1499 391
183 789
1595 407
1993 1735
63 8
1507 1354
127 1188
1987 347
1338 555
308 600
980 220
1137 1561
344 710
1070 851
1276 1890
1590 1236
636 1851
396 1997
148 1247
716 645
1830 1117
1630 1333
1281 1577
758 1415
439 411
1723 1287
1208 1179
1796 385
1856 133
1265 805
475 1803
342 1729
1316 1988
1973 657
412 1020
556 1558
969 1986
193 382
888 67
1097 1291
1978 349
789 1173
1860 1045
607 1701
586 1374
6 1877
1992 1107
1289 1515
760 1471
1537 1063
773 1240
164 225
827 346
1757 1085
1523 532
1655 925
303 1388
659 768
1670 201
1212 36
1757 1085
1221 139
1102 1841
407 1984
622 915
1223 1306
1403 1736
425 1508
1145 1079
1882 1850
930 836
1532 1562
1512 704
1745 1794
814 1452
1169 576
985 180
1963 602
459 1434
1469 897
1051 471
1434 806
1891 514
1537 1063
1006 1222
1347 109
1604 448
1616 564
1423 134
381 1075
1570 1154
1077 1654
852 1992
1608 1037
1374 749
699 1198
864 161
912 1199
1554 1485
697 362
553 1383
1749 695
40 1156
1204 979
199 1731
1333 1507
924 1426
840 32
37 72
427 1249
406 1402
1104 186
73 47
1452 769
1501 1346
852 1992
1781 1979
202 1631
84 719
652 1255
1055 1257
487 546
830 1610
941 1613
1509 344
1026 1569
1517 1166
1746 1339
219 1608
1262 1746
1236 647
854 287
1130 1488
212 918
1319 859
1228 1167
1933 1097
411 1546
1752 1041
1301 1536
124 1797
244 1829
685 944
1993 1735
658 1196
935 1964
1517 1166
1341 571
591 490
1660 1483
569 1105
1487 1580
468 637
275 199
661 241
185 153
1684 1921
776 421
422 716
347 567
1512 704
40 1156
1445 708
476 102
911 205
958 585
819 1460
132 1457
509 819
1485 1751
79 641
1202 1635
1435 1133
243 1680
1435 1133
1971 1036
823 909
416 1089
245 1730
40 1156
939 625
1202 1635
948 1946
105 935
207 1448
1303 1226
369 1718
795 1480
994 76
1076 976
1992 1107
1144 668
961 618
1579 1011
1857 573
1774 927
1481 584
1373 691
1829 1482
1681 848
1078 1935
1659 1104
1807 1725
475 1803
477 1708
1089 1320
31 1277
1518 481
183 789
1740 1311
1873 1717
139 1538
1036 1560
1242 1727
716 645
890 480
1535 1184
343 1837
454 177
868 1649
224 213
79 641
1845 1862
274 1181
379 389
649 1195
808 384
1632 1155
909 1449
1436 733
580 324
1555 1985
127 1188
1374 749
371 712
29 56
1108 718
1692 1889
819 1460
1976 165
1242 1727
401 1726
503 296
1610 1313
49 614
570 1342
1391 1032
138 988
514 1364
1405 1159
1643 702
1996 1918
958 585
1192 1495
1578 136
1527 1825
525 974
1176 675
1674 856
1641 1904
87 206
466 319
346 359
1072 94
113 822
1230 1563
1165 1127
1769 250
1480 841
532 181
1772 1013
1047 1301
1388 163
654 1885
688 53
1850 71
1199 1670
1878 1748
1297 770
1544 348
1158 715
1440 227
810 245
152 1259
1350 1201
126 1758
739 1574
1058 305
1157 1191
146 1849
1109 948
1940 369
313 1234
1980 1224
679 1238
246 1585
473 1084
325 1989
656 1101
1973 657
986 1965
1945 167
1229 496
1655 925
1376 530
623 1214
252 1193
1525 478
577 606
1830 1117
590 566
468 637
1130 1488
1092 355
999 1645
381 1075
169 1882
937 175
197 1723
1740 1311
900 454
1248 1927
1868 982
1825 1709
282 793
103 815
1848 168
367 75
1689 1210
109 799
1658 1843
1551 27
39 214
785 45
1910 93
903 669
378 1567
781 1375
1668 351
837 562
1548 1846
886 117
202 1631
543 1806
1972 1737
882 1597
1126 157
1205 1838
1349 1614
1957 987
1085 847
944 1144
57 773
93 1126
844 1969
519 1682
50 218
1817 636
1227 1815
1823 1405
1816 578
1174 1938
898 572
1257 1130
1851 1054
1648 1386
1873 1717
566 257
102 729
1992 1107
108 1865
67 972
1621 515
357 1628
1220 86
1532 1562
242 1923
826 4
273 1273
1392 1131
460 485
1690 1740
1864 896
1808 1820
1375 1719
472 46
1567 301
1008 307
1482 984
473 1084
1199 1670
896 1749
1195 450
1310 1976
21 268
1508 884
1390 85
84 719
1383 1595
974 409
1825 1709
1779 195
1575 1432
474 1073
1062 415
470 1776
922 914
1919 1266
1857 573
1880 934
672 1014
870 1679
1915 1715
1335 629
1092 355
831 759
145 388
520 1810
1180 1728
1232 1883
639 1436
654 1885
1792 97
292 217
1886 459
1646 1771
887 1256
302 978
668 1380
1059 761
1018 1842
1010 1691
1356 1278
1745 1794
1108 718
251 326
1957 987
1255 1469
1716 685
1745 1794
216 1764
1901 1551
272 491
1080 1039
271 1754
882 1597
1890 1385
1325 475
718 1125
1472 537
229 958
333 1678
1627 1996
1733 1987
1551 27
457 1962
724 1411
615 1139
41 1813
1748 828
702 1544
975 1049
393 223
1283 534
96 124
1011 465
11 1031
1927 1785
1042 1509
1489 1677
178 1707
1049 1647
201 1242
1991 236
474 1073
1939 1401
1116 290
532 181
427 1249
278 1177
1055 1257
1091 1413
690 553
380 1078
1842 233
676 273
426 162
1592 899
1539 243
785 45
619 652
1416 1501
1695 1316
127 1188
1313 40
922 914
816 794
1294 1292
371 712
1623 616
1716 685
386 1146
1036 1560
67 972
1988 424
986 1965
622 915
753 869
1204 979
776 421
575 1959
1694 845
1058 305
1903 649
262 1650
448 59
450 788
961 618
1644 1025
821 222
22 1876
1172 1088
177 1466
884 1632
1325 475
674 1250
267 795
258 1435
128 1018
308 600
736 1040
750 452
1084 1994
1898 219
1343 1523
220 1807
890 480
1794 1963
1189 68
1364 829
829 670
1989 1486
1435 1133
1758 1438
1899 430
805 376
1393 204
1087 405
1486 511
1305 1341
1051 471
1379 1787
1150 506
1290 975
452 1070
157 911
1407 403
737 930
1971 1036
1769 250
1511 1200
831 759
1995 267
575 1959
1445 708
1440 227
1087 405
440 1430
1384 1809
1709 103
16 1710
1076 976
1426 1603
561 1668
1916 1856
226 730
868 1649
1483 837
137 792
208 1428
259 141
1211 903
1772 1013
987 1920
745 255
479 1064
1336 159
482 1592
1993 1735
1673 870
1806 251
1581 1505
1189 68
724 1411
1798 394
1116 290
1945 167
547 593
189 270
267 795
1092 355
819 1460
778 1828
1180 1728
1973 657
1922 1760
1156 1330
1888 1
88 502
619 652
242 1923
1906 653
1210 1217
236 378
1345 1555
117 1223
898 572
282 793
1950 1620
210 78
371 712
730 1379
199 1731
687 1092
1626 95
536 254
1905 183
1614 868
1874 1205
478 1871
1596 940
836 372
237 1310
991 1990
376 839
1259 1262
1057 91
548 1968
1684 1921
796 1407
1196 262
712 1286
1566 410
1272 1808
686 1858
1797 913
218 1713
135 342
1206 1072
434 1568
1380 1640
138 988
1105 952
170 1034
319 398
610 484
1457 84
23 207
1699 993
82 1496
1714 598
220 1807
206 1182
601 1006
1266 1895
1569 1853
284 742
1119 1967
394 299
495 1021
723 1134
517 1498
50 218
1467 1924
833 1462
1872 1058
1227 1815
965 1141
1169 576
1807 1725
173 509
1017 1879
402 1029
917 386
1380 1640
1749 695
1604 448
477 1708
96 124
462 474
1787 665
479 1064
1959 1208
705 528
1705 991
1881 309
232 1431
1078 1935
1785 664
789 1173
1319 859
1373 691
1162 763
644 238
1867 643
1142 1349
1469 897
1965 1055
1216 1038
429 1747
1301 1536
902 1412
1418 835
205 1164
780 920
1072 94
1078 1935
780 920
1397 364
725 1381
1319 859
917 386
623 1214
324 354
195 339
1017 1879
1107 1793
372 1331
144 61
198 1444
236 378
1009 902
1218 722
479 1064
1073 1327
1631 1371
983 1120
1730 1437
988 154
992 1518
1132 1571
612 977
801 1696
1150 506
1697 533
50 218
1420 357
1064 401
1516 489
1701 674
1793 1983
1918 1958
1579 1011
491 275
1894 1284
1204 979
679 1238
875 1566
1384 1809
1457 84
1742 1581
1670 201
1175 741
1363 554
248 620
1851 1054
1508 884
1277 323
74 122
1459 1765
869 1526
1354 965
1498 1931
775 1396
949 1525
510 1305
1212 36
1267 1445
599 18
642 320
375 1826
495 1021
667 315
671 1667
895 1087
240 858
353 352
966 1733
1802 390
1949 404
715 444
172 1109
1257 1130
1225 1535
1919 1266
423 707
630 277
1312 479
924 1426
289 487
813 1265
1615 1124
52 705
1006 1222
1072 94
836 372
515 249
674 1250
472 46
1001 1626
1914 1057
1206 1072
772 14
439 411
1421 1824
1834 922
79 641
1962 1565
1964 458
787 850
1956 673
1868 982
1717 1929
864 161
964 1944
218 1713
1887 956
1439 476
1743 15
214 451
774 713
318 338
1289 1515
1545 1096
1273 1366
128 1018
954 1600
1120 1653
815 1347
1828 1759
586 1374
122 130
122 130
774 713
921 1900
791 607
1659 1104
533 1919
1796 385
33 1472
1907 1666
355 1724
1590 1236
1142 1349
1202 1635
1058 305
1759 182
1627 1996
834 570
593 626
1303 1226
1052 1053
1716 685
1861 547
227 1207
133 671
1756 1598
1008 307
21 268
1469 897
1618 216
1885 1497
1945 167
372 1331
1192 1495
803 1443
1803 1326
1665 520
1441 1086
1333 1507
258 1435
1546 883
464 367
40 1156
604 1081
1166 844
1589 656
545 192
1302 1880
659 768
1937 397
1013 880
704 1971
710 1549
857 1363
134 363
413 1493
1300 1421
1794 1963
614 365
351 863
9 1579
1991 236
34 1534
247 1367
1945 167
675 463
1017 1879
15 787
1960 460
489 523
1821 777
1649 1392
978 334
631 212
1930 1317
1168 1720
1899 430
1407 403
1307 1777
681 1791
1821 777
1360 1745
409 406
673 790
732 540
483 1869
1166 844
841 1886
1204 979
592 1051
292 217
399 1590
1986 734
329 1974
252 1193
1359 113
1911 667
1418 835
894 121
795 1480
812 1220
1346 678
956 111
1961 1046
559 807
890 480
874 957
82 1496
213 98
1253 1389
289 487
1581 1505
851 717
823 909
398 73
1290 975
808 384
1469 897
682 638
1603 3
351 863
163 1657
1563 1533
1273 1366
1407 403
675 463
946 813
1140 569
1500 1522
1836 542
890 480
1631 1371
1238 1314
1268 1269
837 562
999 1645
11 1031
120 1110
1614 868
1054 1537
314 1362
1363 554
1441 1086
326 628
1406 1345
1083 1704
1799 587
860 814
1751 1599
804 1612
1404 174
583 1772
550 1543
1657 60
1001 1626
808 384
788 439
1847 1995
340 1521
854 287
1772 1013
557 563
755 1123
1139 1939
1866 246
613 1439
1782 516
1782 516
54 1621
775 1396
1903 649
123 23
1945 167
1475 373
751 1557
1471 1894
1543 1638
1435 1133
347 567
114 1916
414 1669
810 245
696 1812
919 1786
389 1203
329 1974
1869 1152
1754 1504
484 735
1920 1798
921 1900
1870 1655
1647 379
1286 477
386 1146
1730 1437
1052 1053
1338 555
381 1075
191 1769
1633 953
1425 522
1821 777
1406 1345
758 1415
114 1916
1043 917
1252 1711
161 1237
1086 1540
796 1407
1255 1469
1914 1057
282 793
1200 1531
998 1633
495 1021
1677 634
1119 1967
1326 861
1554 1485
1445 708
239 786
744 21
111 187
1324 449
1694 845
830 1610
1974 1796
431 881
1110 1015
766 512
1738 303
1349 1614
837 562
1090 1811
1860 1045
1851 1054
698 408
945 1329
577 606
1410 1027
233 1157
1974 1796
535 1276
1661 1970
94 500
878 588
1547 1898
1766 1674
586 1374
1337 1165
483 1869
1984 1160
1443 1516
436 862
83 6
1154 144
901 1478
48 895
1812 1010
767 890
14 1949
1241 725
602 849
1360 1745
681 1791
1542 329
1089 1320
1673 870
1794 1963
1918 1958
1121 1634
835 1395
1697 533
1450 171
168 1077
1631 1371
235 1098
1664 7
1488 50
1153 1115
715 444
936 1461
1311 1933
1609 127
1838 1052
230 1925
1642 1296
1412 1636
1213 1744
1771 1888
140 689
664 1294
1258 1290
824 1180
1405 1159
1535 1184
336 1268
249 706
1017 1879
766 512
1041 926
179 690
57 773
96 124
165 148
709 558
1099 110
163 1657
993 1248
9 1579
1037 1957
1471 1894
1885 1497
755 1123
1276 1890
808 384
477 1708
937 175
342 1729
121 720
1984 1160
1448 505
1348 1328
642 320
1670 201
1135 1289
56 1827
444 304
210 78
1166 844
54 1621
1602 967
1538 1373
114 1916
385 1945
313 1234
1158 715
213 98
1457 84
1623 616
1242 1727
1748 828
1954 557
1312 479
1798 394
798 158
449 293
1310 1976
565 1376
856 49
1356 1278
1178 810
1008 307
600 983
91 1103
1800 259
1791 297
1816 578
1037 1957
1961 1046
1221 139
1476 360
1150 506
1081 994
513 697
1680 1780
1546 883
557 563
1021 906
266 1442
1800 259
1424 1712
1769 250
1711 1906
414 1669
527 803
346 359
263 90
1302 1880
1224 893
829 670
864 161
1936 1280
16 1710
769 963
751 1557
54 1621
989 796
1322 1218
184 1513
1246 1861
1047 1301
225 310
78 1951
1153 1115
779 1873
307 680
1662 77
1450 171
1550 1274
517 1498
1897 1390
1107 1793
1475 373
1621 515
921 1900
421 1372
1546 883
1891 514
1039 1905
1936 1280
1546 883
89 1993
27 1761
1483 837
1492 853
263 90
237 1310
259 141
585 1216
820 493
583 1772
1251 1675
1401 368
504 1213
1465 1035
38 820
391 1043
848 1616
1429 1106
1198 1033
255 317
357 1628
1802 390
42 732
631 212
1688 672
227 1207
1506 1788
382 1625
452 1070
1801 1243
1122 1090
1877 1212
1287 825
1782 516
835 1395
1179 1221
965 1141
569 1105
410 1001
1056 874
1278 885
1245 1932
428 185
668 1380
1497 138
698 408
1805 1254
1248 1927
185 153
1055 1257
1153 1115
1208 1179
226 730
1577 1926
1993 1735
1886 459
485 440
406 1402
578 361
1025 1767
1782 516
50 218
1701 674
808 384
1709 103
1129 834
1947 950
1362 1556
458 340
1461 413
843 552
1479 203
1648 1386
1488 50
504 1213
119 1459
998 1633
1916 1856
1368 1524
3 604
1230 1563
165 148
919 1786
811 1132
1627 1996
1298 1016
217 129
924 1426
1755 1147
1699 993
1977 877
678 923
986 1965
1538 1373
164 225
1960 460
36 594
459 1434
1746 1339
1005 517
1015 1602
1629 1122
1364 829
497 1835
1210 1217
1093 1091
427 1249
1644 1025
1141 208
286 1664
1941 314
140 689
20 529
263 90
590 566
1507 1354
43 1814
360 1066
461 381
435 574
1069 1416
900 454
1088 1816
1995 267
277 1742
1932 65
223 650
1467 1924
675 463
561 1668
283 1912
941 1613
1503 1607
924 1426
1629 1122
1489 1677
752 1942
1890 1385
861 1823
353 352
1514 1340
1403 1736
1344 1542
1786 387
1580 778
1699 993
1109 948
288 1197
251 326
1484 891
616 1819
319 398
817 1458
1980 1224
451 1170
818 1424
1388 163
353 352
441 1539
365 356
319 398
328 1757
1542 329
429 1747
882 1597
1866 246
1640 119
1995 267
1185 632
2 1403
1167 1624
177 1466
532 181
1336 159
56 1827
244 1829
75 1545
83 6
1567 301
1577 1926
1374 749
1215 353
1320 1391
1134 1298
1868 982
796 1407
1972 1737
276 242
1812 1010
1697 533
493 599
1919 1266
1428 924
1256 383
1666 112
1725 865
570 1342
769 963
48 895
1146 1397
1818 1779
1498 1931
1995 267
787 850
1476 360
498 1304
1306 1264
1965 1055
562 642
1605 931
915 193
1534 418
465 1611
709 558
13 1095
350 942
458 340
1844 1378
1406 1345
1839 1527
1740 1311
417 445
95 1370
1660 1483
135 342
274 1181
1123 1588
51 1795
1598 1019
545 192
1018 1842
303 1388
1961 1046
12 244
330 178
1830 1117
1872 1058
968 1875
1050 80
1371 1943
1921 286
961 618
1845 1862
922 914
1875 1463
787 850
1880 934
894 121
1049 1647
378 1567
985 180
1804 1481
1006 1222
1871 1870
218 1713
1066 601
1295 655
204 1966
1281 1577
427 1249
1655 925
382 1625
1839 1527
351 863
1542 329
1154 144
564 966
1807 1725
1590 1236
721 700
1689 1210
717 1384
835 1395
379 389
474 1073
849 611
508 1260
1919 1266
144 61
1011 465
1728 1002
180 1817
1015 1602
1145 1079
1994 1627
1430 1142
1991 236
1339 1868
42 732
1659 1104
1210 1217
1194 428
822 1648
1997 211
104 1490
638 179
910 1464
1590 1236
1456 281
789 1173
781 1375
763 1059
1166 844
1367 1605
1299 1891
1482 984
641 1419
179 690
1760 1541
915 193
570 1342
1213 1744
1446 1977
1816 578
254 1753
606 857
1005 517
1685 560
502 29
1303 1226
1616 564
1812 1010
470 1776
1638 467
1496 131
713 1417
240 858
1162 763
757 876
40 1156
467 1554
1716 685
1049 1647
967 1805
879 1604
1130 1488
1211 903
541 395
1984 1160
702 1544
538 659
1458 583
95 1370
791 607
1178 810
966 1733
1187 771
1724 879
956 111
821 222
139 1538
1590 1236
754 1119
1899 430
1841 1699
1157 1191
1797 913
318 338
960 1206
72 1209
996 1352
140 689
694 1532
1002 1738
925 115
923 284
1669 1007
427 1249
544 959
56 1827
1282 1681
596 1734
819 1460
536 254
1104 186
368 1907
1065 1282
431 881
1690 1740
1418 835
1599 1048
530 202
1382 945
79 641
147 686
583 1772
844 1969
122 130
1152 1836
523 1050
1631 1371
1369 776
1541 535
1731 447
862 809
1689 1210
1147 1774
411 1546
1222 1687
764 100
267 795
1876 961
1396 345
1494 933
525 974
90 1140
1180 1728
1864 896
1484 891
1842 233
320 936
301 986
672 1014
438 2
1618 216
975 1049
971 1365
723 1134
761 1743
1210 1217
608 504
1711 1906
1654 156
933 854
613 1439
521 1450
1622 1961
1778 1453
1698 335
1358 692
960 1206
140 689
1012 1065
859 269
733 973
725 1381
1601 1778
516 1420
309 1161
761 1743
694 1532
1314 1335
871 1338
1024 603
1989 1486
1447 590
846 396
153 151
1511 1200
567 132
446 1639
1362 1556
1532 1562
989 796
1151 595
614 365
471 1553
1008 307
991 1990
1046 252
331 285
1910 93
727 1056
1948 1162
531 1192
1713 145
195 339
1580 778
1033 392
539 1582
1029 510
1542 329
1656 1071
266 1442
546 51
1287 825
856 49
698 408
971 1365
201 1242
782 39
1008 307
1606 28
825 1617
1518 481
1484 891
1729 191
1901 1551
1985 1143
628 1279
863 1500
1694 845
86 1300
1475 373
61 592
562 642
361 96
1480 841
1133 1351
1148 943
1477 1651
1299 1891
1015 1602
588 146
1238 1314
248 620
1694 845
1540 739
110 164
948 1946
1152 1836
226 730
794 811
262 1650
1638 467
1615 1124
929 1275
1210 1217
578 361
355 1724
433 824
223 650
1664 7
1790 462
1697 533
920 1520
1031 235
1466 1186
1946 938
221 821
1941 314
339 1239
1617 1763
363 1148
1518 481
110 164
725 1381
405 1622
658 1196
1123 1588
618 1695
1612 1972
337 1309
1294 1292
1934 1441
1392 1131
567 132
1339 1868
1670 201
1484 891
1580 778
1358 692
1585 274
957 801
1307 1777
1705 991
1398 143
1430 1142
262 1650
1140 569
230 1925
167 760
957 801
295 1295
1423 134
400 831
1119 1967
935 1964
1804 1481
101 1955
1510 754
265 995
1300 1421
645 17
146 1849
1909 1129
504 1213
1007 79
1643 702
1974 1796
1029 510
413 1493
1803 1326
1036 1560
664 1294
1045 1423
31 1277
1869 1152
1504 575
382 1625
1834 922
1776 64
427 1249
1718 1044
1088 1816
1433 1406
848 1616
1935 1517
705 528
1992 1107
398 73
1822 591
1190 1422
250 1153
1341 571
846 396
1129 834
360 1066
587 331
835 1395
1911 667
1693 663
39 214
168 1077
643 298
1182 1315
1461 413
1880 934
1903 649
32 682
1391 1032
491 275
1473 1433
1407 403
120 1110
1287 825
1640 119
852 1992
1127 772
995 1246
1809 19
1641 1904
117 1223
1020 1685
1053 1663
939 625
723 1134
411 1546
343 1837
1290 975
81 402
282 793
1727 442
1467 1924
147 686
1307 1777
217 129
344 710
217 129
1586 1100
452 1070
621 1559
1092 355
429 1747
478 1871
1651 1158
1165 1127
771 804
1459 1765
245 1730
15 787
993 1248
1078 1935
130 1083
514 1364
1674 856
418 435
819 1460
1962 1565
286 1664
1944 1789
1865 1899
1217 503
1878 1748
1182 1315
702 1544
762 756
676 273
1723 1287
1052 1053
389 1203
1018 1842
981 992
1706 55
1981 1530
1003 370
309 1161
620 1799
487 546
71 873
251 326
1776 64
529 905
1341 571
1177 1705
1666 112
14 1949
532 181
1290 975
194 263
111 187
1971 1036
563 736
1711 1906
834 570
814 1452
839 336
753 869
1806 251
691 1003
984 282
1847 1995
377 1911
217 129
1071 337
1916 1856
449 293
187 1176
1242 1727
290 624
1449 486
250 1153
716 645
1569 1853
610 484
1605 931
788 439
713 1417
796 1407
1703 24
1661 1970
1149 1852
491 275
1221 139
1009 902
947 1609
133 671
1568 283
1633 953
1072 94
1635 1112
410 1001
1995 267
1482 984
646 521
799 838
884 1632
106 1114
569 1105
1232 1883
1592 899
769 963
856 49
1314 1335
1917 962
1642 1296
1513 1552
1260 912
120 1110
1703 24
1530 1382
742 189
744 21
331 285
784 1936
1598 1019
894 121
924 1426
1433 1406
463 1267
1732 1060
1186 1009
1123 1588
1271 1573
1323 1215
679 1238
473 1084
1354 965
1055 1257
687 1092
899 318
598 1026
1212 36
1772 1013
691 1003
626 1447
1765 1863
822 1648
753 869
1734 221
997 627
51 1795
1087 405
435 574
485 440
1078 1935
380 1078
626 1447
1135 1289
728 660
1823 1405
679 1238
733 973
954 1600
997 627
535 1276
831 759
1967 155
1642 1296
201 1242
1593 200
216 1764
262 1650
196 580
1371 1943
1300 1421
1346 678
718 1125
1703 24
1248 1927
1918 1958
1638 467
888 67
660 582
887 1256
889 696
1428 924
165 148
212 918
429 1747
847 1297
1228 1167
396 1997
1991 236
1800 259
1062 415
1494 933
1821 777
1646 1771
779 1873
1976 165
1862 981
546 51
1819 1004
1120 1653
1746 1339
1067 852
191 1769
308 600
1192 1495
414 1669
270 1172
1221 139
562 642
636 1851
715 444
1573 1762
1358 692
1279 16
2000 1683
211 1398
1187 771
1878 1748
1650 1578
768 894
1368 1524
548 1968
798 158
691 1003
401 1726
92 1510
157 911
1562 1801
400 831
1091 1413
1565 52
1160 150
336 1268
1325 475
1325 475
913 843
1916 1856
1036 1560
863 1500
565 1376
433 824
237 1310
1603 3
1568 283
1927 1785
1511 1200
570 1342
168 1077
1271 1573
1631 1371
476 102
131 658
1542 329
1797 913
282 793
1185 632
982 1800
635 1652
281 1739
827 346
267 795
1321 1477
169 1882
757 876
425 1508
53 1874
754 1119
1608 1037
1798 394
1093 1091
953 123
309 1161
236 378
486 1915
1397 364
368 1907
1586 1100
149 280
125 81
1085 847
646 521
244 1829
972 1387
902 1412
1686 215
669 951
1629 1122
100 1676
1666 112
408 1408
1179 1221
421 1372
781 1375
136 568
1939 1401
327 1644
1349 1614
923 284
639 1436
1242 1727
397 1241
601 1006
984 282
1141 208
1335 629
120 1110
127 1188
141 1476
219 1608
1130 1488
876 377
508 1260
367 75
1148 943
240 858
236 378
895 1087
863 1500
787 850
1333 1507
1031 235
433 824
1853 1474
1858 422
1303 1226
234 1307
839 336
1597 1999
1482 984
1712 875
672 1014
1980 1224
684 1941
482 1592
882 1597
358 683
984 282
1522 1660
1569 1853
1511 1200
1044 684
1642 1296
1133 1351
1781 1979
1165 1127
601 1006
251 326
1397 364
514 1364
1698 335
1692 1889
1529 878
430 438
717 1384
1818 1779
154 1303
1399 1494
708 82
1003 370
925 115
751 1557
260 997
492 969
544 959
841 1886
1869 1152
585 1216
348 1062
181 272
628 1279
607 1701
1397 364
454 177
623 1214
250 1153
1017 1879
1990 261
1105 952
435 574
320 936
1373 691
19 543
1607 1360
1435 1133
718 1125
1026 1569
32 682
603 1312
1237 989
1424 1712
546 51
1109 948
524 996
343 1837
1269 1183
580 324
380 1078
1116 290
565 1376
1769 250
1397 364
741 173
452 1070
1735 1714
464 367
769 963
945 1329
938 1190
1027 644
1690 1740
1746 1339
254 1753
547 593
903 669
195 339
900 454
1550 1274
1989 1486
54 1621
44 69
1136 1502
234 1307
1365 473
1466 1186
1530 1382
1062 415
1940 369
149 280
881 727
356 176
532 181
497 1835
1837 559
671 1667
976 889
1723 1287
1069 1416
767 890
1563 1533
1574 551
570 1342
1855 527
1852 990
1912 901
1882 1850
443 1368
418 435
1493 190
824 1180
531 1192
868 1649
1699 993
1026 1569
1604 448
1391 1032
1286 477
115 1548
657 2000
516 1420
1922 1760
313 1234
1392 1131
853 1773
767 890
1223 1306
1213 1744
1862 981
111 187
659 768
1852 990
695 414
731 107
1321 1477
1356 1278
1102 1841
676 273
768 894
1941 314
1154 144
1487 1580
1509 344
1871 1870
384 432
654 1885
203 420
976 889
1221 139
1675 468
1256 383
1519 1922
1513 1552
212 918
770 48
886 117
1834 922
1543 1638
1338 555
750 452
694 1532
1355 198
12 244
139 1538
1462 1099
12 244
1230 1563
915 193
701 1662
1641 1904
1207 1230
1137 1561
1213 1744
1813 623
974 409
990 586
571 1954
1450 171
1510 754
364 998
92 1510
69 639
513 697
264 1456
1138 231
1396 345
1660 1483
1116 290
1696 1336
1766 1674
639 1436
1315 1233
407 1984
1978 349
906 1643
1059 761
787 850
1192 1495
497 1835
1613 194
617 1703
1027 644
343 1837
551 1150
104 1490
305 964
1761 322
580 324
1778 1453
490 892
459 1434
1934 1441
578 361
1083 1704
1444 1980
363 1148
1075 12
1963 602
1331 1606
1898 219
176 1005
24 524
1254 1910
1891 514
976 889
1700 1702
1088 1816
1073 1327
40 1156
400 831
1819 1004
350 942
1819 1004
1411 260
1934 1441
776 421
1543 1638
1285 375
1504 575
553 1383
1425 522
777 784
1226 44
1539 243
498 1304
486 1915
1089 1320
1605 931
1109 948
888 67
1869 1152
1648 1386
832 1358
868 1649
1902 608
1704 31
604 1081
298 1451
702 1544
794 811
314 1362
1941 314
1751 1599
825 1617
1696 1336
1461 413
1360 1745
1833 699
1066 601
1842 233
1157 1191
936 1461
19 543
1394 1178
1548 1846
1524 1308
576 1897
998 1633
1388 163
262 1650
1647 379
374 609
324 354
1009 902
153 151
646 521
617 1703
373 1263
1311 1933
1460 651
182 577
1126 157
1144 668
1223 1306
788 439
213 98
486 1915
1609 127
75 1545
1499 391
1638 467
1799 587
1455 1783
1671 455
1827 581
221 821
852 1992
1650 1578
1187 771
516 1420
1490 823
1634 688
515 249
1562 1801
272 491
1345 1555
269 1576
648 308
345 1227
260 997
1718 1044
302 978
1336 159
296 960
421 1372
174 721
302 978
498 1304
1918 1958
139 1538
91 1103
440 1430
1677 634
1359 113
1082 731
994 76
754 1119
1886 459
1329 209
1291 1781
1800 259
1420 357
933 854
1012 1065
496 1802
2 1403
836 372
600 983
1927 1785
431 881
112 1163
509 819
1839 1527
1359 113
632 1665
894 121
355 1724
779 1873
770 48
871 1338
1169 576
1472 537
1883 498
574 152
1652 800
954 1600
1711 1906
591 490
1053 1663
836 372
1532 1562
1108 718
1679 1770
945 1329
1578 136
1863 1393
1773 237
1972 1737
182 577
112 1163
1472 537
1861 547
906 1643
303 1388
762 756
1782 516
713 1417
922 914
1682 1768
934 1689
1921 286
953 123
686 1858
1627 1996
1707 1831
149 280
1606 28
87 206
1379 1787
705 528
1049 1647
337 1309
1371 1943
1555 1985
1217 503
1859 693
1715 1394
520 1810
566 257
119 1459
1749 695
754 1119
801 1696
894 121
1585 274
424 1356
1243 105
1117 748
1305 1341
1421 1824
1794 1963
245 1730
1902 608
861 1823
171 1721
1383 1595
375 1826
1655 925
763 1059
878 588
439 411
1982 266
182 577
841 1886
624 427
415 1253
1073 1327
384 432
707 846
1213 1744
1526 374
137 792
998 1633
1232 1883
1182 1315
1206 1072
430 438
267 795
38 820
443 1368
1436 733
718 1125
1602 967
1568 283
747 1642
1073 1327
570 1342
33 1472
1956 673
738 295
1179 1221
232 1431
993 1248
1917 962
1181 1859
530 202
323 1332
1623 616
999 1645
1217 503
582 25
1135 1289
1680 1780
1771 1888
1911 667
855 160
1371 1943
1357 10
849 611
391 1043
390 74
1708 1202
220 1807
1575 1432
187 1176
1319 859
593 626
1987 347
899 318
1640 119
1708 1202
20 529
945 1329
1093 1091
929 1275
1888 1
593 626
718 1125
441 1539
1459 1765
1048 9
935 1964
1042 1509
1139 1939
1115 1914
1947 950
267 795
345 1227
1433 1406
1066 601
546 51
1623 616
306 1171
654 1885
1285 375
795 1480
1359 113
1556 416
372 1331
1512 704
472 46
1735 1714
1787 665
1325 475
764 100
662 1698
1248 1927
1987 347
989 796
345 1227
787 850
108 1865
1898 219
536 254
151 791
1884 1047
1362 1556
1708 1202
249 706
1621 515
1810 1981
541 395
1411 260
1630 1333
1065 1282
855 160
691 1003
1016 332
913 843
120 1110
1117 748
1196 262
231 1917
700 1982
1130 1488
1175 741
531 1192
363 1148
5 1185
1160 150
1659 1104
119 1459
1103 57
205 1164
482 1592
219 1608
1089 1320
429 1747
464 367
916 941
359 1519
1531 1187
1196 262
1531 1187
149 280
845 258
949 1525
959 1804
349 752
1441 1086
1322 1218
984 282
582 25
1397 364
1146 1397
205 1164
465 1611
310 1615
1483 837
1361 1630
282 793
597 833
1902 608
1621 515
476 102
1222 1687
1684 1921
1011 465
680 457
1949 404
1969 1410
619 652
720 1623
1755 1147
1264 1564
1778 1453
1292 757
45 292
1958 1940
524 996
1322 1218
163 1657
326 628
522 1225
1902 608
1489 1677
593 626
466 319
1264 1564
1663 508
1531 1187
1903 649
580 324
1439 476
1649 1392
472 46
128 1018
215 1022
1058 305
925 115
1483 837
1868 982
616 1819
1548 1846
1542 329
851 717
502 29
1131 256
1056 874
1306 1264
900 454
397 1241
476 102
1076 976
1209 288
970 1404
1224 893
766 512
1382 945
1163 38
615 1139
459 1434
837 562
1549 425
177 1466
1641 1904
1588 343
374 609
122 130
408 1408
1447 590
1900 755
1949 404
1199 1670
45 292
1660 1483
199 1731
1645 1784
1671 455
1207 1230
1825 1709
1739 746
1364 829
1147 1774
143 1641
1602 967
230 1925
289 487
1615 1124
1738 303
1238 1314
363 1148
1629 1122
1552 1468
739 1574
1122 1090
991 1990
878 588
1576 1499
152 1259
44 69
1942 469
504 1213
1672 1792
1871 1870
1710 423
1786 387
1577 1926
985 180
517 1498
1530 1382
1137 1561
394 299
1386 1350
902 1412
500 1204
1122 1090
1833 699
772 14
1511 1200
1236 647
47 1697
1543 1638
1021 906
1278 885
1012 1065
1498 1931
1453 662
852 1992
198 1444
511 1251
1954 557
980 220
1563 1533
1479 203
1841 1699
793 1000
1396 345
1362 1556
359 1519
1574 551
1398 143
453 230
1819 1004
13 1095
1901 1551
1251 1675
1029 510
1661 1970
417 445
305 964
105 935
1488 50
1213 1744
1320 1391
920 1520
551 1150
986 1965
1877 1212
623 1214
1387 101
223 650
720 1623
228 169
1406 1345
1603 3
565 1376
874 957
1747 597
810 245
1509 344
807 313
1485 1751
131 658
592 1051
601 1006
1740 1311
1658 1843
1591 764
1841 1699
1984 1160
682 638
1906 653
11 1031
309 1161
1172 1088
1665 520
936 1461
663 1818
1681 848
825 1617
1626 95
37 72
1645 1784
1808 1820
516 1420
238 955
141 1476
1605 931
1926 1529
1362 1556
1749 695
988 154
23 207
1552 1468
1932 65
696 1812
966 1733
97 289
39 214
343 1837
258 1435
941 1613
1661 1970
135 342
1051 471
1144 668
314 1362
1621 515
798 158
383 1042
1250 1583
126 1758
1609 127
1225 1535
451 1170
1960 460
681 1791
1187 771
688 53
1752 1041
27 1761
570 1342
1773 237
1350 1201
715 444
390 74
357 1628
988 154
835 1395
1055 1257
1193 1686
712 1286
1071 337
1879 279
1685 560
1608 1037
665 1591
1123 1588
609 1978
963 108
531 1192
1946 938
512 1960
71 873
409 406
761 1743
959 1804
1811 333
652 1255
1861 547
678 923
1345 1555
502 29
401 1726
1532 1562
556 1558
1109 948
1382 945
320 936
114 1916
1157 1191
939 625
530 202
1174 1938
1989 1486
1258 1290
678 923
1984 1160
1707 1831
672 1014
787 850
567 132
1791 297
114 1916
1942 469
908 785
1852 990
488 54
1886 459
1529 878
1289 1515
138 988
973 37
1556 416
1467 1924
1432 234
1159 694
1802 390
1115 1914
1345 1555
138 988
1439 476
1394 1178
546 51
1323 1215
1185 632
548 1968
519 1682
1336 159
1434 806
1350 1201
1696 1336
40 1156
236 378
57 773
834 570
431 881
351 863
1826 1775
483 1869
599 18
1119 1967
790 147
1599 1048
619 652
1626 95
84 719
615 1139
1101 1235
356 176
945 1329
37 72
1680 1780
1012 1065
120 1110
959 1804
1760 1541
713 1417
1082 731
1342 937
1756 1598
1919 1266
608 504
1585 274
598 1026
1514 1340
1182 1315
70 1618
1017 1879
1062 415
1408 1108
1762 1219
327 1644
97 289
1541 535
1710 423
812 1220
482 1592
1295 655
673 790
1645 1784
148 1247
600 983
438 2
464 367
1583 20
114 1916
1017 1879
1069 1416
544 959
1121 1634
1935 1517
230 1925
407 1984
1316 1988
1227 1815
1796 385
1544 348
386 1146
1721 1909
1869 1152
1527 1825
260 997
200 816
952 306
1599 1048
1849 513
1866 246
1220 86
1650 1578
1537 1063
232 1431
54 1621
275 199
1418 835
778 1828
498 1304
1867 643
1356 1278
588 146
388 1512
1056 874
1964 458
13 1095
397 1241
1110 1015
1459 1765
784 1936
1157 1191
1922 1760
123 23
107 1302
1213 1744
721 700
795 1480
646 521
845 258
1241 725
207 1448
1727 442
1954 557
263 90
1296 1692
1307 1777
1090 1811
1844 1378
1273 1366
1394 1178
710 1549
760 1471
1846 1782
212 918
1462 1099
1482 984
1005 517
489 523
976 889
936 1461
248 620
1923 840
1127 772
1603 3
433 824
919 1786
947 1609
116 882
1566 410
544 959
1687 1855
477 1708
1881 309
1745 1794
299 743
1330 633
206 1182
1528 1834
1507 1354
1892 1409
1219 1671
135 342
1566 410
147 686
113 822
1709 103
936 1461
1390 85
1449 486
1148 943
1810 1981
1301 1536
465 1611
837 562
1819 1004
870 1679
1468 311
797 1902
801 1696
1919 1266
553 1383
1133 1351
1900 755
564 966
1866 246
1768 767
1358 692
752 1942
1741 1593
93 1126
1061 426
253 1470
299 743
751 1557
309 1161
42 732
1592 899
1468 311
1320 1391
1750 808
1589 656
924 1426
810 245
937 175
774 713
1475 373
1340 928
1926 1529
1320 1391
1657 60
1163 38
204 1966
1187 771
296 960
754 1119
38 820
413 1493
592 1051
448 59
1410 1027
986 1965
1785 664
1096 968
1167 1624
737 930
1813 623
714 33
1549 425
857 1363
873 1550
1801 1243
392 1228
1200 1531
300 87
393 223
1400 556
133 671
1373 691
86 1300
1863 1393
1225 1535
509 819
1922 1760
1624 1693
308 600
1467 1924
1959 1208
1375 1719
1214 1646
1587 1455
1760 1541
640 817
743 797
1374 749
531 1192
754 1119
1149 1852
428 185
147 686
1034 714
413 1493
1587 1455
551 1150
778 1828
872 1321
643 298
1927 1785
1346 678
1989 1486
1810 1981
856 49
1457 84
368 1907
1632 1155
1285 375
999 1645
458 340
1483 837
1274 612
576 1897
1076 976
1328 43
947 1609
1382 945
809 239
583 1772
1458 583
837 562
1949 404
1489 1677
1294 1292
1748 828
1395 1093
1151 595
1638 467
666 1323
1807 1725
1007 79
416 1089
787 850
181 272
1083 1704
566 257
315 1881
243 1680
2000 1683
463 1267
1001 1626
1594 62
1173 1706
1867 643
1772 1013
1867 643
1291 1781
1425 522
827 346
628 1279
227 1207
798 158
1779 195
522 1225
1905 183
1903 649
1188 196
762 756
1259 1262
1688 672
1037 1957
1138 231
1291 1781
1335 629
337 1309
365 356
876 377
1457 84
439 411
1614 868
1131 256
939 625
878 588
253 1470
1118 302
1187 771
1195 450
621 1559
438 2
477 1708
578 361
1219 1671
1672 1792
1001 1626
1755 1147
1295 655
1758 1438
1103 57
881 727
235 1098
919 1786
1912 901
1554 1485
1285 375
1289 1515
126 1758
1729 191
1384 1809
1986 734
1916 1856
1363 554
1917 962
522 1225
1307 1777
1179 1221
85 1245
1866 246
490 892
544 959
1159 694
1258 1290
1992 1107
598 1026
316 1285
67 972
1493 190
856 49
1717 1929
1133 1351
207 1448
261 929
1885 1497
1264 1564
1602 967
562 642
625 898
1072 94
1300 1421
1217 503
859 269
621 1559
1679 1770
1638 467
1095 971
1022 1270
1234 1068
1488 50
147 686
858 724
1728 1002
754 1119
1223 1306
321 88
22 1876
807 313
1632 1155
1680 1780
1483 837
1379 1787
1295 655
797 1902
1101 1235
445 128
1053 1663
1728 1002
1123 1588
645 17
823 909
1880 934
857 1363
1652 800
1665 520
381 1075
1398 143
806 327
383 1042
757 876
1562 1801
1864 896
148 1247
1232 1883
66 433
1916 1856
957 801
69 639
1329 209
998 1633
843 552
1770 1866
1961 1046
232 1431
1564 919
1781 1979
711 492
1325 475
797 1902
171 1721
1952 1716
1140 569
1597 1999
1210 1217
6 1877
774 713
1033 392
798 158
757 876
24 524
1290 975
598 1026
969 1986
1983 565
829 670
1937 397
539 1582
1499 391
480 711
344 710
1819 1004
374 609
858 724
490 892
744 21
703 1030
304 1528
954 1600
456 210
1209 288
1766 1674
218 1713
1221 139
209 946
738 295
1051 471
1210 1217
101 1955
410 1001
427 1249
741 173
1716 685
1594 62
1801 1243
441 1539
943 114
534 538
1384 1809
73 47
110 164
279 1903
1418 835
633 726
1763 1113
1945 167
503 296
1680 1780
512 1960
821 222
1685 560
1319 859
439 411
1019 232
1548 1846
137 792
413 1493
635 1652
1802 390
368 1907
411 1546
1957 987
1208 1179
99 550
77 170
1812 1010
327 1644
1634 688
1565 52
1823 1405
278 1177
1329 209
1762 1219
832 1358
630 277
315 1881
560 1074
406 1402
1418 835
534 538
941 1613
406 1402
1461 413
1885 1497
850 1587
101 1955
470 1776
787 850
250 1153
1816 578
990 586
286 1664
391 1043
705 528
456 210
1671 455
1159 694
1382 945
1367 1605
844 1969
904 661
1276 1890
1394 1178
30 1174
1661 1970
1653 605
697 362
964 1944
742 189
361 96
1939 1401
537 1586
1936 1280
1375 1719
1058 305
897 1547
1316 1988
809 239
598 1026
943 114
1535 1184
268 1118
1169 576
1385 226
1397 364
728 660
1494 933
462 474
48 895
153 151
1355 198
872 1321
1386 1350
914 1283
39 214
602 849
527 803
742 189
410 1001
1091 1413
403 1135
1635 1112
653 1418
1845 1862
1235 910
396 1997
1718 1044
1713 145
259 141
892 1661
1236 647
1433 1406
463 1267
1362 1556
86 1300
1955 783
209 946
907 745
1976 165
1849 513
1211 903
332 1732
1608 1037
689 341
1266 1895
1876 961
1560 740
1617 1763
1109 948
1901 1551
1572 1322
261 929
450 788
241 751
1533 1487
788 439
903 669
621 1559
1644 1025
654 1885
79 641
133 671
1195 450
189 270
466 319
1585 274
1376 530
263 90
954 1600
1348 1328
1466 1186
955 545
622 915
1373 691
1605 931
81 402
557 563
1718 1044
1640 119
1334 1947
857 1363
705 528
869 1526
32 682
210 78
1188 196
61 592
534 538
1559 1136
1454 798
22 1876
755 1123
373 1263
1910 93
610 484
100 1676
1429 1106
1415 676
1012 1065
34 1534
422 716
1135 1289
696 1812
1800 259
1788 677
1073 1327
1444 1980
908 785
1285 375
98 864
835 1395
1919 1266
791 607
1358 692
516 1420
1604 448
1979 1672
496 1802
1844 1378
715 444
1146 1397
568 679
1134 1298
1050 80
835 1395
1532 1562
1993 1735
68 802
853 1773
394 299
447 399
1257 1130
638 179
173 509
420 1334
508 1260
1811 333
1298 1016
175 1357
1798 394
1727 442
299 743
1359 113
1163 38
366 525
736 1040
223 650
1499 391
1538 1373
1430 1142
972 1387
1782 516
357 1628
1853 1474
353 352
1886 459
1038 1446
1184 750
590 566
1925 610
239 786
1838 1052
861 1823
66 433
1624 1693
619 652
807 313
452 1070
984 282
1777 264
1237 989
1408 1108
148 1247
1412 1636
197 1723
56 1827
1759 182
846 396
1714 598
431 881
592 1051
975 1049
1190 1422
1484 891
1818 1779
139 1538
1991 236
1656 1071
200 816
84 719
1270 501
65 1973
1328 43
1569 1853
1843 648
1446 1977
1282 1681
1510 754
413 1493
442 1465
1284 1359
924 1426
870 1679
1811 333
1307 1777
1869 1152
965 1141
1503 1607
110 164
1385 226
409 406
279 1903
479 1064
1995 267
666 1323
130 1083
950 703
723 1134
228 169
312 58
709 558
1357 10
780 920
1230 1563
1005 517
1580 778
472 46
23 207
1124 887
462 474
650 1076
539 1582
1809 19
772 14
766 512
1147 1774
1913 1844
674 1250
494 1790
32 682
1632 1155
1733 1987
31 1277
939 625
1057 91
829 670
732 540
376 839
1666 112
876 377
693 1845
1391 1032
1153 1115
1750 808
1385 226
321 88
1791 297
999 1645
391 1043
249 706
1115 1914
1592 899
37 72
1113 1484
678 923
1246 1861
79 641
1950 1620
613 1439
1337 1165
280 654
1468 311
774 713
1076 976
1703 24
1554 1485
116 882
88 502
880 120
1808 1820
1889 380
83 6
157 911
1555 1985
320 936
1297 770
1254 1910
296 960
196 580
1441 1086
1622 1961
1669 1007
606 857
768 894
1222 1687
1122 1090
72 1209
1784 1128
1333 1507
1343 1523
495 1021
1037 1957
1105 952
366 525
296 960
570 1342
1073 1327
1167 1624
1459 1765
1476 360
1056 874
585 1216
1020 1685
1178 810
181 272
1323 1215
1010 1691
1250 1583
1544 348
95 1370
1107 1793
1876 961
847 1297
779 1873
1345 1555
642 320
89 1993
1985 1143
114 1916
625 898
1275 762
282 793
1204 979
1096 968
1786 387
81 402
748 1908
339 1239
1688 672
478 1871
1014 1848
1483 837
292 217
1165 1127
411 1546
1774 927
677 1492
846 396
788 439
1593 200
1285 375
118 1028
1414 1281
1623 616
1976 165
39 214
58 1244
910 1464
65 1973
1866 246
1005 517
1944 1789
1628 70
1972 1737
844 1969
197 1723
1885 1497
553 1383
1343 1523
1302 1880
999 1645
521 1450
493 599
1544 348
1651 1158
1217 503
1294 1292
1000 1896
351 863
392 1228
166 1348
100 1676
1596 940
985 180
482 1592
396 1997
1278 885
1225 1535
204 1966
125 81
932 830
511 1251
1893 1755
719 1017
284 742
395 818
1558 312
1808 1820
454 177
870 1679
62 1229
919 1786
1633 953
720 1623
1977 877
982 1800
128 1018
1828 1759
330 178
1394 1178
1008 307
446 1639
463 1267
1128 701
1823 1405
614 365
778 1828
990 586
123 23
144 61
1574 551
1567 301
838 321
698 408
1755 1147
483 1869
329 1974
71 873
797 1902
1339 1868
1546 883
1232 1883
601 1006
1452 769
376 839
297 544
1123 1588
432 41
1180 1728
1082 731
1314 1335
1674 856
433 824
878 588
1799 587
1269 1183
74 122
135 342
187 1176
1095 971
1849 513
951 1594
1327 1948
1004 1884
1434 806
285 494
1414 1281
904 661
834 570
676 273
1013 880
1729 191
931 126
748 1908
394 299
1080 1039
1034 714
649 1195
105 935
317 1082
387 13
1217 503
1682 1768
1243 105
1023 461
894 121
622 915
1232 1883
567 132
1933 1097
298 1451
310 1615
52 705
299 743
1013 880
1870 1655
95 1370
150 860
1828 1759
1510 754
1786 387
1394 1178
996 1352
764 100
823 909
1184 750
1734 221
1609 127
1868 982
1984 1160
402 1029
1654 156
639 1436
9 1579
1968 1252
1661 1970
1826 1775
1270 501
572 904
646 521
1936 1280
125 81
582 25
1722 1860
795 1480
1633 953
424 1356
1844 1378
1042 1509
1000 1896
1919 1266
1650 1578
1755 1147
380 1078
1722 1860
942 417
1344 1542
970 1404
844 1969
1467 1924
1989 1486
1907 1666
146 1849
1660 1483
1161 1673
441 1539
12 244
191 1769
746 1399
1351 1937
1149 1852
1349 1614
701 1662
1624 1693
1230 1563
939 625
830 1610
1230 1563
157 911
119 1459
1118 302
1755 1147
418 435
1663 508
1577 1926
87 206
124 1797
1375 1719
833 1462
1141 208
318 338
1973 657
1244 1503
1121 1634
1478 698
1917 962
609 1978
1914 1057
406 1402
531 1192
1683 1467
782 39
490 892
1059 761
1437 1454
1077 1654
1498 1931
817 1458
1321 1477
1661 1970
1924 1377
1639 949
280 654
47 1697
90 1140
1607 1360
1820 1741
1299 1891
934 1689
248 620
324 354
817 1458
179 690
550 1543
1702 92
1427 328
43 1814
1439 476
1556 416
1094 1293
424 1356
1101 1235
867 1637
1450 171
951 1594
1607 1360
534 538
1226 44
46 985
1832 125
833 1462
335 5
1797 913
1445 708
380 1078
1030 1337
117 1223
1771 1888
949 1525
141 1476
2000 1683
1218 722
1625 1258
1257 1130
1965 1055
1914 1057
177 1466
1761 322
178 1707
742 189
85 1245
1183 1121
75 1545
1307 1777
1893 1755
1273 1366
1956 673
452 1070
496 1802
124 1797
159 947
283 1912
608 504
1135 1289
267 795
226 730
1623 616
1081 994
1322 1218
353 352
1342 937
1170 1355
721 700
548 1968
1668 351
1440 227
119 1459
157 911
1067 852
1162 763
849 611
270 1172
442 1465
802 116
489 523
342 1729
169 1882
1159 694
1494 933
1529 878
1118 302
1575 1432
1656 1071
1261 1514
1644 1025
73 47
1361 1630
1952 1716
1185 632
54 1621
1115 1914
574 152
1656 1071
888 67
1444 1980
1402 1690
846 396
1589 656
242 1923
1191 1325
1411 260
1373 691
879 1604
90 1140
1701 674
809 239
1547 1898
659 768
976 889
1547 1898
1296 1692
217 129
421 1372
1735 1714
818 1424
1750 808
707 846
1056 874
897 1547
716 645
1994 1627
1240 11
965 1141
444 304
289 487
706 872
1451 631
1983 565
1611 766
1807 1725
1130 1488
1901 1551
938 1190
205 1164
1422 1506
815 1347
146 1849
281 1739
193 382
838 321
1084 1994
523 1050
805 376
1830 1117
248 620
1528 1834
926 954
1988 424
1411 260
1326 861
1330 633
1514 1340
675 463
1047 1301
1769 250
1481 584
969 1986
1532 1562
319 398
1319 859
1961 1046
1737 775
1671 455
1729 191
249 706
1572 1322
1267 1445
696 1812
152 1259
6 1877
1522 1660
1755 1147
1718 1044
707 846
946 813
726 1169
1161 1673
1510 754
1070 851
239 786
1649 1392
1786 387
319 398
519 1682
1308 1094
144 61
583 1772
774 713
1038 1446
1239 400
53 1874
1647 379
1693 663
1776 64
68 802
1928 1168
1899 430
340 1521
616 1819
837 562
364 998
598 1026
1855 527
830 1610
450 788
263 90
1766 1674
93 1126
1932 65
258 1435
714 33
466 319
1620 855
542 1854
921 1900
137 792
1790 462
1560 740
1414 1281
79 641
1239 400
410 1001
956 111
1148 943
1334 1947
789 1173
1781 1979
922 914
991 1990
1977 877
313 1234
1453 662
1720 197
81 402
688 53
1382 945
1573 1762
1352 1756
1063 172
1979 1672
777 784
125 81
1103 57
500 1204
299 743
717 1384
656 1101
39 214
1428 924
961 618
1831 456
1666 112
1868 982
847 1297
354 1991
6 1877
1110 1015
548 1968
1396 345
413 1493
1814 63
1611 766
324 354
729 22
1609 127
1242 1727
1019 232
1580 778
878 588
1122 1090
982 1800
770 48
1695 1316
1421 1824
618 1695
1594 62
1369 776
619 652
199 1731
677 1492
242 1923
1728 1002
1684 1921
1092 355
1543 1638
1121 1634
1272 1808
1145 1079
1233 1750
1223 1306
423 707
1854 1344
943 114
1921 286
1772 1013
424 1356
310 1615
1348 1328
603 1312
559 807
1192 1495
1178 810
151 791
1939 1401
1733 1987
64 184
705 528
1966 1138
436 862
1401 368
991 1990
1202 1635
1195 450
1790 462
1652 800
785 45
1839 1527
820 493
575 1959
685 944
1980 1224
708 82
182 577
274 1181
1818 1779
1940 369
1759 182
710 1549
670 495
717 1384
828 1596
279 1903
357 1628
405 1622
1144 668
1032 507
1969 1410
563 736
507 539
563 736
1078 1935
597 833
686 1858
1008 307
1283 534
391 1043
1913 1844
543 1806
120 1110
770 48
1534 418
1279 16
488 54
463 1267
1785 664
242 1923
1232 1883
72 1209
1453 662
1120 1653
1382 945
681 1791
53 1874
1197 1069
154 1303
680 457
521 1450
1828 1759
1135 1289
1284 1359
1622 1961
283 1912
1390 85
1398 143
303 1388
622 915
406 1402
827 346
1624 1693
989 796
519 1682
1572 1322
306 1171
1002 1738
816 794
1897 1390
1612 1972
845 258
1795 932
586 1374
353 352
1375 1719
1250 1583
659 768
1834 922
961 618
1226 44
1465 1035
1264 1564
314 1362
9 1579
858 724
99 550
1080 1039
1802 390
1244 1503
546 51
1749 695
706 872
207 1448
1885 1497
1975 135
1189 68
1716 685
86 1300
629 681
1566 410
1710 423
1960 460
733 973
1734 221
1023 461
1335 629
942 417
620 1799
1053 1663
1969 1410
1274 612
451 1170
306 1171
772 14
1607 1360
1683 1467
1975 135
357 1628
261 929
1890 1385
1121 1634
1620 855
270 1172
264 1456
1598 1019
28 765
1647 379
1778 1453
1701 674
207 1448
1767 1429
589 89
865 83
1191 1325
872 1321
317 1082
1165 1127
1819 1004
177 1466
623 1214
802 116
996 1352
1717 1929
1924 1377
446 1639
1215 353
95 1370
608 504
789 1173
754 1119
780 920
155 149
257 446
234 1307
973 37
861 1823
1328 43
1711 1906
1553 646
1293 419
1888 1
1217 503
637 316
78 1951
174 721
1960 460
1159 694
1274 612
750 452
1045 1423
743 797
1600 1893
457 1962
707 846
768 894
1880 934
1822 591
1906 653
321 88
185 153
1736 35
1895 393
189 270
867 1637
1470 1840
427 1249
225 310
118 1028
641 1419
72 1209
1697 533
615 1139
1531 1187
741 173
881 727
730 1379
611 248
1258 1290
1564 919
1736 35
1663 508
1944 1789
1187 771
1681 848
1784 1128
1530 1382
1709 103
257 446
1726 1211
775 1396
739 1574
1240 11
1921 286
239 786
266 1442
36 594
592 1051
336 1268
1355 198
598 1026
744 21
1447 590
1964 458
54 1621
1688 672
1327 1948
1220 86
1130 1488
1586 1100
1595 407
1739 746
599 18
178 1707
446 1639
1913 1844
1656 1071
152 1259
1063 172
260 997
1433 1406
1039 1905
29 56
148 1247
1681 848
704 1971
1888 1
644 238
314 1362
572 904
1816 578
889 696
1422 1506
1050 80
1609 127
757 876
1393 204
1866 246
1140 569
171 1721
1142 1349
716 645
28 765
1807 1725
1245 1932
1023 461
1676 1901
1387 101
747 1642
1725 865
95 1370
1439 476
1234 1068
922 914
634 247
863 1500
1983 565
1524 1308
1014 1848
1661 1970
1496 131
50 218
651 939
1023 461
1649 1392
1767 1429
879 1604
1907 1666
1194 428
1134 1298
1372 1934
1186 1009
189 270
1476 360
1160 150
1655 925
549 265
582 25
1043 917
1077 1654
1509 344
1171 1867
727 1056
402 1029
989 796
1412 1636
1353 1629
777 784
632 1665
261 929
1055 1257
1836 542
1180 1728
1606 28
1520 747
1321 1477
1700 1702
384 432
304 1528
1932 65
784 1936
1049 1647
896 1749
779 1873
861 1823
1077 1654
188 1361
558 464
821 222
57 773
170 1034
1838 1052
1528 1834
770 48
1339 1868
703 1030
946 813
1687 1855
1498 1931
1527 1825
1660 1483
1840 1479
254 1753
35 137
1219 1671
218 1713
1737 775
361 96
1942 469
1082 731
1300 1421
546 51
1968 1252
684 1941
530 202
980 220
1346 678
1763 1113
375 1826
1774 927
967 1805
15 787
1504 575
722 1189
1648 1386
1287 825
31 1277
1824 1659
783 518
876 377
247 1367
1974 1796
638 179
1640 119
49 614
278 1177
1318 271
347 567
1107 1793
29 56
263 90
1047 1301
1415 676
1571 1175
100 1676
1145 1079
710 1549
112 1163
1012 1065
1495 866
1765 1863
774 713
402 1029
669 951
330 178
1833 699
1103 57
984 282
1249 781
1594 62
1108 718
591 490
1477 1651
1713 145
1386 1350
762 756
683 1369
1277 323
981 992
1177 1705
1313 40
1669 1007
1728 1002
1231 431
64 184
1497 138
969 1986
1755 1147
1706 55
1570 1154
1988 424
25 466
1007 79
1550 1274
388 1512
657 2000
1663 508
1221 139
1482 984
664 1294
586 1374
1145 1079
1759 182
1485 1751
879 1604
329 1974
1818 1779
1408 1108
1151 595
1959 1208
760 1471
1222 1687
288 1197
1442 1700
1151 595
736 1040
1662 77
807 313
893 519
946 813
269 1576
328 1757
1886 459
1114 1425
1462 1099
1190 1422
1444 1980
1907 1666
1002 1738
1778 1453
1380 1640
1131 256
963 108
640 817
469 1684
1242 1727
1037 1957
1448 505
1157 1191
1363 554
1523 532
1975 135
1494 933
1787 665
462 474
1041 926
63 8
746 1399
1636 1872
905 437
1268 1269
420 1334
1265 805
410 1001
12 244
1901 1551
1948 1162
1428 924
1016 332
1123 1588
1754 1504
304 1528
1839 1527
1085 847
32 682
609 1978
486 1915
87 206
995 1246
1524 1308
491 275
363 1148
1183 1121
653 1418
1588 343
752 1942
123 23
120 1110
1218 722
1655 925
362 240
1139 1939
259 141
679 1238
875 1566
758 1415
877 531
137 792
47 1697
88 502
839 336
1836 542
844 1969
1801 1243
229 958
1270 501
1826 1775
102 729
673 790
468 637
904 661
1130 1488
1189 68
1837 559
952 306
1381 867
1774 927
1664 7
222 1570
803 1443
1926 1529
1520 747
545 192
1275 762
1132 1571
1334 1947
995 1246
513 697
1524 1308
474 1073
1985 1143
1259 1262
194 263
1508 884
1965 1055
909 1449
821 222
492 969
1351 1937
161 1237
1316 1988
385 1945
1280 30
1844 1378
1976 165
1291 1781
259 141
1014 1848
1658 1843
1256 383
368 1907
1492 853
1669 1007
92 1510
117 1223
1726 1211
1946 938
1623 616
371 712
1413 1061
1973 657
373 1263
935 1964
1296 1692
1003 370
950 703
773 1240
731 107
1282 1681
1814 63
1073 1327
1028 1953
1522 1660
1570 1154
1537 1063
1240 11
1398 143
1401 368
1078 1935
575 1959
1522 1660
782 39
862 809
946 813
118 1028
1111 188
1533 1487
219 1608
882 1597
1332 1261
1695 1316
915 193
1215 353
1734 221
180 1817
310 1615
1862 981
329 1974
1091 1413
91 1103
852 1992
1455 1783
518 228
468 637
1690 1740
514 1364
475 1803
573 1833
974 409
246 1585
945 1329
468 637
922 914
1146 1397
1775 278
111 187
1731 447
165 148
1207 1230
1972 1737
549 265
1548 1846
1817 636
177 1466
1559 1136
596 1734
1976 165
599 18
1446 1977
1211 903
1669 1007
71 873
1091 1413
1486 511
1618 216
1437 1454
1092 355
1960 460
1028 1953
1834 922
615 1139
1036 1560
1502 1023
1748 828
896 1749
1468 311
1988 424
1459 1765
1857 573
143 1641
1578 136
1734 221
762 756
1996 1918
1277 323
463 1267
410 1001
1221 139
1530 1382
707 846
558 464
924 1426
679 1238
686 1858
381 1075
1754 1504
1358 692
691 1003
1832 125
1644 1025
461 381
1564 919
1191 1325
1113 1484
1491 779
351 863
1007 79
1149 1852
635 1652
900 454
1737 775
1316 1988
195 339
44 69
1022 1270
795 1480
195 339
1744 744
47 1697
1641 1904
1049 1647
1654 156
763 1059
1271 1573
446 1639
1225 1535
1693 663
1987 347
1756 1598
1430 1142
750 452
136 568
336 1268
210 78
1543 1638
967 1805
1495 866
1289 1515
163 1657
686 1858
859 269
814 1452
1302 1880
657 2000
1800 259
1496 131
1097 1291
1842 233
1939 1401
637 316
236 378
880 120
453 230
859 269
200 816
116 882
105 935
578 361
1469 897
685 944
191 1769
1129 834
1068 66
1547 1898
1178 810
479 1064
1324 449
641 1419
1984 1160
945 1329
184 1513
280 654
460 485
536 254
1968 1252
1297 770
1315 1233
1620 855
977 488
851 717
1113 1484
960 1206
1361 1630
1988 424
1192 1495
264 1456
723 1134
1802 390
606 857
1529 878
1591 764
1204 979
566 257
1491 779
598 1026
1221 139
1596 940
1538 1373
1602 967
228 169
750 452
1410 1027
1134 1298
750 452
73 47
305 964
1382 945
764 100
889 696
135 342
79 641
181 272
896 1749
543 1806
1193 1686
1372 1934
1805 1254
1851 1054
1171 1867
435 574
1862 981
810 245
714 33
106 1114
1846 1782
342 1729
496 1802
434 1568
1579 1011
387 13
1288 358
1534 418
851 717
1699 993
248 620
1006 1222
1592 899
819 1460
889 696
1241 725
1249 781
1497 138
489 523
259 141
1511 1200
1427 328
61 592
1786 387
754 1119
1717 1929
1980 1224
1995 267
1209 288
334 1887
352 1491
1731 447
347 567
1417 1822
1805 1254
718 1125
28 765
351 863
391 1043
568 679
1164 1067
961 618
845 258
381 1075
163 1657
1145 1079
898 572
625 898
1918 1958
993 1248
1324 449
1201 1589
518 228
983 1120
1262 1746
530 202
737 930
1751 1599
1005 517
1692 1889
732 540
1198 1033
1289 1515
1595 407
862 809
1863 1393
16 1710
1001 1626
97 289
188 1361
1690 1740
1429 1106
474 1073
1052 1053
1363 554
1280 30
1394 1178
229 958
1359 113
743 797
1225 1535
1536 1511
1686 215
1702 92
1147 1774
1999 549
1600 1893
464 367
1772 1013
1924 1377
1544 348
1484 891
695 414
1021 906
404 1847
1376 530
1859 693
345 1227
385 1945
345 1227
1693 663
1701 674
298 1451
1816 578
1766 1674
830 1610
1808 1820
1050 80
1725 865
703 1030
987 1920
1649 1392
567 132
1854 1344
890 480
1463 366
250 1153
1568 283
1472 537
1945 167
1757 1085
203 420
327 1644
1726 1211
418 435
1921 286
467 1554
1119 1967
669 951
1847 1995
1941 314
596 1734
280 654
641 1419
1356 1278
1711 1906
422 716
1936 1280
1363 554
198 1444
268 1118
970 1404
1367 1605
440 1430
1174 1938
1140 569
1753 1830
336 1268
262 1650
1154 144
1553 646
376 839
1961 1046
1585 274
1142 1349
1576 1499
811 1132
1808 1820
1068 66
699 1198
2 1403
912 1199
561 1668
1449 486
272 491
1234 1068
1348 1328
1257 1130
274 1181
749 640
1350 1201
435 574
1743 15
1293 419
770 48
1252 1711
988 154
756 1232
821 222
1457 84
821 222
1772 1013
1610 1313
1172 1088
425 1508
538 659
1547 1898
1813 623
23 207
342 1729
626 1447
1807 1725
45 292
1030 1337
1043 917
524 996
1348 1328
1428 924
1257 1130
185 153
1273 1366
1023 461
1016 332
1647 379
372 1331
342 1729
391 1043
266 1442
1098 842
354 1991
1514 1340
215 1022
1315 1233
936 1461
36 594
349 752
1021 906
1075 12
1677 634
215 1022
1756 1598
1828 1759
1972 1737
556 1558
15 787
1090 1811
1722 1860
461 381
1332 1261
1358 692
574 152
1304 1194
1001 1626
1654 156
278 1177
1002 1738
1563 1533
908 785
452 1070
57 773
537 1586
1106 709
27 1761
1867 643
1783 908
292 217
1392 1131
1122 1090
63 8
718 1125
235 1098
1349 1614
1596 940
288 1197
1942 469
932 830
113 822
818 1424
534 538
1620 855
1251 1675
1243 105
847 1297
1421 1824
953 123
1931 980
784 1936
1342 937
1348 1328
1699 993
1042 1509
545 192
14 1949
1209 288
69 639
743 797
759 737
1802 390
1035 1913
1838 1052
153 151
1781 1979
464 367
1694 845
1918 1958
1872 1058
1717 1929
934 1689
787 850
1048 9
1392 1131
525 974
500 1204
1190 1422
642 320
1211 903
1486 511
1422 1506
751 1557
1944 1789
751 1557
1493 190
180 1817
465 1611
1274 612
1874 1205
520 1810
646 521
811 1132
1028 1953
607 1701
724 1411
1967 155
1142 1349
653 1418
1722 1860
1041 926
1926 1529
1830 1117
1201 1589
685 944
1741 1593
871 1338
1965 1055
506 140
62 1229
426 162
1099 110
186 291
594 1473
1761 322
1180 1728
655 888
898 572
13 1095
1440 227
1386 1350
53 1874
1127 772
850 1587
23 207
937 175
821 222
1768 767
819 1460
901 1478
1341 571
488 54
948 1946
91 1103
252 1193
416 1089
562 642
456 210
690 553
814 1452
415 1253
1433 1406
350 942
1239 400
2000 1683
1043 917
824 1180
864 161
1133 1351
1942 469
996 1352
791 607
646 521
433 824
1028 1953
669 951
1420 357
1291 1781
1146 1397
1310 1976
783 518
1350 1201
742 189
219 1608
1220 86
1475 373
675 463
270 1172
1753 1830
100 1676
79 641
1304 1194
1805 1254
1863 1393
1816 578
1387 101
1210 1217
1181 1859
1474 738
516 1420
1279 16
1772 1013
855 160
177 1466
1854 1344
1654 156
68 802
1711 1906
1450 171
739 1574
794 811
1500 1522
1576 1499
932 830
527 803
808 384
843 552
1455 1783
817 1458
1570 1154
1826 1775
331 285
1864 896
751 1557
298 1451
52 705
409 406
1946 938
96 124
1685 560
903 669
234 1307
291 622
1240 11
204 1966
378 1567
1956 673
121 720
1226 44
731 107
45 292
1658 1843
1276 1890
1852 990
472 46
658 1196
954 1600
257 446
966 1733
960 1206
531 1192
842 412
1650 1578
1225 1535
1878 1748
962 589
1423 134
259 141
1377 1012
985 180
534 538
291 622
249 706
1127 772
1027 644
1192 1495
77 170
87 206
74 122
72 1209
210 78
1818 1779
433 824
676 273
669 951
1465 1035
733 973
884 1632
1243 105
334 1887
1482 984
1967 155
827 346
1566 410
225 310
578 361
1896 541
1260 912
191 1769
1006 1222
1816 578
402 1029
651 939
1601 1778
740 1928
820 493
1936 1280
1764 1353
1472 537
1892 1409
1344 1542
424 1356
400 831
1370 561
440 1430
1542 329
765 1231
591 490
1723 1287
1873 1717
35 137
1261 1514
854 287
991 1990
1591 764
1265 805
431 881
1783 908
1774 927
175 1357
1056 874
528 166
1011 465
1121 1634
470 1776
111 187
750 452
1122 1090
632 1665
1145 1079
69 639
389 1203
1331 1606
931 126
973 37
283 1912
1922 1760
905 437
107 1302
917 386
346 359
1679 1770
157 911
1114 1425
1783 908
330 178
515 249
1103 57
481 330
202 1631
1615 1124
1414 1281
1679 1770
1561 1584
912 1199
880 120
1533 1487
1532 1562
1309 1151
540 441
1089 1320
656 1101
706 872
1585 274
961 618
1115 1914
1272 1808
686 1858
404 1847
1765 1863
265 995
1513 1552
73 47
1075 12
1262 1746
1400 556
385 1945
642 320
1526 374
1362 1556
450 788
493 599
1803 1326
1074 1116
1032 507
18 470
509 819
1185 632
926 954
555 1832
275 199
1469 897
809 239
1977 877
785 45
12 244
457 1962
1282 1681
1603 3
1714 598
870 1679
648 308
1110 1015
82 1496
223 650
666 1323
1956 673
641 1419
857 1363
1657 60
771 804
295 1295
1464 1930
61 592
1083 1704
1579 1011
1462 1099
1847 1995
693 1845
1934 1441
63 8
1075 12
1916 1856
54 1621
1979 1672
1420 357
516 1420
568 679
123 23
363 1148
1998 1656
116 882
1865 1899
1777 264
816 794
1597 1999
333 1678
331 285
706 872
296 960
1477 1651
1013 880
358 683
962 589
21 268
818 1424
1448 505
559 807
332 1732
633 726
558 464
1502 1023
794 811
414 1669
747 1642
24 524
410 1001
932 830
1005 517
1231 431
1073 1327
1210 1217
1198 1033
810 245
1155 780
183 789
1230 1563
1024 603
1430 1142
1666 112
444 304
948 1946
1856 133
796 1407
664 1294
202 1631
745 255
1395 1093
1622 1961
1213 1744
1086 1540
1226 44
759 737
1105 952
1029 510
1202 1635
916 941
1944 1789
1770 1866
1689 1210
345 1227
1877 1212
1510 754
1087 405
729 22
386 1146
507 539
402 1029
1108 718
401 1726
987 1920
882 1597
222 1570
1998 1656
403 1135
213 98
908 785
1102 1841
808 384
334 1887
346 359
286 1664
66 433
855 160
99 550
412 1020
664 1294
1062 415
1597 1999
1142 1349
1532 1562
173 509
593 626
1859 693
1639 949
724 1411
1437 1454
1596 940
1700 1702
1294 1292
494 1790
660 582
1826 1775
1778 1453
1601 1778
1278 885
343 1837
6 1877
179 690
1236 647
1287 825
1682 1768
187 1176
994 76
943 114
1663 508
1605 931
1885 1497
1839 1527
271 1754
64 184
1210 1217
998 1633
1162 763
1350 1201
1926 1529
885 758
464 367
1041 926
1150 506
867 1637
1433 1406
1323 1215
1203 1752
1471 1894
433 824
1623 616
165 148
140 689
1082 731
1257 1130
255 317
1847 1995
1170 1355
428 185
110 164
452 1070
475 1803
754 1119
356 176
1483 837
20 529
776 421
670 495
1593 200
216 1764
1376 530
272 491
1979 1672
894 121
381 1075
1833 699
623 1214
705 528
1885 1497
1142 1349
826 4
76 434
297 544
1122 1090
1048 9
1824 1659
636 1851
390 74
429 1747
634 247
223 650
890 480
752 1942
1857 573
412 1020
1372 1934
834 570
1040 1575
708 82
1064 401
1662 77
367 75
737 930
74 122
1146 1397
286 1664
1730 1437
1289 1515
1008 307
350 942
1708 1202
307 680
1554 1485
1678 99
210 78
899 318
1400 556
1234 1068
337 1309
45 292
903 669
41 1813
1755 1147
1151 595
1468 311
1906 653
867 1637
1775 278
1682 1768
524 996
1320 1391
1889 380
1787 665
1149 1852
1202 1635
1728 1002
1762 1219
1237 989
946 813
971 1365
181 272
1507 1354
1937 397
1817 636
323 1332
657 2000
472 46
90 1140
116 882
975 1049
1817 636
114 1916
1959 1208
1293 419
307 680
318 338
189 270
834 570
1630 1333
1843 648
232 1431
728 660
1023 461
895 1087
1917 962
154 1303
1780 619
277 1742
241 751
610 484
207 1448
694 1532
1578 136
1929 1008
1557 1324
440 1430
999 1645
382 1625
460 485
859 269
954 1600
870 1679
1768 767
650 1076
627 106
1934 1441
37 72
1375 1719
229 958
1892 1409
880 120
1785 664
92 1510
977 488
736 1040
1329 209
1618 216
1646 1771
1706 55
773 1240
823 909
1633 953
1134 1298
67 972
1517 1166
865 83
1263 832
264 1456
1642 1296
1800 259
810 245
941 1613
906 1643
1257 1130
1738 303
1862 981
1620 855
993 1248
1006 1222
1452 769
588 146
730 1379
377 1911
525 974
707 846
195 339
324 354
567 132
1992 1107
1971 1036
488 54
622 915
1016 332
1879 279
1221 139
836 372
1080 1039
1758 1438
1417 1822
1152 1836
1877 1212
1246 1861
1563 1533
412 1020
942 417
118 1028
1178 810
403 1135
1581 1505
106 1114
1063 172
31 1277
165 148
1005 517
1169 576
521 1450
1051 471
714 33
269 1576
86 1300
1286 477
1100 635
476 102
787 850
1364 829
700 1982
1499 391
182 577
562 642
1045 1423
1714 598
283 1912
1521 482
220 1807
1854 1344
568 679
1572 1322
1533 1487
1057 91
1203 1752
603 1312
1643 702
296 960
1521 482
1536 1511
1188 196
1568 283
139 1538
1408 1108
638 179
1048 9
56 1827
1779 195
1473 1433
1519 1922
1336 159
1717 1929
1283 534
292 217
796 1407
263 90
599 18
1105 952
1859 693
1068 66
397 1241
1936 1280
1018 1842
402 1029
1963 602
1893 1755
546 51
1103 57
910 1464
1855 527
72 1209
1256 383
1409 723
1800 259
816 794
410 1001
1510 754
1923 840
342 1729
1986 734
390 74
1574 551
154 1303
1081 994
1741 1593
823 909
693 1845
523 1050
1421 1824
1275 762
145 388
1440 227
1976 165
679 1238
369 1718
6 1877
1078 1935
618 1695
594 1473
1184 750
930 836
100 1676
36 594
1198 1033
1420 357
569 1105
1736 35
222 1570
1734 221
1068 66
429 1747
1409 723
1222 1687
312 58
805 376
1244 1503
1192 1495
844 1969
693 1845
1364 829
1986 734
52 705
786 1319
1033 392
1494 933
1864 896
1491 779
775 1396
68 802
1862 981
19 543
1820 1741
1131 256
1343 1523
1536 1511
1330 633
1486 511
685 944
1495 866
898 572
1131 256
916 941
1989 1486
221 821
1225 1535
1195 450
1076 976
1674 856
1303 1226
1437 1454
1059 761
303 1388
686 1858
1590 1236
450 788
253 1470
1837 559
354 1991
1421 1824
689 341
1151 595
1829 1482
674 1250
162 621
710 1549
1244 1503
1945 167
593 626
1784 1128
654 1885
1632 1155
52 705
832 1358
1659 1104
779 1873
555 1832
1249 781
1205 1838
951 1594
1969 1410
1027 644
1469 897
1829 1482
497 1835
1429 1106
526 1998
125 81
709 558
67 972
1808 1820
1689 1210
692 613
235 1098
1606 28
165 148
835 1395
1845 1862
815 1347
265 995
943 114
1437 1454
773 1240
998 1633
1048 9
1843 648
1015 1602
676 273
743 797
830 1610
73 47
316 1285
852 1992
1939 1401
1293 419
397 1241
1900 755
294 617
1989 1486
637 316
1478 698
611 248
1518 481
1042 1509
1290 975
1093 1091
1770 1866
1799 587
1278 885
520 1810
46 985
467 1554
1161 1673
1515 325
1206 1072
1323 1215
792 596
1459 1765
1350 1201
1592 899
1154 144
691 1003
1710 423
1580 778
1898 219
210 78
257 446
544 959
1634 688
641 1419
1703 24
1091 1413
1198 1033
764 100
272 491
1655 925
1965 1055
1433 1406
751 1557
664 1294
1660 1483
623 1214
739 1574
668 1380
1525 478
1484 891
849 611
26 1821
425 1508
1722 1860
1857 573
687 1092
1009 902
984 282
170 1034
359 1519
206 1182
769 963
181 272
1965 1055
1881 309
1945 167
579 1694
1248 1927
141 1476
1203 1752
692 613
1374 749
1697 533
340 1521
817 1458
1941 314
641 1419
91 1103
1203 1752
726 1169
586 1374
650 1076
865 83
759 737
13 1095
1695 1316
620 1799
1989 1486
1976 165
30 1174
1984 1160
1645 1784
1648 1386
1147 1774
750 452
841 1886
823 909
1634 688
826 4
693 1845
1412 1636
1281 1577
884 1632
1219 1671
599 18
1229 496
1214 1646
1779 195
196 580
1223 1306
1619 1572
1517 1166
758 1415
381 1075
902 1412
824 1180
1520 747
1116 290
64 184
827 346
310 1615
1951 871
556 1558
627 106
910 1464
1459 1765
1973 657
1855 527
182 577
1317 826
1222 1687
674 1250
155 149
1413 1061
788 439
1165 1127
1573 1762
1857 573
646 521
1086 1540
578 361
474 1073
1290 975
401 1726
299 743
1390 85
673 790
225 310
1681 848
1536 1511
1298 1016
1416 1501
611 248
1433 1406
480 711
1923 840
1685 560
1887 956
973 37
1019 232
408 1408
1418 835
194 263
1051 471
627 106
166 1348
769 963
395 818
1912 901
883 1299
1801 1243
1598 1019
157 911
1995 267
1528 1834
1024 603
542 1854
1291 1781
1769 250
400 831
452 1070
1923 840
1320 1391
1358 692
458 340
1204 979
1535 1184
1494 933
1140 569
1768 767
1187 771
1229 496
272 491
1360 1745
857 1363
1395 1093
39 214
585 1216
889 696
188 1361
1682 1768
985 180
1372 1934
1599 1048
1335 629
630 277
1388 163
1150 506
411 1546
49 614
25 466
255 317
1128 701
1579 1011
1951 871
594 1473
1338 555
1625 1258
312 58
1436 733
1608 1037
454 177
1490 823
329 1974
1309 1151
322 921
629 681
488 54
811 1132
1368 1524
680 457
1494 933
545 192
651 939
306 1171
1272 1808
808 384
641 1419
488 54
996 1352
787 850
1773 237
517 1498
814 1452
379 389
1299 1891
308 600
1182 1315
1273 1366
939 625
134 363
1116 290
563 736
1430 1142
1232 1883
1399 1494
718 1125
1816 578
119 1459
1102 1841
780 920
1592 899
859 269
1925 610
1005 517
1951 871
886 117
875 1566
323 1332
484 735
1458 583
1243 105
292 217
1130 1488
791 607
1846 1782
1160 150
97 289
1743 15
124 1797
1264 1564
1606 28
1359 113
854 287
600 983
346 359
1746 1339
1263 832
1845 1862
526 1998
1754 1504
1122 1090
1992 1107
1124 887
667 315
1565 52
1667 499
67 972
797 1902
1819 1004
266 1442
293 1688
793 1000
1629 1122
28 765
1385 226
1834 922
322 921
1451 631
399 1590
1566 410
1274 612
638 179
1202 1635
244 1829
1009 902
585 1216
711 492
534 538
787 850
909 1449
1483 837
966 1733
810 245
581 1149
658 1196
1387 101
278 1177
984 282
945 1329
259 141
1853 1474
1096 968
397 1241
1584 666
297 544
604 1081
936 1461
490 892
649 1195
1744 744
366 525
718 1125
1389 294
1744 744
469 1684
631 212
1474 738
877 531
342 1729
1211 903
1029 510
1182 1315
458 340
1411 260
288 1197
522 1225
1915 1715
1963 602
319 398
506 140
680 457
715 444
751 1557
1325 475
1598 1019
980 220
1173 1706
1531 1187
584 579
722 1189
93 1126
1671 455
40 1156
1755 1147
1836 542
1174 1938
1805 1254
867 1637
1781 1979
1184 750
1566 410
1882 1850
1817 636
1034 714
806 327
1465 1035
1584 666
1710 423
1773 237
1121 1634
1989 1486
1138 231
503 296
211 1398
907 745
1298 1016
1744 744
1475 373
697 362
723 1134
706 872
1882 1850
1760 1541
442 1465
1442 1700
377 1911
109 799
462 474
781 1375
1216 1038
1711 1906
1304 1194
1648 1386
1982 266
726 1169
144 61
1911 667
1471 1894
646 521
1204 979
1011 465
103 815
1364 829
1939 1401
1739 746
357 1628
1518 481
939 625
1015 1602
580 324
807 313
742 189
1921 286
1388 163
575 1959
967 1805
860 814
1955 783
765 1231
858 724
236 378
880 120
1679 1770
599 18
131 658
318 338
135 342
1094 1293
398 73
1261 1514
255 317
1178 810
834 570
1872 1058
987 1920
1145 1079
610 484
1838 1052
567 132
1582 782
1024 603
1598 1019
649 1195
496 1802
1966 1138
1624 1693
252 1193
441 1539
1146 1397
866 42
1396 345
437 300
1476 360
1242 1727
228 169
322 921
1164 1067
869 1526
769 963
459 1434
839 336
1540 739
1795 932
1829 1482
1261 1514
1587 1455
1785 664
349 752
538 659
417 445
1358 692
234 1307
387 13
1050 80
1773 237
594 1473
1439 476
1542 329
1317 826
1183 1121
305 964
517 1498
1187 771
935 1964
585 1216
1281 1577
900 454
1995 267
1487 1580
1731 447
1488 50
904 661
1374 749
1258 1290
1272 1808
711 492
253 1470
45 292
1741 1593
1747 597
248 620
139 1538
1527 1825
1787 665
552 142
939 625
1572 1322
1068 66
639 1436
1289 1515
1837 559
891 1343
1561 1584
964 1944
130 1083
1500 1522
1912 901
1123 1588
1249 781
561 1668
840 32
43 1814
1255 1469
1798 394
653 1418
1294 1292
1109 948
1320 1391
1069 1416
1588 343
1745 1794
867 1637
975 1049
834 570
810 245
868 1649
241 751
1165 1127
584 579
1224 893
1185 632
1846 1782
1418 835
597 833
299 743
1266 1895
1014 1848
1229 496
1735 1714
1476 360
1038 1446
325 1989
1252 1711
709 558
1151 595
1394 1178
632 1665
219 1608
1113 1484
1528 1834
1658 1843
634 247
1390 85
387 13
1737 775
1050 80
827 346
1666 112
1915 1715
462 474
314 1362
1788 677
47 1697
1102 1841
463 1267
789 1173
701 1662
1048 9
1990 261
1437 1454
763 1059
1882 1850
1606 28
319 398
949 1525
1272 1808
1374 749
464 367
1809 19
241 751
1777 264
902 1412
831 759
1170 1355
1924 1377
1326 861
782 39
1615 1124
1448 505
551 1150
623 1214
366 525
160 970
551 1150
1328 43
536 254
122 130
1260 912
1042 1509
1753 1830
1045 1423
1817 636
758 1415
1695 1316
1703 24
1623 616
1551 27
1691 1878
220 1807
548 1968
1169 576
1544 348
905 437
1232 1883
1674 856
1373 691
412 1020
1753 1830
910 1464
352 1491
759 737
1754 1504
1096 968
1529 878
1967 155
495 1021
29 56
1344 1542
952 306
1796 385
727 1056
171 1721
1191 1325
739 1574
1221 139
400 831
268 1118
408 1408
943 114
1522 1660
908 785
980 220
656 1101
698 408
875 1566
1653 605
1572 1322
1753 1830
717 1384
1052 1053
1685 560
40 1156
1618 216
1034 714
192 536
786 1319
115 1548
85 1245
863 1500
482 1592
1543 1638
209 946
1249 781
1097 1291
1886 459
720 1623
1651 1158
281 1739
1064 401
203 420
1336 159
1503 1607
1711 1906
431 881
1909 1129
1613 194
1676 1901
537 1586
380 1078
49 614
1471 1894
888 67
93 1126
801 1696
474 1073
1302 1880
1999 549
1529 878
1429 1106
1845 1862
251 326
1349 1614
910 1464
1108 718
1612 1972
1352 1756
1492 853
499 1400
1801 1243
1429 1106
1434 806
915 193
670 495
109 799
1607 1360
1575 1432
1788 677
1268 1269
1100 635
1734 221
1834 922
69 639
491 275
378 1567
1872 1058
1650 1578
1486 511
250 1153
1477 1651
1328 43
964 1944
1399 1494
1686 215
1292 757
1133 1351
753 869
400 831
597 833
96 124
294 617
952 306
1877 1212
1834 922
1883 498
1643 702
893 519
85 1245
1357 10
1740 1311
838 321
400 831
122 130
468 637
1499 391
642 320
312 58
289 487
1179 1221
1691 1878
20 529
1682 1768
513 697
758 1415
535 1276
1060 753
1866 246
876 377
729 22
1041 926
1349 1614
776 421
112 1163
236 378
801 1696
1697 533
1861 547
1841 1699
540 441
1294 1292
242 1923
1925 610
431 881
1588 343
1386 1350
538 659
310 1615
1509 344
146 1849
813 1265
181 272
1629 1122
353 352
366 525
821 222
23 207
846 396
207 1448
420 1334
220 1807
53 1874
78 1951
795 1480
193 382
496 1802
193 382
342 1729
1831 456
608 504
1254 1910
848 1616
1221 139
1018 1842
336 1268
148 1247
880 120
939 625
1085 847
715 444
1232 1883
478 1871
232 1431
80 224
1098 842
1004 1884
1603 3
1613 194
705 528
1058 305
118 1028
249 706
78 1951
528 166
686 1858
1400 556
575 1959
1572 1322
1927 1785
220 1807
1714 598
301 986
1744 744
111 187
318 338
1 436
1361 1630
1786 387
1139 1939
354 1991
561 1668
278 1177
861 1823
1070 851
145 388
41 1813
1996 1918
1400 556
426 162
663 1818
1844 1378
774 713
482 1592
834 570
301 986
1098 842
1997 211
809 239
568 679
496 1802
143 1641
399 1590
1897 1390
548 1968
1145 1079
1752 1041
1932 65
946 813
1841 1699
1610 1313
3 604
693 1845
1311 1933
1862 981
374 609
1710 423
248 620
1653 605
601 1006
1693 663
492 969
1744 744
1111 188
735 615
418 435
126 1758
529 905
1368 1524
274 1181
387 13
1908 1271
1967 155
981 992
1678 99
1805 1254
1807 1725
566 257
1461 413
1022 1270
1218 722
1645 1784
717 1384
109 799
1724 879
126 1758
1961 1046
1264 1564
62 1229
1428 924
1672 1792
1892 1409
1660 1483
797 1902
738 295
821 222
1355 198
847 1297
719 1017
515 249
1310 1976
395 818
841 1886
724 1411
8 429
1442 1700
1512 704
1360 1745
217 129
730 1379
362 240
808 384
1378 229
1295 655
1574 551
1104 186
1668 351
1593 200
1614 868
1476 360
1940 369
666 1323
1067 852
886 117
771 804
1993 1735
1329 209
1686 215
1480 841
1645 1784
93 1126
584 579
1673 870
823 909
678 923
1549 425
573 1833
560 1074
875 1566
979 1839
1995 267
48 895
436 862
1807 1725
1409 723
800 497
834 570
1669 1007
1187 771
190 453
1309 1151
879 1604
1780 619
74 122
843 552
1850 71
132 1457
202 1631
853 1773
492 969
1805 1254
1830 1117
679 1238
1599 1048
291 622
365 356
226 730
1437 1454
718 1125
533 1919
1178 810
1959 1208
1409 723
1471 1894
328 1757
1192 1495
1843 648
1215 353
1722 1860
1970 1414
454 177
755 1123
99 550
1435 1133
643 298
1502 1023
1631 1371
769 963
351 863
1497 138
1677 634
611 248
987 1920
1775 278
8 429
377 1911
1167 1624
290 624
1334 1947
775 1396
489 523
854 287
1557 1324
1826 1775
1381 867
1490 823
1532 1562
1594 62
1984 1160
343 1837
220 1807
1530 1382
734 630
252 1193
1854 1344
1722 1860
1469 897
1572 1322
1286 477
712 1286
179 690
1475 373
813 1265
1233 1750
616 1819
57 773
1407 403
1588 343
38 820
292 217
298 1451
1014 1848
310 1615
1176 675
496 1802
937 175
1037 1957
1750 808
1688 672
1173 1706
545 192
116 882
454 177
1811 333
1010 1691
702 1544
1957 987
999 1645
753 869
585 1216
1437 1454
1693 663
1894 1284
569 1105
175 1357
61 592
1845 1862
222 1570
423 707
182 577
934 1689
941 1613
43 1814
1695 1316
1804 1481
310 1615
1644 1025
1706 55
1857 573
496 1802
83 6
831 759
260 997
882 1597
1037 1957
1050 80
1419 1489
76 434
397 1241
1155 780
62 1229
1843 648
131 658
1994 1627
683 1369
1497 138
1363 554
145 388
1477 1651
670 495
1190 1422
1947 950
1396 345
1955 783
384 432
313 1234
971 1365
1684 1921
1971 1036
401 1726
334 1887
1289 1515
44 69
1539 243
1795 932
974 409
1856 133
1628 70
1919 1266
1585 274
1246 1861
1013 880
1858 422
1752 1041
301 986
1944 1789
1745 1794
976 889
1976 165
158 1475
1283 534
1404 174
28 765
358 683
829 670
684 1941
1696 1336
1967 155
1348 1328
423 707
502 29
1924 1377
1423 134
1073 1327
794 811
1750 808
27 1761
1157 1191
104 1490
403 1135
603 1312
543 1806
713 1417
1877 1212
206 1182
1137 1561
912 1199
482 1592
854 287
1563 1533
1619 1572
938 1190
1825 1709
833 1462
228 169
748 1908
1845 1862
1399 1494
1233 1750
1117 748
1959 1208
1862 981
1273 1366
224 213
1421 1824
1201 1589
1249 781
1349 1614
1341 571
344 710
1259 1262
1266 1895
991 1990
64 184
1955 783
1269 1183
1081 994
1082 731
1713 145
1535 1184
883 1299
870 1679
580 324
1894 1284
1702 92
430 438
64 184
877 531
1868 982
661 241
1035 1913
1358 692
1820 1741
1492 853
1842 233
1186 1009
607 1701
551 1150
1371 1943
1606 28
1950 1620
846 396
1765 1863
550 1543
247 1367
622 915
790 147
1136 1502
174 721
1476 360
61 592
185 153
1015 1602
706 872
902 1412
910 1464
1701 674
632 1665
604 1081
941 1613
1264 1564
355 1724
1614 868
31 1277
1197 1069
1894 1284
592 1051
443 1368
505 276
1875 1463
1988 424
1592 899
1981 1530
782 39
325 1989
1272 1808
802 116
1203 1752
830 1610
1810 1981
1116 290
606 857
1700 1702
64 184
931 126
664 1294
1893 1755
518 228
28 765
1365 473
1932 65
16 1710
1489 1677
429 1747
411 1546
294 617
1620 855
506 140
296 960
1650 1578
404 1847
56 1827
315 1881
1787 665
622 915
1028 1953
91 1103
180 1817
725 1381
990 586
1699 993
1932 65
1745 1794
863 1500
1367 1605
1156 1330
213 98
533 1919
814 1452
1824 1659
1191 1325
606 857
1454 798
1829 1482
1950 1620
1867 643
1583 20
32 682
904 661
1284 1359
652 1255
1250 1583
344 710
288 1197
1407 403
356 176
1829 1482
1642 1296
1199 1670
1538 1373
1944 1789
46 985
1414 1281
1714 598
399 1590
1892 1409
367 75
1083 1704
60 1440
1434 806
1512 704
554 1272
813 1265
431 881
1233 1750
1179 1221
811 1132
1617 1763
574 152
987 1920
1483 837
804 1612
22 1876
1535 1184
649 1195
1113 1484
932 830
1837 559
1396 345
953 123
573 1833
679 1238
1260 912
1394 1178
425 1508
642 320
1973 657
94 500
793 1000
1121 1634
399 1590
994 76
571 1954
505 276
475 1803
257 446
1581 1505
1558 312
1234 1068
429 1747
942 417
569 1105
1459 1765
1878 1748
743 797
360 1066
1987 347
705 528
552 142
1447 590
923 284
586 1374
1446 1977
519 1682
1338 555
1288 358
1192 1495
1821 777
1475 373
1816 578
949 1525
1539 243
830 1610
250 1153
1157 1191
1583 20
1781 1979
1079 900
1426 1603
469 1684
1854 1344
658 1196
1383 1595
1843 648
1303 1226
1842 233
188 1361
753 869
339 1239
1651 1158
1115 1914
350 942
786 1319
1845 1862
1795 932
1015 1602
450 788
272 491
184 1513
1123 1588
1898 219
98 864
1417 1822
775 1396
395 818
1318 271
1580 778
1410 1027
1744 744
1488 50
22 1876
680 457
1323 1215
1378 229
677 1492
1145 1079
1475 373
1951 871
501 728
935 1964
905 437
246 1585
1256 383
957 801
148 1247
1117 748
1298 1016
1427 328
337 1309
1611 766
952 306
537 1586
1823 1405
1417 1822
1699 993
1705 991
793 1000
518 228
693 1845
641 1419
234 1307
884 1632
863 1500
1729 191
1566 410
1706 55
1819 1004
1197 1069
277 1742
53 1874
1699 993
159 947
134 363
1540 739
1796 385
1817 636
47 1697
477 1708
1240 11
1463 366
1968 1252
716 645
207 1448
283 1912
1756 1598
637 316
728 660
1182 1315
875 1566
781 1375
447 399
1276 1890
1064 401
957 801
764 100
1475 373
881 727
293 1688
31 1277
507 539
515 249
1005 517
13 1095
1986 734
89 1993
916 941
1213 1744
1378 229
1874 1205
408 1408
943 114
1095 971
1234 1068
11 1031
1247 26
267 795
822 1648
1666 112
316 1285
1803 1326
124 1797
1072 94
812 1220
881 727
1641 1904
1589 656
699 1198
1366 1857
73 47
860 814
905 437
414 1669
62 1229
1361 1630
1736 35
221 821
73 47
1038 1446
146 1849
1427 328
1478 698
677 1492
1716 685
662 1698
1475 373
1730 1437
1452 769
1992 1107
836 372
1490 823
1975 135
468 637
1974 1796
74 122
1527 1825
1202 1635
1345 1555
1775 278
1274 612
889 696
1521 482
1890 1385
1516 489
1325 475
1279 16
432 41
1414 1281
1485 1751
1293 419
1666 112
1330 633
278 1177
897 1547
240 858
34 1534
116 882
496 1802
624 427
1560 740
1871 1870
649 1195
1142 1349
619 652
139 1538
567 132
239 786
1166 844
1202 1635
1304 1194
1127 772
980 220
1195 450
4 1288
1055 1257
1824 1659
1220 86
1234 1068
558 464
1013 880
296 960
1439 476
580 324
1769 250
566 257
1854 1344
1639 949
1492 853
1311 1933
1596 940
144 61
369 1718
1849 513
969 1986
7 1111
1001 1626
310 1615
954 1600
1561 1584
477 1708
1745 1794
94 500
1243 105
892 1661
291 622
632 1665
135 342
1907 1666
887 1256
1408 1108
291 622
710 1549
417 445
1890 1385
1733 1987
741 173
1911 667
1866 246
129 1658
38 820
1691 1878
739 1574
1143 1601
741 173
677 1492
748 1908
420 1334
1732 1060
1070 851
757 876
576 1897
288 1197
1119 1967
1191 1325
885 758
1781 1979
1447 590
1642 1296
431 881
1814 63
60 1440
861 1823
1410 1027
1465 1035
222 1570
981 992
1121 1634
738 295
836 372
865 83
1139 1939
1908 1271
671 1667
1059 761
1205 1838
1391 1032
680 457
794 811
63 8
684 1941
1027 644
1494 933
1668 351
265 995
1073 1327
258 1435
1780 619
1659 1104
522 1225
165 148
895 1087
799 838
1249 781
1133 1351
254 1753
83 6
1108 718
25 466
149 280
255 317
1317 826
914 1283
956 111
1812 1010
1772 1013
1236 647
1929 1008
923 284
668 1380
160 970
1446 1977
626 1447
1261 1514
1285 375
1206 1072
1208 1179
188 1361
861 1823
495 1021
302 978
756 1232
731 107
1898 219
1117 748
1323 1215
1702 92
1629 1122
1616 564
437 300
1954 557
796 1407
338 916
321 88
1501 1346
1569 1853
755 1123
335 5
558 464
974 409
182 577
180 1817
1389 294
707 846
179 690
878 588
1440 227
27 1761
167 760
924 1426
1020 1685
1572 1322
896 1749
1615 1124
776 421
1000 1896
571 1954
1197 1069
142 34
74 122
667 315
1998 1656
583 1772
1011 465
1062 415
1593 200
1665 520
1631 1371
992 1518
600 983
1285 375
1807 1725
1552 1468
210 78
324 354
1468 311
1909 1129
1807 1725
1713 145
522 1225
1178 810
1236 647
1376 530
816 794
885 758
349 752
597 833
300 87
1895 393
80 224
1732 1060
1431 472
967 1805
181 272
1789 687
513 697
1860 1045
298 1451
957 801
1248 1927
327 1644
270 1172
192 536
728 660
1392 1131
665 1591
1564 919
1959 1208
685 944
213 98
314 1362
719 1017
357 1628
1 436
1180 1728
1001 1626
375 1826
488 54
725 1381
1475 373
1137 1561
1555 1985
885 758
418 435
370 774
110 164
1118 302
130 1083
1421 1824
1329 209
595 1145
574 152
1210 1217
808 384
164 225
1645 1784
860 814
272 491
362 240
370 774
1746 1339
165 148
1530 1382
587 331
8 429
1077 1654
932 830
1040 1575
274 1181
502 29
355 1724
1697 533
167 760
1647 379
64 184
1852 990
1454 798
1287 825
414 1669
1873 1717
1378 229
202 1631
1251 1675
1139 1939
1426 1603
221 821
108 1865
952 306
936 1461
500 1204
1449 486
285 494
1041 926
1855 527
928 812
1297 770
1655 925
422 716
1558 312
1188 196
125 81
1211 903
1511 1200
613 1439
427 1249
741 173
251 326
8 429
1646 1771
1113 1484
460 485
268 1118
748 1908
410 1001
512 1960
332 1732
117 1223
532 181
407 1984
261 929
1747 597
1948 1162
1307 1777
1021 906
1403 1736
248 620
1165 1127
1368 1524
187 1176
1212 36
1885 1497
950 703
1260 912
1814 63
1470 1840
775 1396
1636 1872
364 998
1670 201
293 1688
1203 1752
258 1435
302 978
1908 1271
223 650
752 1942
1448 505
1700 1702
1223 1306
57 773
197 1723
1796 385
553 1383
71 873
105 935
483 1869
862 809
1687 1855
1920 1798
187 1176
1361 1630
1871 1870
415 1253
865 83
333 1678
1771 1888
1784 1128
476 102
1545 1096
211 1398
1895 393
1640 119
1926 1529
345 1227
1109 948
595 1145
1475 373
460 485
1228 1167
649 1195
110 164
1276 1890
403 1135
850 1587
1410 1027
690 553
1881 309
1838 1052
1078 1935
75 1545
1650 1578
192 536
237 1310
219 1608
579 1694
1723 1287
1239 400
1971 1036
989 796
615 1139
1918 1958
1413 1061
679 1238
1825 1709
1976 165
616 1819
619 652
1501 1346
918 886
581 1149
257 446
568 679
897 1547
1705 991
432 41
66 433
1981 1530
1983 565
1654 156
1341 571
1541 535
1611 766
1648 1386
416 1089
540 441
178 1707
704 1971
655 888
129 1658
735 615
1949 404
1985 1143
1323 1215
322 921
384 432
1488 50
1464 1930
1675 468
1806 251
356 176
523 1050
1712 875
1360 1745
1142 1349
1891 514
1886 459
1933 1097
453 230
956 111
246 1585
678 923
422 716
848 1616
1189 68
670 495
1396 345
777 784
1042 1509
280 654
787 850
361 96
1068 66
1054 1537
1711 1906
1625 1258
303 1388
997 627
1572 1322
1796 385
863 1500
1189 68
1696 1336
1243 105
1512 704
1049 1647
264 1456
1856 133
958 585
562 642
742 189
1996 1918
1895 393
648 308
1341 571
443 1368
1449 486
855 160
1238 1314
1175 741
271 1754
1592 899
1669 1007
61 592
1755 1147
170 1034
550 1543
107 1302
1011 465
273 1273
1988 424
1042 1509
1099 110
1946 938
46 985
1145 1079
1400 556
922 914
1660 1483
1438 1318
928 812
606 857
430 438
1518 481
907 745
243 1680
1907 1666
1222 1687
205 1164
250 1153
1226 44
1991 236
672 1014
913 843
48 895
1060 753
1065 1282
227 1207
159 947
148 1247
1361 1630
706 872
241 751
1650 1578
293 1688
87 206
1299 1891
1342 937
1721 1909
975 1049
221 821
1515 325
509 819
1658 1843
1891 514
850 1587
246 1585
775 1396
1649 1392
429 1747
891 1343
1246 1861
346 359
323 1332
26 1821
1275 762
755 1123
987 1920
1759 182
947 1609
329 1974
158 1475
1341 571
168 1077
1104 186
1327 1948
1642 1296
150 860
658 1196
516 1420
933 854
115 1548
980 220
1617 1763
1179 1221
589 89
1072 94
1651 1158
1199 1670
1488 50
754 1119
869 1526
1416 1501
1841 1699
408 1408
1423 134
759 737
353 352
1798 394
52 705
525 974
19 543
1089 1320
436 862
940 1975
250 1153
354 1991
1476 360
429 1747
774 713
1936 1280
610 484
134 363
1948 1162
1366 1857
1069 1416
1724 879
1313 40
857 1363
557 563
892 1661
179 690
1803 1326
286 1664
201 1242
1685 560
1883 498
1843 648
1250 1583
1042 1509
874 957
1897 1390
1932 65
1143 1601
294 617
37 72
1300 1421
1985 1143
415 1253
1956 673
611 248
379 389
1358 692
623 1214
1109 948
58 1244
1355 198
419 1427
52 705
192 536
1179 1221
789 1173
571 1954
758 1415
313 1234
851 717
1191 1325
1397 364
1583 20
833 1462
1344 1542
1527 1825
914 1283
799 838
1525 478
638 179
385 1945
211 1398
1547 1898
756 1232
1356 1278
379 389
604 1081
1923 840
728 660
844 1969
25 466
1115 1914
1132 1571
1972 1737
1437 1454
1673 870
934 1689
1214 1646
859 269
1038 1446
1435 1133
29 56
97 289
357 1628
857 1363
775 1396
1066 601
330 178
556 1558
354 1991
793 1000
1565 52
872 1321
285 494
538 659
716 645
85 1245
642 320
1900 755
1616 564
1973 657
1681 848
1827 581
1118 302
1330 633
616 1819
645 17
1411 260
1498 1931
1741 1593
622 915
1288 358
500 1204
925 115
769 963
168 1077
607 1701
139 1538
1410 1027
1546 883
294 617
1393 204
443 1368
1027 644
1713 145
633 726
655 888
911 205
389 1203
1486 511
1963 602
1039 1905
39 214
1554 1485
410 1001
802 116
1386 1350
360 1066
517 1498
1300 1421
1468 311
913 843
1547 1898
1889 380
1775 278
1444 1980
1244 1503
1925 610
671 1667
1500 1522
1804 1481
399 1590
277 1742
1059 761
1451 631
486 1915
1276 1890
1030 1337
1096 968
799 838
1013 880
6 1877
540 441
1831 456
1614 868
810 245
1011 465
1973 657
1663 508
1603 3
1758 1438
845 258
1344 1542
186 291
1955 783
1114 1425
1116 290
1722 1860
1297 770
1683 1467
1047 1301
1025 1767
1416 1501
1356 1278
1148 943
1321 1477
264 1456
1133 1351
1258 1290
1316 1988
828 1596
675 463
469 1684
705 528
67 972
569 1105
1298 1016
398 73
367 75
1017 1879
835 1395
1355 198
1153 1115
149 280
775 1396
475 1803
623 1214
1549 425
1642 1296
417 445
1234 1068
145 388
531 1192
1179 1221
799 838
598 1026
1474 738
1261 1514
268 1118
356 176
749 640
1176 675
526 1998
921 1900
1355 198
1570 1154
521 1450
1904 350
1152 1836
650 1076
310 1615
1537 1063
334 1887
1435 1133
156 1102
652 1255
1343 1523
1732 1060
563 736
1936 1280
666 1323
114 1916
168 1077
784 1936
1418 835
1362 1556
885 758
574 152
1808 1820
1220 86
171 1721
1505 1080
1753 1830
967 1805
1446 1977
436 862
207 1448
1025 1767
953 123
1838 1052
1392 1131
1919 1266
660 582
327 1644
401 1726
1253 1389
426 162
1174 1938
1978 349
472 46
159 947
712 1286
84 719
935 1964
1491 779
588 146
1719 526
1941 314
1970 1414
1531 1187
1166 844
922 914
5 1185
482 1592
1595 407
1825 1709
1031 235
230 1925
583 1772
219 1608
536 254
1947 950
205 1164
1381 867
111 187
857 1363
82 1496
708 82
814 1452
358 683
794 811
1517 1166
1047 1301
917 386
1674 856
1149 1852
1038 1446
1971 1036
722 1189
678 923
1825 1709
1176 675
67 972
1870 1655
654 1885
1027 644
342 1729
1226 44
1319 859
1411 260
1066 601
1071 337
176 1005
1104 186
409 406
321 88
1816 578
1295 655
638 179
1453 662
1164 1067
1173 1706
158 1475
194 263
1823 1405
145 388
1200 1531
507 539
195 339
1103 57
510 1305
263 90
691 1003
1985 1143
1147 1774
566 257
222 1570
1605 931
1509 344
996 1352
1709 103
1044 684
1939 1401
1413 1061
583 1772
992 1518
1687 1855
1662 77
1851 1054
1961 1046
1503 1607
697 362
333 1678
298 1451
681 1791
752 1942
638 179
1643 702
1396 345
979 1839
1619 1572
1991 236
1197 1069
1407 403
1855 527
994 76
227 1207
461 381
1883 498
1067 852
1837 559
1603 3
42 732
1857 573
382 1625
503 296
506 140
571 1954
575 1959
790 147
183 789
1273 1366
658 1196
977 488
57 773
1993 1735
1360 1745
38 820
1170 1355
768 894
1323 1215
843 552
1209 288
99 550
816 794
1324 449
1178 810
1567 301
910 1464
1833 699
970 1404
1241 725
571 1954
1798 394
1964 458
1803 1326
1249 781
1684 1921
545 192
1582 782
1816 578
635 1652
1209 288
757 876
1848 168
1014 1848
492 969
372 1331
624 427
783 518
1662 77
523 1050
1012 1065
1258 1290
795 1480
349 752
930 836
1756 1598
673 790
1909 1129
463 1267
310 1615
115 1548
1324 449
1550 1274
1683 1467
185 153
1936 1280
1016 332
215 1022
1149 1852
1650 1578
1878 1748
1822 591
132 1457
1517 1166
375 1826
140 689
2 1403
1946 938
62 1229
720 1623
1447 590
1138 231
14 1949
619 652
1155 780
1421 1824
578 361
1799 587
29 56
623 1214
282 793
1371 1943
1095 971
1486 511
183 789
517 1498
575 1959
1771 1888
1837 559
617 1703
177 1466
1983 565
1180 1728
1525 478
4 1288
520 1810
93 1126
914 1283
1212 36
472 46
839 336
1936 1280
843 552
1104 186
1345 1555
169 1882
262 1650
1523 532
570 1342
691 1003
1455 1783
1608 1037
1626 95
143 1641
1238 1314
1714 598
594 1473
922 914
726 1169
296 960
933 854
1602 967
1609 127
869 1526
1548 1846
730 1379
139 1538
23 207
1142 1349
66 433
358 683
329 1974
641 1419
1880 934
1680 1780
1874 1205
1605 931
29 56
887 1256
759 737
238 955
1201 1589
766 512
960 1206
453 230
932 830
1871 1870
404 1847
1901 1551
549 265
1588 343
829 670
1543 1638
1556 416
340 1521
1771 1888
1675 468
1886 459
1571 1175
968 1875
852 1992
1393 204
1613 194
325 1989
18 470
948 1946
974 409
1371 1943
1946 938
1679 1770
882 1597
124 1797
127 1188
1287 825
1350 1201
1957 987
973 37
1849 513
1497 138
1208 1179
1616 564
695 414
263 90
32 682
465 1611
1846 1782
1671 455
1344 1542
1529 878
107 1302
1249 781
1302 1880
107 1302
365 356
1735 1714
311 118
87 206
90 1140
976 889
1393 204
638 179
4 1288
1760 1541
1285 375
179 690
1857 573
1266 1895
1146 1397
1155 780
1031 235
277 1742
1543 1638
986 1965
1765 1863
366 525
1851 1054
1153 1115
1583 20
106 1114
772 14
1874 1205
1886 459
471 1553
1834 922
1480 841
849 611
1950 1620
245 1730
873 1550
950 703
506 140
1570 1154
234 1307
747 1642
1785 664
901 1478
168 1077
841 1886
117 1223
589 89
1907 1666
563 736
333 1678
671 1667
1221 139
1240 11
1498 1931
874 957
1132 1571
1251 1675
1071 337
1565 52
1760 1541
1846 1782
917 386
1901 1551
818 1424
1699 993
1002 1738
1766 1674
686 1858
1284 1359
1911 667
1511 1200
377 1911
1964 458
282 793
1296 1692
995 1246
1327 1948
57 773
1187 771
717 1384
1077 1654
1804 1481
1000 1896
44 69
1076 976
436 862
288 1197
815 1347
1399 1494
1749 695
846 396
1149 1852
274 1181
1827 581
598 1026
497 1835
1677 634
1510 754
579 1694
299 743
1620 855
971 1365
1004 1884
1689 1210
1847 1995
1433 1406
1677 634
627 106
435 574
1248 1927
83 6
490 892
1373 691
830 1610
899 318
286 1664
1174 1938
509 819
1169 576
497 1835
1685 560
721 700
1668 351
1692 1889
434 1568
645 17
1196 262
1700 1702
382 1625
820 493
1629 1122
1259 1262
1667 499
1078 1935
283 1912
295 1295
1024 603
647 371
1870 1655
1681 848
1945 167
1393 204
1550 1274
1146 1397
872 1321
268 1118
1339 1868
975 1049
1659 1104
1507 1354
769 963
110 164
1784 1128
837 562
1510 754
243 1680
1441 1086
649 1195
1153 1115
1629 1122
578 361
1657 60
952 306
392 1228
938 1190
696 1812
327 1644
635 1652
1847 1995
1779 195
721 700
951 1594
476 102
1874 1205
465 1611
566 257
387 13
1366 1857
69 639
1708 1202
1585 274
1223 1306
209 946
1252 1711
677 1492
192 536
417 445
1506 1788
1149 1852
361 96
885 758
641 1419
406 1402
1110 1015
622 915
510 1305
1767 1429
399 1590
1009 902
136 568
731 107
1052 1053
525 974
1055 1257
1112 443
1870 1655
442 1465
915 193
191 1769
1346 678
761 1743
1546 883
47 1697
1645 1784
819 1460
482 1592
1263 832
1462 1099
1377 1012
349 752
1171 1867
1998 1656
1702 92
1821 777
1885 1497
1217 503
431 881
468 637
363 1148
168 1077
1135 1289
651 939
1782 516
1311 1933
1273 1366
860 814
1802 390
146 1849
757 876
1245 1932
734 630
1811 333
1732 1060
932 830
1423 134
1464 1930
818 1424
260 997
1218 722
759 737
95 1370
1119 1967
460 485
40 1156
174 721
1385 226
1334 1947
1229 496
1633 953
1047 1301
910 1464
1136 1502
1115 1914
843 552
120 1110
1549 425
892 1661
1767 1429
834 570
618 1695
1639 949
838 321
32 682
148 1247
1474 738
1012 1065
337 1309
1462 1099
247 1367
240 858
1305 1341
1788 677
1706 55
1877 1212
396 1997
566 257
1465 1035
445 128
372 1331
12 244
905 437
521 1450
1702 92
419 1427
1390 85
173 509
633 726
837 562
653 1418
796 1407
809 239
1184 750
26 1821
1028 1953
501 728
788 439
1733 1987
586 1374
1122 1090
238 955
1192 1495
480 711
141 1476
921 1900
82 1496
938 1190
561 1668
487 546
390 74
864 161
726 1169
1564 919
148 1247
1424 1712
879 1604
1867 643
151 791
934 1689
220 1807
1157 1191
868 1649
391 1043
1049 1647
172 1109
968 1875
1312 479
1938 1950
1890 1385
675 463
427 1249
1281 1577
1211 903
1369 776
1161 1673
1242 1727
1128 701
1399 1494
544 959
83 6
1449 486
1956 673
890 480
48 895
1301 1536
1958 1940
1972 1737
946 813
1464 1930
701 1662
309 1161
1083 1704
1045 1423
660 582
411 1546
1485 1751
122 130
1776 64
1307 1777
1836 542
1725 865
172 1109
1060 753
1806 251
313 1234
1615 1124
67 972
524 996
1519 1922
452 1070
314 1362
1859 693
77 170
1536 1511
1864 896
237 1310
717 1384
701 1662
1530 1382
1410 1027
53 1874
605 1619
1490 823
1495 866
1487 1580
1466 1186
473 1084
1816 578
274 1181
1250 1583
711 492
338 916
505 276
1562 1801
791 607
529 905
377 1911
1596 940
936 1461
1045 1423
606 857
1307 1777
847 1297
1567 301
85 1245
1733 1987
1891 514
1003 370
156 1102
1255 1469
1431 472
1511 1200
722 1189
1239 400
1943 104
51 1795
1332 1261
969 1986
1670 201
240 858
1737 775
561 1668
987 1920
1186 1009
1856 133
14 1949
1093 1091
589 89
452 1070
1157 1191
1077 1654
1368 1524
1177 1705
439 411
814 1452
1337 1165
283 1912
1844 1378
1765 1863
731 107
124 1797
232 1431
1216 1038
58 1244
1242 1727
1737 775
1084 1994
268 1118
234 1307
1035 1913
1096 968
1625 1258
1186 1009
19 543
1619 1572
836 372
640 817
836 372
1497 138
454 177
1008 307
1461 413
1798 394
1807 1725
874 957
919 1786
1135 1289
1538 1373
1948 1162
1191 1325
209 946
1546 883
1666 112
1409 723
384 432
1526 374
1121 1634
575 1959
1120 1653
524 996
980 220
639 1436
829 670
1984 1160
1353 1629
1159 694
1306 1264
1067 852
1081 994
1551 27
1766 1674
1679 1770
1247 26
1304 1194
915 193
1901 1551
1921 286
1479 203
319 398
72 1209
1979 1672
151 791
302 978
89 1993
578 361
558 464
1358 692
783 518
942 417
38 820
811 1132
1294 1292
231 1917
1689 1210
941 1613
382 1625
709 558
200 816
61 592
276 242
235 1098
195 339
1289 1515
1928 1168
1958 1940
833 1462
1535 1184
1077 1654
333 1678
1939 1401
1337 1165
1987 347
1624 1693
1088 1816
1834 922
689 341
910 1464
97 289
1277 323
85 1245
904 661
398 73
349 752
911 205
109 799
436 862
1530 1382
1299 1891
1786 387
1087 405
1438 1318
511 1251
28 765
1638 467
916 941
1590 1236
1973 657
231 1917
268 1118
1061 426
877 531
454 177
1178 810
1230 1563
1712 875
1468 311
1106 709
1635 1112
1653 605
1888 1
403 1135
1933 1097
1069 1416
733 973
1913 1844
680 457
463 1267
894 121
390 74
1051 471
1116 290
186 291
1796 385
27 1761
1140 569
1204 979
1665 520
1614 868
788 439
669 951
1370 561
74 122
1494 933
22 1876
862 809
1461 413
1345 1555
1668 351
1105 952
124 1797
1865 1899
1696 1336
1950 1620
487 546
1469 897
1862 981
1564 919
312 58
1426 1603
1830 1117
185 153
1217 503
394 299
229 958
1172 1088
570 1342
923 284
308 600
569 1105
1771 1888
1001 1626
913 843
1174 1938
743 797
996 1352
1059 761
208 1428
1557 1324
1048 9
1964 458
331 285
62 1229
134 363
1731 447
1940 369
1910 93
375 1826
1656 1071
1619 1572
1664 7
1555 1985
1328 43
1130 1488
1453 662
1001 1626
1123 1588
998 1633
1131 256
1129 834
196 580
445 128
1282 1681
1095 971
895 1087
1769 250
1429 1106
1140 569
1789 687
6 1877
261 929
347 567
595 1145
71 873
439 411
1491 779
787 850
1878 1748
540 441
1459 1765
1697 533
1654 156
1100 635
322 921
1406 1345
291 622
338 916
901 1478
1279 16
1753 1830
263 90
597 833
1804 1481
112 1163
883 1299
232 1431
1979 1672
181 272
691 1003
495 1021
652 1255
919 1786
1703 24
677 1492
701 1662
176 1005
425 1508
1661 1970
1853 1474
1211 903
832 1358
1876 961
1127 772
1908 1271
1357 10
1435 1133
390 74
765 1231
112 1163
1138 231
17 1864
520 1810
574 152
237 1310
950 703
663 1818
1461 413
476 102
1 436
963 108
1372 1934
315 1881
977 488
1928 1168
1944 1789
1936 1280
1687 1855
622 915
484 735
587 331
945 1329
945 1329
628 1279
1918 1958
1661 1970
541 395
795 1480
594 1473
1804 1481
41 1813
1455 1783
1509 344
1342 937
926 954
238 955
402 1029
93 1126
1809 19
1771 1888
1087 405
990 586
786 1319
175 1357
983 1120
1756 1598
278 1177
1672 1792
686 1858
593 626
1519 1922
1643 702
1420 357
1041 926
494 1790
1835 253
772 14
1578 136
838 321
590 566
374 609
498 1304
527 803
1405 1159
185 153
1470 1840
685 944
720 1623
1761 322
1719 526
534 538
665 1591
1256 383
1865 1899
653 1418
25 466
639 1436
1224 893
1000 1896
240 858
795 1480
1956 673
48 895
1143 1601
1067 852
1780 619
255 317
316 1285
368 1907
52 705
1675 468
111 187
1653 605
1565 52
1045 1423
389 1203
1421 1824
1300 1421
887 1256
1061 426
1654 156
569 1105
1112 443
1811 333
1189 68
1470 1840
537 1586
45 292
1251 1675
1401 368
1712 875
1430 1142
896 1749
791 607
727 1056
30 1174
1952 1716
430 438
1628 70
1636 1872
1336 159
984 282
1428 924
728 660
288 1197
365 356
1783 908
793 1000
1008 307
1933 1097
7 1111
668 1380
1730 1437
66 433
805 376
1910 93
444 304
1905 183
1 436
783 518
1513 1552
431 881
1848 168
73 47
1102 1841
1455 1783
1128 701
237 1310
1516 489
727 1056
1573 1762
1885 1497
976 889
1790 462
1527 1825
848 1616
1214 1646
903 669
1527 1825
749 640
1961 1046
30 1174
371 712
321 88
157 911
1887 956
1398 143
380 1078
1832 125
1696 1336
1445 708
452 1070
1162 763
981 992
1188 196
1710 423
1795 932
1775 278
1993 1735
1927 1785
125 81
541 395
851 717
789 1173
287 907
514 1364
258 1435
1772 1013
731 107
948 1946
1824 1659
1678 99
645 17
1503 1607
114 1916
144 61
250 1153
1341 571
405 1622
1325 475
1897 1390
1523 532
1077 1654
1380 1640
740 1928
163 1657
847 1297
1779 195
1949 404
1968 1252
1393 204
374 609
1158 715
364 998
1418 835
331 285
439 411
1716 685
421 1372
41 1813
1641 1904
34 1534
500 1204
224 213
96 124
587 331
893 519
190 453
1430 1142
1480 841
119 1459
704 1971
539 1582
1427 328
1221 139
1901 1551
1564 919
1441 1086
83 6
781 1375
1179 1221
506 140
1067 852
288 1197
1358 692
1060 753
1116 290
1934 1441
552 142
936 1461
1523 532
284 742
270 1172
637 316
49 614
1582 782
413 1493
1963 602
1916 1856
157 911
460 485
1451 631
105 935
1447 590
1592 899
1001 1626
704 1971
1100 635
1329 209
896 1749
101 1955
1855 527
647 371
1225 1535
1161 1673
805 376
567 132
1603 3
1687 1855
1588 343
248 620
779 1873
1295 655
811 1132
1189 68
1163 38
1814 63
991 1990
1608 1037
1233 1750
84 719
216 1764
1705 991
27 1761
723 1134
1155 780
1154 144
1354 965
583 1772
392 1228
1266 1895
245 1730
533 1919
603 1312
1721 1909
332 1732
1827 581
1451 631
1058 305
1929 1008
1043 917
1307 1777
692 613
1578 136
335 5
1739 746
784 1936
977 488
1089 1320
730 1379
288 1197
972 1387
1322 1218
1285 375
290 624
1644 1025
1135 1289
1016 332
644 238
1492 853
1141 208
1113 1484
54 1621
56 1827
1450 171
1503 1607
643 298
734 630
1121 1634
1427 328
1525 478
1772 1013
1244 1503
957 801
926 954
1567 301
1233 1750
733 973
717 1384
1208 1179
221 821
1024 603
233 1157
660 582
577 606
1266 1895
299 743
1710 423
1646 1771
1548 1846
435 574
651 939
1379 1787
269 1576
760 1471
351 863
749 640
550 1543
849 611
1878 1748
487 546
1769 250
1602 967
115 1548
1319 859
1496 131
745 255
1794 1963
1683 1467
1306 1264
558 464
1763 1113
378 1567
933 854
441 1539
1202 1635
470 1776
1625 1258
414 1669
319 398
36 594
1171 1867
1211 903
817 1458
1075 12
862 809
16 1710
1908 1271
1737 775
1983 565
746 1399
1111 188
1543 1638
133 671
1309 1151
1744 744
633 726
191 1769
703 1030
1021 906
1318 271
1535 1184
12 244
845 258
1937 397
870 1679
556 1558
1981 1530
1085 847
1358 692
1032 507
528 166
1086 1540
1367 1605
1776 64
1157 1191
1489 1677
1963 602
1192 1495
407 1984
1019 232
443 1368
1575 1432
1584 666
358 683
1784 1128
183 789
341 827
1232 1883
1226 44
1306 1264
1542 329
910 1464
666 1323
872 1321
552 142
677 1492
283 1912
1522 1660
713 1417
1648 1386
527 803
883 1299
478 1871
1878 1748
1185 632
1067 852
589 89
863 1500
194 263
708 82
1350 1201
1451 631
1357 10
124 1797
1246 1861
910 1464
937 175
769 963
992 1518
1573 1762
1261 1514
975 1049
1065 1282
505 276
1100 635
444 304
470 1776
1726 1211
952 306
532 181
1523 532
937 175
1993 1735
1912 901
577 606
1299 1891
1129 834
322 921
1321 1477
251 326
1751 1599
1798 394
1404 174
1410 1027
1462 1099
1483 837
1682 1768
251 326
1622 1961
1842 233
1938 1950
868 1649
250 1153
1778 1453
1270 501
1009 902
406 1402
999 1645
1493 190
23 207
1421 1824
1444 1980
1529 878
1065 1282
1918 1958
341 827
627 106
1884 1047
1798 394
1561 1584
470 1776
72 1209
816 794
1099 110
1419 1489
348 1062
981 992
1945 167
361 96
1622 1961
1822 591
45 292
1197 1069
1319 859
144 61
1874 1205
645 17
1569 1853
1573 1762
1904 350
1639 949
181 272
738 295
1053 1663
236 378
1791 297
731 107
89 1993
575 1959
202 1631
692 613
281 1739
1980 1224
70 1618
304 1528
1465 1035
86 1300
694 1532
1981 1530
663 1818
915 193
1986 734
78 1951
840 32
1335 629
890 480
1241 725
504 1213
1759 182
890 480
56 1827
674 1250
1382 945
1303 1226
729 22
1388 163
1980 1224
843 552
757 876
617 1703
179 690
370 774
168 1077
152 1259
1918 1958
678 923
1597 1999
1269 1183
850 1587
1722 1860
396 1997
1095 971
1498 1931
1113 1484
1988 424
1315 1233
884 1632
11 1031
1150 506
1304 1194
1828 1759
947 1609
1 436
1186 1009
867 1637
1251 1675
1770 1866
1330 633
139 1538
882 1597
198 1444
1422 1506
335 5
549 265
1652 800
698 408
837 562
608 504
41 1813
1532 1562
1764 1353
1647 379
656 1101
601 1006
1632 1155
658 1196
670 495
1912 901
852 1992
210 78
1780 619
1942 469
1063 172
708 82
1034 714
870 1679
828 1596
1816 578
928 812
182 577
917 386
91 1103
1288 358
1386 1350
1172 1088
368 1907
536 254
1905 183
106 1114
1370 561
1743 15
723 1134
1847 1995
741 173
1896 541
994 76
659 768
463 1267
1497 138
1442 1700
776 421
1539 243
5 1185
547 593
1879 279
1185 632
658 1196
1800 259
575 1959
961 618
1112 443
1841 1699
1961 1046
1093 1091
841 1886
350 942
862 809
1593 200
282 793
513 697
1691 1878
77 170
1941 314
1380 1640
613 1439
304 1528
1730 1437
799 838
1179 1221
1608 1037
1856 133
1903 649
675 463
264 1456
1490 823
544 959
1089 1320
1191 1325
1517 1166
1411 260
1620 855
1791 297
1828 1759
746 1399
1391 1032
1728 1002
903 669
1513 1552
1028 1953
1500 1522
194 263
867 1637
530 202
615 1139
1770 1866
1662 77
335 5
34 1534
462 474
1372 1934
1402 1690
384 432
1426 1603
67 972
1786 387
1183 1121
1804 1481
278 1177
1490 823
856 49
253 1470
1601 1778
1017 1879
1683 1467
1395 1093
520 1810
466 319
1898 219
771 804
1022 1270
1327 1948
4 1288
1543 1638
1692 1889
1290 975
1194 428
102 729
1457 84
1361 1630
974 409
733 973
648 308
1490 823
773 1240
1575 1432
503 296
687 1092
776 421
1975 135
863 1500
1383 1595
1055 1257
820 493
969 1986
95 1370
80 224
1063 172
1022 1270
876 377
572 904
842 412
1658 1843
1291 1781
1976 165
1185 632
975 1049
1878 1748
618 1695
1665 520
735 615
213 98
1605 931
1513 1552
474 1073
90 1140
700 1982
793 1000
1235 910
105 935
1870 1655
1539 243
1345 1555
1588 343
1427 328
327 1644
280 654
721 700
1228 1167
878 588
1216 1038
659 768
1050 80
91 1103
1761 322
1518 481
280 654
37 72
660 582
15 787
1818 1779
434 1568
1267 1445
100 1676
184 1513
208 1428
722 1189
986 1965
576 1897
1454 798
106 1114
502 29
657 2000
884 1632
1808 1820
1018 1842
1432 234
845 258
899 318
1570 1154
1787 665
590 566
803 1443
689 341
781 1375
126 1758
1445 708
1242 1727
1121 1634
1773 237
1988 424
1589 656
1898 219
1630 1333
779 1873
1362 1556
1685 560
1884 1047
518 228
987 1920
1934 1441
1086 1540
205 1164
443 1368
1329 209
558 464
883 1299
1857 573
578 361
935 1964
283 1912
892 1661
841 1886
133 671
1408 1108
902 1412
287 907
90 1140
904 661
665 1591
496 1802
60 1440
1942 469
724 1411
1383 1595
789 1173
485 440
324 354
234 1307
1316 1988
1890 1385
407 1984
642 320
528 166
1770 1866
255 317
1156 1330
903 669
1517 1166
415 1253
1793 1983
883 1299
820 493
1560 740
605 1619
436 862
680 457
410 1001
1641 1904
241 751
1488 50
1710 423
68 802
1533 1487
265 995
91 1103
610 484
554 1272
1335 629
1245 1932
959 1804
340 1521
805 376
1583 20
495 1021
370 774
1980 1224
130 1083
1898 219
391 1043
932 830
211 1398
29 56
484 735
297 544
1100 635
604 1081
12 244
1770 1866
207 1448
166 1348
1508 884
456 210
439 411
1684 1921
1336 159
898 572
1105 952
1376 530
73 47
449 293
1404 174
1897 1390
816 794
1370 561
1639 949
1680 1780
820 493
425 1508
1064 401
1623 616
1975 135
293 1688
1052 1053
1573 1762
599 18
963 108
163 1657
385 1945
1632 1155
1228 1167
1661 1970
631 212
784 1936
313 1234
1685 560
896 1749
398 73
651 939
1098 842
1515 325
1198 1033
983 1120
936 1461
1485 1751
1910 93
880 120
1190 1422
883 1299
1175 741
1494 933
1624 1693
684 1941
1256 383
1805 1254
438 2
812 1220
907 745
250 1153
1861 547
1817 636
1658 1843
488 54
628 1279
363 1148
982 1800
1891 514
27 1761
1022 1270
51 1795
1656 1071
1255 1469
1991 236
930 836
123 23
383 1042
938 1190
135 342
719 1017
820 493
1380 1640
1843 648
10 1024
261 929
1733 1987
869 1526
1735 1714
1183 1121
359 1519
982 1800
1074 1116
1355 198
1332 1261
839 336
1471 1894
542 1854
1402 1690
1539 243
1399 1494
1780 619
545 192
52 705
942 417
346 359
1027 644
569 1105
530 202
1506 1788
1150 506
992 1518
1503 1607
136 568
1465 1035
1046 252
1715 1394
820 493
1227 1815
334 1887
545 192
1510 754
113 822
954 1600
746 1399
698 408
1202 1635
1973 657
1643 702
1045 1423
1907 1666
1511 1200
1614 868
273 1273
337 1309
213 98
391 1043
1625 1258
1683 1467
1902 608
831 759
1199 1670
1154 144
359 1519
1055 1257
1895 393
1580 778
1014 1848
1571 1175
157 911
1917 962
327 1644
690 553
644 238
681 1791
1925 610
1091 1413
541 395
838 321
1921 286
297 544
1 436
747 1642
1481 584
1295 655
229 958
1120 1653
1511 1200
1059 761
626 1447
1830 1117
1753 1830
1477 1651
1994 1627
874 957
537 1586
130 1083
1044 684
1845 1862
698 408
499 1400
1045 1423
1038 1446
1058 305
208 1428
1654 156
1050 80
1052 1053
490 892
1427 328
732 540
1558 312
659 768
341 827
974 409
115 1548
733 973
1436 733
575 1959
157 911
980 220
1753 1830
175 1357
267 795
1896 541
451 1170
1806 251
1760 1541
1853 1474
1968 1252
886 117
595 1145
1247 26
236 378
1958 1940
98 864
1438 1318
1123 1588
1896 541
976 889
1276 1890
883 1299
1106 709
1796 385
446 1639
285 494
1431 472
291 622
169 1882
865 83
498 1304
184 1513
1013 880
1892 1409
802 116
1328 43
707 846
372 1331
1991 236
993 1248
1379 1787
1096 968
1659 1104
1555 1985
1276 1890
1635 1112
122 130
160 970
1369 776
1936 1280
1740 1311
1715 1394
671 1667
393 223
904 661
790 147
1498 1931
1024 603
200 816
190 453
1172 1088
1672 1792
640 817
851 717
498 1304
1325 475
627 106
1017 1879
378 1567
798 158
1460 651
1341 571
14 1949
626 1447
3 604
1089 1320
981 992
368 1907
1853 1474
1360 1745
457 1962
376 839
81 402
1885 1497
1025 1767
500 1204
1741 1593
1721 1909
573 1833
260 997
795 1480
791 607
1213 1744
673 790
1069 1416
1416 1501
1545 1096
737 930
482 1592
827 346
111 187
1989 1486
1250 1583
722 1189
1365 473
8 429
1492 853
1825 1709
139 1538
332 1732
1574 551
618 1695
119 1459
1072 94
1479 203
1207 1230
785 45
22 1876
1306 1264
1791 297
82 1496
856 49
455 1766
1315 1233
80 224
296 960
127 1188
287 907
1951 871
569 1105
1140 569
1115 1914
1718 1044
1949 404
250 1153
319 398
1652 800
869 1526
1916 1856
1730 1437
1832 125
1557 1324
230 1925
1184 750
644 238
645 17
970 1404
1794 1963
263 90
127 1188
305 964
1692 1889
877 531
298 1451
1002 1738
57 773
964 1944
468 637
725 1381
1467 1924
357 1628
1969 1410
48 895
289 487
191 1769
1176 675
949 1525
1260 912
1844 1378
997 627
1509 344
86 1300
801 1696
1556 416
19 543
1963 602
855 160
999 1645
1849 513
1420 357
1384 1809
1921 286
1212 36
1332 1261
800 497
334 1887
954 1600
330 178
655 888
1577 1926
1505 1080
1059 761
524 996
489 523
544 959
1771 1888
1302 1880
1368 1524
1567 301
217 129
1297 770
721 700
1355 198
3 604
563 736
232 1431
889 696
1454 798
389 1203
395 818
1333 1507
93 1126
1768 767
534 538
732 540
79 641
572 904
37 72
550 1543
1292 757
940 1975
1680 1780
108 1865
1531 1187
301 986
1317 826
792 596
1565 52
217 129
166 1348
1808 1820
941 1613
383 1042
1472 537
949 1525
1313 40
1386 1350
988 154
179 690
949 1525
345 1227
831 759
1272 1808
590 566
1944 1789
337 1309
883 1299
1458 583
131 658
863 1500
1023 461
1836 542
655 888
1084 1994
1083 1704
634 247
1428 924
408 1408
737 930
1266 1895
1511 1200
741 173
994 76
1569 1853
1750 808
431 881
1159 694
389 1203
672 1014
1201 1589
1445 708
657 2000
848 1616
740 1928
507 539
1451 631
352 1491
670 495
418 435
849 611
490 892
755 1123
165 148
933 854
1947 950
1260 912
1015 1602
1029 510
1808 1820
902 1412
553 1383
353 352
819 1460
1318 271
542 1854
195 339
1625 1258
961 618
953 123
1166 844
82 1496
761 1743
728 660
343 1837
144 61
58 1244
892 1661
1421 1824
1936 1280
311 118
1847 1995
1219 1671
76 434
1384 1809
125 81
553 1383
1173 1706
1411 260
464 367
1278 885
1634 688
1240 11
1091 1413
1155 780
1094 1293
494 1790
1288 358
513 697
932 830
574 152
134 363
1940 369
269 1576
959 1804
1507 1354
906 1643
1113 1484
1971 1036
157 911
274 1181
1174 1938
904 661
790 147
1044 684
1891 514
1028 1953
1824 1659
743 797
1754 1504
19 543
448 59
1316 1988
1028 1953
102 729
719 1017
1062 415
1169 576
278 1177
438 2
728 660
285 494
1534 418
528 166
542 1854
713 1417
1137 1561
632 1665
76 434
914 1283
922 914
1494 933
25 466
559 807
568 679
100 1676
1861 547
1948 1162
231 1917
919 1786
936 1461
1078 1935
105 935
1264 1564
1209 288
1863 1393
893 519
57 773
411 1546
1530 1382
1956 673
179 690
376 839
248 620
1152 1836
1357 10
1900 755
1539 243
1330 633
1515 325
1850 71
1367 1605
1423 134
1722 1860
1467 1924
1605 931
1935 1517
1783 908
370 774
1066 601
1898 219
1670 201
341 827
1306 1264
150 860
1332 1261
780 920
458 340
996 1352
812 1220
258 1435
561 1668
1806 251
968 1875
764 100
1420 357
938 1190
376 839
1883 498
1202 1635
981 992
1535 1184
1576 1499
1325 475
966 1733
1025 1767
1724 879
141 1476
1166 844
1161 1673
18 470
441 1539
1027 644
1876 961
1238 1314
1331 1606
1529 878
1003 370
1362 1556
1347 109
850 1587
1908 1271
562 642
1674 856
1478 698
1972 1737
1968 1252
347 567
439 411
1360 1745
1200 1531
1397 364
1720 197
1358 692
955 545
1570 1154
304 1528
1185 632
209 946
1405 1159
975 1049
1812 1010
922 914
1333 1507
2 1403
436 862
223 650
20 529
771 804
1618 216
1554 1485
280 654
683 1369
108 1865
248 620
357 1628
542 1854
1602 967
1725 865
1537 1063
122 130
1938 1950
1838 1052
1598 1019
305 964
462 474
1461 413
1640 119
834 570
1426 1603
105 935
942 417
1232 1883
249 706
566 257
1186 1009
1030 1337
1690 1740
866 42
230 1925
407 1984
1618 216
84 719
1715 1394
300 87
1237 989
771 804
696 1812
1153 1115
1572 1322
1532 1562
1521 482
172 1109
1525 478
1013 880
942 417
685 944
1832 125
335 5
1228 1167
1258 1290
1361 1630
1733 1987
1450 171
1724 879
131 658
997 627
1696 1336
1029 510
1255 1469
1497 138
6 1877
624 427
1786 387
825 1617
995 1246
1237 989
1076 976
1813 623
963 108
1919 1266
425 1508
502 29
910 1464
942 417
774 713
1778 1453
698 408
416 1089
355 1724
1184 750
36 594
919 1786
1286 477
466 319
514 1364
613 1439
1170 1355
1860 1045
119 1459
1915 1715
1812 1010
1098 842
85 1245
1209 288
1383 1595
1577 1926
574 152
1779 195
191 1769
106 1114
1648 1386
64 184
1362 1556
1964 458
1491 779
411 1546
192 536
42 732
579 1694
362 240
1661 1970
658 1196
1078 1935
1732 1060
1633 953
949 1525
1965 1055
1152 1836
655 888
897 1547
6 1877
1736 35
345 1227
1714 598
858 724
1432 234
851 717
1276 1890
1088 1816
1225 1535
1403 1736
1466 1186
1484 891
1701 674
297 544
1135 1289
1750 808
59 999
1920 1798
620 1799
642 320
166 1348
993 1248
401 1726
1107 1793
34 1534
1158 715
1468 311
232 1431
1654 156
579 1694
133 671
838 321
1070 851
883 1299
1643 702
1159 694
1758 1438
1224 893
193 382
1198 1033
956 111
1124 887
651 939
81 402
1159 694
1480 841
1902 608
308 600
1491 779
315 1881
1542 329
954 1600
834 570
444 304
965 1141
30 1174
1150 506
495 1021
1963 602
1896 541
782 39
296 960
426 162
1492 853
1195 450
1514 1340
558 464
642 320
260 997
1426 1603
1095 971
721 700
1415 676
724 1411
189 270
1544 348
614 365
592 1051
947 1609
87 206
513 697
697 362
427 1249
1609 127
1255 1469
261 929
1919 1266
957 801
1886 459
1817 636
464 367
1665 520
1587 1455
260 997
75 1545
1097 1291
1614 868
626 1447
1643 702
1679 1770
932 830
1582 782
639 1436
1092 355
483 1869
1897 1390
896 1749
332 1732
1686 215
96 124
1926 1529
639 1436
961 618
551 1150
668 1380
368 1907
1566 410
226 730
715 444
429 1747
1042 1509
1667 499
1444 1980
1903 649
1608 1037
271 1754
1582 782
1156 1330
1930 1317
613 1439
1914 1057
1864 896
511 1251
1891 514
392 1228
1604 448
1111 188
1194 428
154 1303
709 558
1152 1836
1003 370
1689 1210
1854 1344
394 299
190 453
560 1074
1292 757
189 270
104 1490
827 346
392 1228
1439 476
32 682
1571 1175
32 682
1001 1626
1585 274
1250 1583
1529 878
439 411
1565 52
552 142
169 1882
1870 1655
969 1986
1732 1060
1179 1221
1633 953
1513 1552
517 1498
537 1586
653 1418
163 1657
1354 965
986 1965
1263 832
1492 853
1065 1282
434 1568
1417 1822
69 639
91 1103
1004 1884
1954 557
1548 1846
617 1703
424 1356
892 1661
1437 1454
1444 1980
356 176
1103 57
223 650
499 1400
1090 1811
715 444
158 1475
356 176
1331 1606
1377 1012
422 716
154 1303
1646 1771
1034 714
1315 1233
556 1558
978 334
468 637
898 572
570 1342
558 464
759 737
617 1703
1924 1377
1539 243
1697 533
1731 447
1965 1055
287 907
827 346
1567 301
539 1582
708 82
334 1887
1503 1607
1019 232
324 354
1251 1675
1068 66
1897 1390
1500 1522
1268 1269
357 1628
896 1749
1895 393
389 1203
1375 1719
63 8
508 1260
1946 938
149 280
307 680
631 212
1276 1890
26 1821
1854 1344
990 586
596 1734
376 839
1664 7
1148 943
1020 1685
903 669
1023 461
1996 1918
1089 1320
1103 57
779 1873
1988 424
1977 877
1388 163
551 1150
155 149
1642 1296
178 1707
783 518
1953 483
672 1014
311 118
310 1615
471 1553
1312 479
1513 1552
1171 1867
344 710
1298 1016
1348 1328
20 529
144 61
1063 172
871 1338
763 1059
554 1272
1509 344
60 1440
1793 1983
1631 1371
478 1871
1672 1792
1955 783
282 793
1185 632
1907 1666
996 1352
1900 755
895 1087
306 1171
1447 590
630 277
68 802
1842 233
267 795
1896 541
1757 1085
561 1668
1681 848
513 697
845 258
81 402
370 774
1120 1653
1535 1184
316 1285
1703 24
977 488
432 41
410 1001
451 1170
196 580
1310 1976
439 411
1203 1752
1145 1079
1717 1929
1549 425
696 1812
1671 455
1854 1344
1080 1039
839 336
1064 401
1587 1455
1015 1602
517 1498
588 146
1235 910
959 1804
831 759
1801 1243
629 681
1696 1336
1134 1298
1264 1564
1754 1504
1710 423
1148 943
122 130
793 1000
1273 1366
138 988
1086 1540
931 126
1488 50
94 500
1048 9
798 158
303 1388
1355 198
1763 1113
688 53
196 580
462 474
1073 1327
484 735
1258 1290
1307 1777
9 1579
437 300
460 485
1906 653
1577 1926
711 492
204 1966
1012 1065
738 295
1695 1316
1214 1646
689 341
858 724
137 792
356 176
998 1633
719 1017
1188 196
403 1135
1716 685
599 18
1179 1221
359 1519
697 362
905 437
749 640
388 1512
933 854
911 205
74 122
45 292
1814 63
1388 163
1669 1007
850 1587
1134 1298
1574 551
1120 1653
231 1917
1553 646
1194 428
1617 1763
663 1818
1707 1831
1934 1441
1142 1349
464 367
526 1998
1219 1671
1660 1483
117 1223
1844 1378
716 645
582 25
1040 1575
1435 1133
540 441
604 1081
843 552
1011 465
113 822
208 1428
1506 1788
1507 1354
697 362
56 1827
580 324
595 1145
971 1365
1124 887
1254 1910
779 1873
70 1618
803 1443
1864 896
1270 501
673 790
1587 1455
838 321
89 1993
910 1464
1911 667
1462 1099
258 1435
561 1668
1680 1780
1296 1692
974 409
304 1528
506 140
1769 250
453 230
703 1030
1077 1654
1713 145
674 1250
384 432
250 1153
1892 1409
813 1265
630 277
1419 1489
699 1198
1775 278
865 83
342 1729
1011 465
815 1347
1079 900
424 1356
739 1574
881 727
1798 394
723 1134
91 1103
1549 425
1212 36
1690 1740
31 1277
1859 693
1028 1953
1818 1779
1528 1834
1500 1522
1289 1515
1035 1913
88 502
391 1043
470 1776
224 213
1981 1530
1867 643
1539 243
823 909
1749 695
1086 1540
1880 934
1661 1970
1558 312
509 819
986 1965
1175 741
425 1508
862 809
976 889
900 454
191 1769
1387 101
464 367
1915 1715
1677 634
685 944
1656 1071
1662 77
277 1742
1692 1889
1009 902
827 346
1538 1373
596 1734
434 1568
1314 1335
17 1864
499 1400
1171 1867
1909 1129
1636 1872
1500 1522
854 287
656 1101
549 265
469 1684
969 1986
330 178
1037 1957
1289 1515
1591 764
553 1383
1193 1686
1602 967
1356 1278
267 795
1807 1725
96 124
1954 557
1272 1808
1495 866
1932 65
966 1733
467 1554
1759 182
1695 1316
1788 677
221 821
720 1623
1927 1785
859 269
1203 1752
59 999
446 1639
1537 1063
801 1696
1099 110
634 247
1702 92
1629 1122
667 315
1321 1477
531 1192
1133 1351
784 1936
209 946
1350 1201
786 1319
1560 740
426 162
1176 675
1572 1322
1799 587
823 909
135 342
1636 1872
790 147
202 1631
1505 1080
178 1707
862 809
1645 1784
136 568
1366 1857
786 1319
247 1367
507 539
344 710
1751 1599
878 588
1187 771
1204 979
677 1492
894 121
1975 135
830 1610
1813 623
1276 1890
803 1443
1733 1987
65 1973
699 1198
178 1707
1297 770
1668 351
1083 1704
413 1493
110 164
200 816
1262 1746
381 1075
1453 662
1964 458
1785 664
705 528
1464 1930
1275 762
1796 385
1641 1904
1400 556
1619 1572
1241 725
421 1372
1790 462
1143 1601
346 359
1683 1467
942 417
475 1803
538 659
428 185
1937 397
1644 1025
688 53
987 1920
1944 1789
1287 825
1683 1467
1455 1783
1495 866
1760 1541
483 1869
1155 780
1419 1489
1810 1981
1958 1940
353 352
1065 1282
787 850
1096 968
1629 1122
1244 1503
1596 940
1454 798
1322 1218
1051 471
1336 159
1365 473
1093 1091
7 1111
1733 1987
1335 629
578 361
1497 138
497 1835
447 399
693 1845
942 417
1741 1593
1258 1290
312 58
1676 1901
191 1769
877 531
1470 1840
1050 80
1142 1349
1251 1675
749 640
1237 989
749 640
767 890
1640 119
1027 644
1384 1809
604 1081
591 490
484 735
1903 649
715 444
873 1550
1296 1692
1126 157
500 1204
1795 932
1375 1719
722 1189
247 1367
1120 1653
206 1182
1259 1262
1695 1316
855 160
1772 1013
106 1114
1459 1765
1209 288
605 1619
1459 1765
1688 672
777 784
1559 1136
925 115
730 1379
1370 561
442 1465
1313 40
771 804
703 1030
206 1182
1806 251
1656 1071
1715 1394
1060 753
821 222
610 484
1531 1187
208 1428
1006 1222
125 81
692 613
806 327
703 1030
1545 1096
1902 608
171 1721
753 869
982 1800
472 46
1518 481
566 257
1373 691
648 308
137 792
1740 1311
595 1145
1002 1738
46 985
1065 1282
1397 364
779 1873
210 78
1391 1032
1543 1638
670 495
146 1849
90 1140
781 1375
951 1594
1993 1735
1505 1080
655 888
917 386
1512 704
1024 603
573 1833
811 1132
1442 1700
1485 1751
200 816
487 546
1558 312
152 1259
297 544
581 1149
154 1303
76 434
1985 1143
623 1214
1865 1899
1697 533
375 1826
454 177
651 939
100 1676
1031 235
1412 1636
1858 422
841 1886
1021 906
221 821
1515 325
553 1383
1719 526
158 1475
1901 1551
297 544
1927 1785
1377 1012
509 819
72 1209
1624 1693
534 538
905 437
931 126
687 1092
1660 1483
1945 167
1167 1624
1387 101
679 1238
1485 1751
839 336
166 1348
601 1006
688 53
186 291
940 1975
1323 1215
478 1871
404 1847
1035 1913
639 1436
1372 1934
602 849
1421 1824
1291 1781
1715 1394
33 1472
408 1408
1874 1205
308 600
1568 283
1905 183
1461 413
1060 753
1496 131
256 1952
171 1721
733 973
366 525
519 1682
1738 303
410 1001
1960 460
1263 832
102 729
268 1118
313 1234
436 862
1728 1002
1300 1421
899 318
1213 1744
1129 834
546 51
1794 1963
1941 314
395 818
415 1253
1331 1606
823 909
1824 1659
1848 168
87 206
1636 1872
1248 1927
1742 1581
393 223
1039 1905
766 512
846 396
827 346
1538 1373
1298 1016
1345 1555
1152 1836
1598 1019
651 939
934 1689
574 152
940 1975
1516 489
1145 1079
1016 332
57 773
293 1688
1310 1976
144 61
1459 1765
320 936
1495 866
869 1526
1626 95
80 224
1792 97
429 1747
1987 347
575 1959
1728 1002
1469 897
131 658
454 177
417 445
1321 1477
1679 1770
881 727
1354 965
775 1396
646 521
900 454
507 539
1169 576
1090 1811
1611 766
357 1628
685 944
526 1998
1227 1815
1972 1737
1361 1630
946 813
1534 418
757 876
1580 778
544 959
800 497
1279 16
962 589
898 572
1525 478
629 681
1721 1909
513 697
1174 1938
600 983
1406 1345
954 1600
1390 85
192 536
36 594
268 1118
1316 1988
1057 91
1233 1750
362 240
792 596
1117 748
1579 1011
1740 1311
671 1667
1390 85
1819 1004
1939 1401
1847 1995
1140 569
2 1403
61 592
1886 459
224 213
149 280
1336 159
698 408
1715 1394
1819 1004
1747 597
1985 1143
1466 1186
1664 7
1556 416
334 1887
1312 479
399 1590
984 282
1159 694
1630 1333
1099 110
1994 1627
1166 844
1828 1759
396 1997
1430 1142
1997 211
1480 841
989 796
1046 252
1432 234
1102 1841
820 493
1103 57
1906 653
626 1447
1046 252
1973 657
1382 945
533 1919
35 137
159 947
1422 1506
1818 1779
1001 1626
302 978
1931 980
1509 344
69 639
1617 1763
1972 1737
1676 1901
1277 323
996 1352
349 752
97 289
296 960
567 132
1999 549
1210 1217
1769 250
308 600
183 789
548 1968
383 1042
983 1120
84 719
777 784
1408 1108
1837 559
1126 157
111 187
568 679
1405 1159
1236 647
1800 259
1843 648
14 1949
705 528
163 1657
41 1813
941 1613
272 491
1977 877
1454 798
557 563
112 1163
1528 1834
323 1332
595 1145
608 504
695 414
1073 1327
716 645
1023 461
622 915
557 563
148 1247
771 804
525 974
1019 232
781 1375
1996 1918
1349 1614
1788 677
1083 1704
184 1513
999 1645
219 1608
1710 423
605 1619
1964 458
1627 1996
971 1365
1863 1393
1984 1160
1141 208
1863 1393
921 1900
1909 1129
1174 1938
531 1192
117 1223
1979 1672
1074 1116
1237 989
1961 1046
1893 1755
570 1342
609 1978
1396 345
1716 685
1631 1371
761 1743
246 1585
597 833
1587 1455
455 1766
1872 1058
1456 281
351 863
546 51
1174 1938
356 176
1777 264
858 724
940 1975
539 1582
350 942
1459 1765
1947 950
1188 196
988 154
112 1163
1975 135
1699 993
1562 1801
1334 1947
1764 1353
1434 806
721 700
870 1679
1807 1725
322 921
797 1902
779 1873
1685 560
1453 662
1037 1957
763 1059
101 1955
1530 1382
982 1800
1037 1957
1613 194
1892 1409
1660 1483
685 944
346 359
929 1275
1250 1583
974 409
1440 227
828 1596
906 1643
1217 503
176 1005
1681 848
721 700
1365 473
1612 1972
1137 1561
526 1998
840 32
177 1466
854 287
1019 232
497 1835
60 1440
787 850
922 914
1503 1607
1891 514
223 650
1470 1840
804 1612
327 1644
1452 769
1194 428
1140 569
698 408
353 352
486 1915
1447 590
198 1444
383 1042
173 509
815 1347
889 696
1552 1468
1035 1913
1166 844
1690 1740
1992 1107
1254 1910
1702 92
209 946
1629 1122
196 580
866 42
1788 677
115 1548
671 1667
213 98
599 18
1082 731
796 1407
1535 1184
807 313
489 523
1504 575
1478 698
984 282
1101 1235
802 116
1386 1350
1338 555
94 500
411 1546
445 128
862 809
1537 1063
4 1288
537 1586
1194 428
1104 186
363 1148
648 308
799 838
837 562
625 898
1384 1809
1483 837
1131 256
347 567
297 544
1848 168
731 107
268 1118
774 713
1335 629
249 706
119 1459
479 1064
1496 131
218 1713
376 839
1484 891
101 1955
1604 448
529 905
277 1742
122 130
1893 1755
1163 38
345 1227
1696 1336
867 1637
1888 1
1054 1537
778 1828
276 242
436 862
421 1372
1799 587
1243 105
1225 1535
449 293
411 1546
1541 535
1152 1836
714 33
157 911
1035 1913
738 295
719 1017
1171 1867
1129 834
1417 1822
406 1402
1636 1872
1985 1143
1218 722
467 1554
1519 1922
1839 1527
1421 1824
404 1847
1729 191
1678 99
133 671
812 1220
1093 1091
1947 950
1452 769
1584 666
1326 861
265 995
892 1661
633 726
597 833
1747 597
1528 1834
1867 643
1874 1205
919 1786
78 1951
703 1030
1584 666
1974 1796
755 1123
456 210
20 529
1576 1499
177 1466
393 223
1642 1296
1343 1523
1792 97
1980 1224
502 29
531 1192
782 39
183 789
313 1234
967 1805
854 287
1500 1522
1485 1751
1674 856
1295 655
863 1500
70 1618
1379 1787
180 1817
393 223
469 1684
393 223
1221 139
900 454
799 838
1505 1080
735 615
887 1256
1884 1047
1278 885
537 1586
627 106
323 1332
454 177
279 1903
735 615
1727 442
284 742
1569 1853
1052 1053
273 1273
1798 394
492 969
1029 510
956 111
1839 1527
826 4
417 445
1305 1341
847 1297
853 1773
657 2000
1085 847
361 96
1443 1516
780 920
245 1730
1620 855
1265 805
1835 253
804 1612
1774 927
1630 1333
34 1534
1267 1445
1474 738
1399 1494
1077 1654
33 1472
95 1370
345 1227
544 959
362 240
1662 77
23 207
257 446
810 245
1361 1630
1058 305
1913 1844
457 1962
1725 865
64 184
914 1283
1733 1987
1445 708
219 1608
601 1006
1210 1217
421 1372
114 1916
298 1451
1899 430
1310 1976
362 240
907 745
1386 1350
925 115
1353 1629
605 1619
104 1490
1721 1909
635 1652
1014 1848
897 1547
1684 1921
549 265
1939 1401
314 1362
1625 1258
1930 1317
1418 835
1801 1243
245 1730
1093 1091
699 1198
325 1989
1905 183
1821 777
1656 1071
468 637
416 1089
1452 769
25 466
1865 1899
819 1460
1099 110
134 363
1755 1147
756 1232
259 141
1537 1063
93 1126
1144 668
576 1897
1110 1015
1865 1899
1915 1715
1490 823
53 1874
299 743
1737 775
364 998
1058 305
1017 1879
129 1658
690 553
1223 1306
125 81
993 1248
1048 9
82 1496
1411 260
1261 1514
1514 1340
1376 530
1687 1855
857 1363
891 1343
1575 1432
570 1342
1207 1230
477 1708
743 797
1500 1522
422 716
1115 1914
556 1558
925 115
1887 956
349 752
505 276
881 727
699 1198
205 1164
412 1020
1996 1918
132 1457
959 1804
929 1275
1527 1825
1997 211
39 214
15 787
323 1332
1095 971
319 398
1901 1551
1532 1562
684 1941
1778 1453
709 558
1337 1165
1203 1752
1350 1201
1569 1853
1312 479
233 1157
125 81
1616 564
1022 1270
1462 1099
356 176
1701 674
643 298
748 1908
1933 1097
281 1739
387 13
1943 104
1215 353
105 935
1783 908
1477 1651
342 1729
1228 1167
1541 535
1022 1270
312 58
533 1919
226 730
330 178
771 804
951 1594
1970 1414
463 1267
63 8
730 1379
845 258
1235 910
1164 1067
79 641
1954 557
1322 1218
625 898
396 1997
1975 135
478 1871
776 421
638 179
803 1443
307 680
697 362
1767 1429
1131 256
164 225
955 545
1213 1744
263 90
252 1193
762 756
1182 1315
718 1125
100 1676
1054 1537
1823 1405
1229 496
1079 900
414 1669
1827 581
1230 1563
1239 400
1291 1781
1708 1202
129 1658
22 1876
1984 1160
1694 845
422 716
5 1185
1269 1183
1997 211
1415 676
995 1246
1579 1011
1365 473
914 1283
1337 1165
1134 1298
1400 556
482 1592
1201 1589
1378 229
15 787
418 435
773 1240
1383 1595
541 395
98 864
494 1790
92 1510
1094 1293
1651 1158
1292 757
183 789
894 121
1512 704
67 972
983 1120
988 154
697 362
45 292
439 411
1734 221
1617 1763
1195 450
907 745
1703 24
1401 368
37 72
931 126
997 627
1714 598
1006 1222
729 22
1332 1261
761 1743
490 892
717 1384
806 327
354 1991
897 1547
365 356
753 869
1336 159
1265 805
154 1303
1829 1482
1212 36
1913 1844
1188 196
78 1951
1971 1036
1143 1601
1043 917
1160 150
1593 200
687 1092
1696 1336
695 414
234 1307
80 224
322 921
476 102
1911 667
335 5
1982 266
1623 616
1230 1563
620 1799
1281 1577
1835 253
197 1723
1830 1117
598 1026
1607 1360
1929 1008
955 545
953 123
1532 1562
1710 423
1121 1634
998 1633
847 1297
43 1814
1512 704
1278 885
870 1679
1019 232
236 378
1973 657
1901 1551
772 14
1496 131
1281 1577
818 1424
960 1206
1350 1201
1371 1943
604 1081
1285 375
1859 693
122 130
587 331
556 1558
523 1050
362 240
1290 975
182 577
502 29
1290 975
1792 97
1858 422
733 973
210 78
1939 1401
1019 232
1570 1154
958 585
1799 587
912 1199
256 1952
266 1442
1300 1421
1709 103
1655 925
15 787
1782 516
1220 86
1821 777
597 833
1679 1770
606 857
1448 505
1261 1514
660 582
1448 505
1524 1308
292 217
1355 198
212 918
1718 1044
895 1087
665 1591
1966 1138
102 729
222 1570
1230 1563
632 1665
863 1500
1605 931
1513 1552
1500 1522
534 538
809 239
1062 415
1201 1589
1134 1298
1380 1640
446 1639
1616 564
1952 1716
1336 159
1275 762
1705 991
1564 919
379 389
1644 1025
185 153
574 152
1699 993
107 1302
446 1639
667 315
654 1885
1271 1573
1884 1047
1593 200
1488 50
1608 1037
1008 307
4 1288
1824 1659
1831 456
1013 880
1866 246
1783 908
1630 1333
56 1827
1793 1983
1480 841
785 45
269 1576
1970 1414
1720 197
1989 1486
1967 155
404 1847
612 977
1099 110
677 1492
198 1444
1151 595
1915 1715
1756 1598
1792 97
1017 1879
152 1259
1936 1280
1424 1712
182 577
1167 1624
370 774
1093 1091
1320 1391
1251 1675
361 96
1130 1488
1639 949
1745 1794
227 1207
407 1984
1661 1970
1875 1463
914 1283
1400 556
1721 1909
1890 1385
1786 387
348 1062
64 184
1653 605
454 177
1176 675
310 1615
1191 1325
174 721
934 1689
467 1554
376 839
85 1245
546 51
904 661
1522 1660
1977 877
1054 1537
867 1637
991 1990
854 287
1929 1008
558 464
421 1372
1744 744
1825 1709
873 1550
749 640
690 553
1829 1482
1706 55
1766 1674
369 1718
791 607
413 1493
1060 753
1858 422
257 446
1308 1094
133 671
1864 896
239 786
303 1388
1132 1571
1584 666
1890 1385
1155 780
1634 688
354 1991
674 1250
483 1869
1578 136
205 1164
1441 1086
1905 183
217 129
1969 1410
667 315
95 1370
1383 1595
1708 1202
999 1645
528 166
1955 783
372 1331
38 820
96 124
1297 770
1297 770
1735 1714
966 1733
904 661
1724 879
1699 993
655 888
1024 603
1008 307
351 863
1197 1069
410 1001
604 1081
552 142
1760 1541
1305 1341
1878 1748
598 1026
353 352
218 1713
1586 1100
420 1334
1189 68
1442 1700
1949 404
673 790
427 1249
401 1726
298 1451
785 45
271 1754
1629 1122
1384 1809
1093 1091
238 955
1859 693
804 1612
420 1334
946 813
568 679
1280 30
1175 741
22 1876
311 118
1706 55
1811 333
321 88
1368 1524
1491 779
1161 1673
1814 63
247 1367
1034 714
160 970
515 249
1159 694
1780 619
98 864
1165 1127
864 161
1359 113
413 1493
1896 541
1129 834
1920 1798
534 538
1606 28
1334 1947
916 941
370 774
494 1790
674 1250
267 795
1489 1677
36 594
605 1619
1230 1563
619 652
303 1388
1758 1438
241 751
1341 571
828 1596
1352 1756
658 1196
624 427
887 1256
992 1518
1812 1010
1611 766
1581 1505
271 1754
912 1199
91 1103
863 1500
1568 283
1220 86
1342 937
1800 259
335 5
932 830
1866 246
107 1302
1618 216
1196 262
1132 1571
1636 1872
883 1299
250 1153
1169 576
1620 855
1298 1016
356 176
176 1005
413 1493
619 652
59 999
1310 1976
673 790
1155 780
780 920
1118 302
121 720
924 1426
680 457
1711 1906
1767 1429
1470 1840
341 827
914 1283
1149 1852
1943 104
1323 1215
198 1444
283 1912
1411 260
1247 26
376 839
1940 369
1346 678
534 538
1260 912
538 659
346 359
1973 657
1602 967
858 724
1218 722
1890 1385
1175 741
1785 664
199 1731
1688 672
1646 1771
1273 1366
1726 1211
666 1323
580 324
1525 478
1601 1778
1414 1281
159 947
1251 1675
59 999
1736 35
254 1753
1097 1291
322 921
1055 1257
29 56
1909 1129
1697 533
1685 560
334 1887
518 228
1711 1906
1732 1060
262 1650
1573 1762
1395 1093
1745 1794
1028 1953
1396 345
59 999
855 160
351 863
1502 1023
792 596
1775 278
1185 632
288 1197
1434 806
983 1120
1285 375
517 1498
556 1558
1662 77
575 1959
1701 674
525 974
1985 1143
441 1539
980 220
250 1153
1760 1541
1633 953
1920 1798
1723 1287
297 544
207 1448
370 774
1920 1798
1680 1780
1333 1507
942 417
1668 351
1299 1891
1534 418
1300 1421
1163 38
1504 575
1592 899
1571 1175
1015 1602
1326 861
1829 1482
875 1566
1825 1709
1401 368
1676 1901
1130 1488
1773 237
1100 635
184 1513
920 1520
426 162
206 1182
154 1303
1645 1784
1881 309
251 326
383 1042
1157 1191
1892 1409
1520 747
1304 1194
1942 469
110 164
435 574
1493 190
680 457
1971 1036
1233 1750
503 296
1997 211
1630 1333
592 1051
708 82
450 788
792 596
1564 919
891 1343
109 799
224 213
279 1903
326 628
1021 906
1051 471
587 331
992 1518
396 1997
1113 1484
651 939
1133 1351
1148 943
567 132
1039 1905
765 1231
1788 677
1648 1386
1672 1792
1015 1602
1875 1463
834 570
1120 1653
1796 385
530 202
10 1024
64 184
722 1189
472 46
764 100
1030 1337
1176 675
808 384
1096 968
1351 1937
780 920
900 454
22 1876
1769 250
652 1255
729 22
657 2000
670 495
89 1993
1896 541
1892 1409
638 179
997 627
1480 841
1509 344
83 6
902 1412
1449 486
1213 1744
902 1412
1671 455
1000 1896
212 918
4 1288
1844 1378
147 686
931 126
178 1707
947 1609
1113 1484
1139 1939
793 1000
907 745
1037 1957
394 299
1534 418
187 1176
1231 431
1029 510
73 47
605 1619
1646 1771
738 295
644 238
1028 1953
809 239
1096 968
982 1800
1487 1580
726 1169
1966 1138
192 536
1173 1706
1482 984
1209 288
751 1557
208 1428
1139 1939
1312 479
640 817
1991 236
968 1875
276 242
898 572
696 1812
1384 1809
1492 853
916 941
316 1285
521 1450
1203 1752
1738 303
774 713
439 411
684 1941
1150 506
1476 360
406 1402
430 438
49 614
558 464
1437 1454
1884 1047
1231 431
1119 1967
1826 1775
69 639
1610 1313
230 1925
942 417
1201 1589
1102 1841
905 437
847 1297
1690 1740
1909 1129
181 272
965 1141
1835 253
156 1102
1063 172
1146 1397
1724 879
687 1092
1170 1355
1105 952
1556 416
316 1285
1276 1890
1779 195
1644 1025
330 178
1100 635
742 189
1939 1401
71 873
1845 1862
1854 1344
1967 155
1225 1535
1177 1705
496 1802
1425 522
492 969
476 102
741 173
1597 1999
637 316
419 1427
355 1724
1087 405
928 812
559 807
793 1000
1880 934
1166 844
1309 1151
1072 94
383 1042
1103 57
1448 505
67 972
321 88
384 432
358 683
982 1800
1953 483
368 1907
981 992
1682 1768
434 1568
1839 1527
1267 1445
712 1286
1673 870
774 713
1839 1527
1574 551
1813 623
620 1799
1419 1489
1618 216
309 1161
1264 1564
1612 1972
1182 1315
867 1637
641 1419
1996 1918
427 1249
125 81
1297 770
1097 1291
1118 302
338 916
1444 1980
1174 1938
554 1272
705 528
1120 1653
559 807
1684 1921
1078 1935
344 710
1728 1002
1247 26
1713 145
6 1877
370 774
1883 498
166 1348
248 620
1567 301
97 289
941 1613
924 1426
713 1417
915 193
1343 1523
1637 1722
1930 1317
1789 687
743 797
773 1240
586 1374
1957 987
1817 636
750 452
404 1847
1636 1872
576 1897
1411 260
469 1684
805 376
1911 667
531 1192
792 596
265 995
1803 1326
1767 1429
1302 1880
1227 1815
1762 1219
1704 31
1942 469
215 1022
1993 1735
633 726
1027 644
1685 560
30 1174
295 1295
459 1434
1118 302
1895 393
691 1003
157 911
1571 1175
1257 1130
620 1799
678 923
1084 1994
1240 11
1299 1891
1319 859
1431 472
1827 581
1747 597
996 1352
1592 899
1684 1921
931 126
923 284
1549 425
1478 698
287 907
1103 57
1240 11
1556 416
402 1029
963 108
1850 71
863 1500
271 1754
1235 910
1467 1924
1634 688
1480 841
1726 1211
591 490
1703 24
488 54
1400 556
1205 1838
1143 1601
581 1149
512 1960
1284 1359
4 1288
516 1420
934 1689
826 4
802 116
593 626
67 972
1059 761
1359 113
810 245
1146 1397
455 1766
334 1887
600 983
426 162
374 609
1271 1573
1385 226
110 164
1807 1725
454 177
1155 780
1020 1685
1047 1301
807 313
1190 1422
1018 1842
1771 1888
1839 1527
1060 753
1206 1072
925 115
1292 757
1865 1899
1990 261
1115 1914
1998 1656
590 566
1979 1672
594 1473
610 484
255 317
855 160
40 1156
492 969
899 318
1654 156
1427 328
1207 1230
499 1400
213 98
548 1968
1134 1298
110 164
839 336
330 178
1314 1335
1953 483
1129 834
1382 945
1136 1502
209 946
1273 1366
721 700
1332 1261
1601 1778
1069 1416
981 992
869 1526
1668 351
935 1964
119 1459
1825 1709
1069 1416
558 464
950 703
2 1403
302 978
1576 1499
95 1370
871 1338
1797 913
788 439
45 292
1920 1798
241 751
399 1590
31 1277
1487 1580
1800 259
874 957
1115 1914
1563 1533
1657 60
187 1176
65 1973
1797 913
784 1936
14 1949
3 604
35 137
726 1169
519 1682
571 1954
1400 556
1696 1336
711 492
1050 80
392 1228
316 1285
882 1597
985 180
1890 1385
1096 968
1134 1298
1766 1674
1070 851
1008 307
1258 1290
489 523
747 1642
456 210
606 857
898 572
243 1680
857 1363
656 1101
247 1367
206 1182
1665 520
950 703
832 1358
38 820
304 1528
866 42
764 100
432 41
988 154
840 32
383 1042
815 1347
1933 1097
19 543
863 1500
1673 870
1156 1330
1028 1953
1722 1860
1151 595
1361 1630
1366 1857
1065 1282
1333 1507
1441 1086
377 1911
1679 1770
314 1362
594 1473
1630 1333
1928 1168
652 1255
638 179
300 87
1690 1740
10 1024
1346 678
953 123
1915 1715
1406 1345
142 34
1707 1831
1055 1257
1960 460
1358 692
709 558
1229 496
1702 92
922 914
1904 350
1671 455
1375 1719
1381 867
1233 1750
122 130
701 1662
47 1697
1196 262
931 126
703 1030
373 1263
423 707
668 1380
1053 1663
1167 1624
302 978
938 1190
682 638
191 1769
531 1192
1195 450
271 1754
1420 357
600 983
792 596
1971 1036
1990 261
154 1303
365 356
958 585
1493 190
1526 374
9 1579
295 1295
558 464
1533 1487
1023 461
1506 1788
1085 847
1954 557
361 96
634 247
1762 1219
15 787
1600 1893
909 1449
1510 754
352 1491
1687 1855
1454 798
1175 741
1637 1722
309 1161
299 743
1895 393
852 1992
1370 561
389 1203
404 1847
1292 757
1014 1848
1828 1759
380 1078
1191 1325
101 1955
1525 478
904 661
1296 1692
25 466
286 1664
514 1364
1259 1262
1367 1605
857 1363
604 1081
637 316
317 1082
1868 982
1549 425
249 706
1003 370
852 1992
617 1703
1192 1495
848 1616
1942 469
887 1256
1550 1274
589 89
942 417
773 1240
584 579
1691 1878
632 1665
401 1726
1517 1166
568 679
1494 933
549 265
443 1368
920 1520
1599 1048
1014 1848
554 1272
1952 1716
1492 853
1611 766
34 1534
43 1814
395 818
1262 1746
1054 1537
926 954
178 1707
1911 667
181 272
1813 623
46 985
263 90
1154 144
1382 945
1660 1483
1598 1019
255 317
1847 1995
846 396
329 1974
1745 1794
1316 1988
1483 837
137 792
949 1525
1555 1985
1504 575
1554 1485
653 1418
555 1832
47 1697
1569 1853
514 1364
1489 1677
470 1776
1637 1722
1559 1136
1928 1168
1184 750
112 1163
384 432
514 1364
1725 865
1018 1842
295 1295
1299 1891
1760 1541
829 670
1211 903
1615 1124
1043 917
1955 783
1772 1013
484 735
515 249
686 1858
273 1273
932 830
1966 1138
1816 578
873 1550
705 528
1614 868
685 944
1849 513
272 491
1217 503
1401 368
880 120
730 1379
747 1642
1934 1441
58 1244
510 1305
727 1056
271 1754
1105 952
534 538
357 1628
1725 865
1064 401
193 382
594 1473
308 600
326 628
1620 855
476 102
1300 1421
137 792
106 1114
1009 902
1608 1037
205 1164
996 1352
1209 288
1634 688
1512 704
494 1790
1206 1072
197 1723
1718 1044
650 1076
1548 1846
1319 859
1491 779
1497 138
881 727
146 1849
176 1005
1367 1605
620 1799
1084 1994
346 359
1376 530
1348 1328
724 1411
1397 364
586 1374
1818 1779
1326 861
1725 865
416 1089
1685 560
473 1084
1090 1811
1823 1405
624 427
821 222
1779 195
561 1668
1233 1750
1202 1635
537 1586
1659 1104
1614 868
1970 1414
475 1803
1533 1487
1872 1058
571 1954
1541 535
32 682
1536 1511
1432 234
84 719
142 34
1976 165
583 1772
1414 1281
1606 28
33 1472
775 1396
685 944
537 1586
329 1974
1947 950
636 1851
481 330
917 386
119 1459
1981 1530
484 735
98 864
305 964
1711 1906
1510 754
1436 733
765 1231
1003 370
700 1982
1577 1926
610 484
1755 1147
1691 1878
1457 84
259 141
842 412
1771 1888
922 914
932 830
1978 349
959 1804
481 330
683 1369
1827 581
211 1398
1631 1371
133 671
378 1567
1135 1289
20 529
605 1619
372 1331
1855 527
1502 1023
172 1109
1994 1627
1867 643
855 160
1350 1201
284 742
1642 1296
809 239
614 365
561 1668
355 1724
467 1554
679 1238
1266 1895
398 73
545 192
473 1084
249 706
649 1195
886 117
1773 237
1987 347
354 1991
1915 1715
1926 1529
470 1776
101 1955
1921 286
1237 989
244 1829
73 47
1860 1045
1772 1013
1301 1536
504 1213
632 1665
35 137
1549 425
77 170
740 1928
1861 547
429 1747
1390 85
1659 1104
1665 520
377 1911
866 42
503 296
794 811
1102 1841
17 1864
970 1404
652 1255
1139 1939
1939 1401
656 1101
49 614
1919 1266
1872 1058
1540 739
340 1521
848 1616
383 1042
598 1026
602 849
66 433
362 240
1222 1687
614 365
1143 1601
771 804
1558 312
1532 1562
796 1407
338 916
50 218
947 1609
1845 1862
1358 692
1289 1515
765 1231
1610 1313
656 1101
1068 66
280 654
720 1623
1503 1607
1766 1674
1593 200
998 1633
1697 533
830 1610
1222 1687
1658 1843
266 1442
1130 1488
1634 688
315 1881
243 1680
1431 472
9 1579
647 371
382 1625
1086 1540
1693 663
164 225
1300 1421
45 292
118 1028
1174 1938
247 1367
530 202
544 959
975 1049
363 1148
453 230
539 1582
112 1163
484 735
1112 443
1720 197
1154 144
1155 780
931 126
1666 112
1254 1910
1126 157
506 140
987 1920
1073 1327
1955 783
1167 1624
752 1942
1650 1578
484 735
875 1566
1307 1777
1244 1503
1494 933
853 1773
1959 1208
223 650
1248 1927
1175 741
60 1440
1887 956
422 716
1439 476
1904 350
1649 1392
514 1364
105 935
249 706
1345 1555
1895 393
1634 688
30 1174
159 947
1618 216
79 641
585 1216
1510 754
1139 1939
821 222
1007 79
121 720
1070 851
368 1907
1379 1787
617 1703
1020 1685
1216 1038
329 1974
22 1876
715 444
1345 1555
1067 852
993 1248
249 706
1906 653
1557 1324
1329 209
811 1132
971 1365
13 1095
281 1739
1847 1995
1571 1175
1332 1261
1123 1588
783 518
418 435
1138 231
778 1828
657 2000
1002 1738
1078 1935
1979 1672
1130 1488
816 794
926 954
1785 664
1329 209
1781 1979
1553 646
541 395
406 1402
1489 1677
1923 840
1488 50
290 624
170 1034
1560 740
73 47
681 1791
557 563
1284 1359
247 1367
169 1882
128 1018
1507 1354
1232 1883
1147 1774
1967 155
120 1110
478 1871
827 346
636 1851
1827 581
1514 1340
426 162
1370 561
1902 608
284 742
430 438
1606 28
1395 1093
1805 1254
415 1253
1833 699
1961 1046
1091 1413
593 626
1350 1201
1420 357
1959 1208
925 115
560 1074
1916 1856
934 1689
1268 1269
1988 424
614 365
1009 902
1270 501
989 796
1766 1674
1749 695
1774 927
416 1089
1068 66
1984 1160
512 1960
1542 329
435 574
1113 1484
358 683
1057 91
447 399
281 1739
717 1384
1393 204
1229 496
1091 1413
1255 1469
1392 1131
760 1471
1706 55
153 151
1245 1932
1881 309
480 711
1806 251
1338 555
501 728
1629 1122
839 336
1952 1716
725 1381
497 1835
760 1471
1803 1326
1528 1834
1870 1655
941 1613
372 1331
1729 191
511 1251
1813 623
1630 1333
380 1078
1305 1341
97 289
812 1220
1797 913
1039 1905
749 640
1427 328
557 563
1711 1906
769 963
1952 1716
273 1273
1638 467
272 491
54 1621
988 154
523 1050
1831 456
1802 390
1668 351
165 148
1617 1763
983 1120
550 1543
773 1240
483 1869
385 1945
878 588
1305 1341
521 1450
1671 455
1002 1738
886 117
1729 191
1430 1142
808 384
524 996
751 1557
473 1084
1356 1278
1127 772
512 1960
419 1427
1314 1335
1089 1320
752 1942
169 1882
800 497
778 1828
557 563
647 371
727 1056
1928 1168
489 523
1981 1530
1556 416
230 1925
369 1718
125 81
1271 1573
218 1713
140 689
1977 877
1374 749
551 1150
671 1667
407 1984
1701 674
1753 1830
662 1698
1934 1441
143 1641
1952 1716
583 1772
884 1632
1653 605
917 386
924 1426
1978 349
1115 1914
1962 1565
1203 1752
662 1698
1186 1009
1437 1454
122 130
1897 1390
1209 288
548 1968
1211 903
1742 1581
871 1338
1761 322
509 819
747 1642
136 568
1645 1784
1483 837
461 381
714 33
943 114
1990 261
881 727
941 1613
1236 647
212 918
460 485
1916 1856
649 1195
477 1708
1260 912
921 1900
734 630
1179 1221
1030 1337
1967 155
526 1998
262 1650
370 774
421 1372
1839 1527
1822 591
402 1029
1986 734
1822 591
392 1228
1867 643
262 1650
438 2
990 586
1070 851
1558 312
1259 1262
1139 1939
96 124
1420 357
1509 344
263 90
1221 139
627 106
874 957
787 850
938 1190
1103 57
1777 264
869 1526
401 1726
589 89
1943 104
375 1826
1965 1055
744 21
39 214
798 158
1064 401
1141 208
773 1240
792 596
537 1586
1588 343
30 1174
1215 353
1762 1219
1680 1780
845 258
528 166
1404 174
1479 203
332 1732
1768 767
1653 605
840 32
1061 426
1753 1830
931 126
1042 1509
650 1076
1988 424
317 1082
1366 1857
542 1854
22 1876
1873 1717
1313 40
1792 97
1134 1298
1183 1121
286 1664
404 1847
1947 950
1524 1308
1606 28
1087 405
111 187
890 480
1261 1514
1844 1378
681 1791
1178 810
635 1652
1061 426
1025 1767
1764 1353
1530 1382
149 280
1140 569
1668 351
212 918
1224 893
773 1240
168 1077
1571 1175
671 1667
151 791
694 1532
1728 1002
1059 761
1914 1057
1338 555
1333 1507
1027 644
116 882
1466 1186
1945 167
1628 70
559 807
18 470
1263 832
1036 1560
786 1319
1854 1344
1107 1793
1398 143
1168 1720
1468 311
1711 1906
1631 1371
1712 875
1120 1653
1685 560
251 326
315 1881
997 627
1092 355
1951 871
751 1557
1762 1219
290 624
1885 1497
210 78
1389 294
1442 1700
345 1227
1340 928
915 193
211 1398
229 958
302 978
406 1402
25 466
1725 865
114 1916
1753 1830
2000 1683
537 1586
866 42
3 604
432 41
1323 1215
854 287
1414 1281
54 1621
1907 1666
1997 211
185 153
1825 1709
1999 549
1053 1663
729 22
531 1192
1619 1572
985 180
1613 194
876 377
1363 554
1369 776
1788 677
909 1449
1643 702
994 76
709 558
684 1941
1493 190
1274 612
1903 649
933 854
387 13
1501 1346
1709 103
10 1024
849 611
293 1688
1048 9
146 1849
1543 1638
608 504
37 72
1871 1870
110 164
1256 383
119 1459
409 406
244 1829
358 683
506 140
884 1632
1361 1630
1681 848
777 784
707 846
1348 1328
1461 413
702 1544
1758 1438
1183 1121
1792 97
1983 565
1672 1792
464 367
1213 1744
1627 1996
1944 1789
1423 134
1408 1108
1210 1217
59 999
977 488
1807 1725
1478 698
1075 12
526 1998
958 585
1054 1537
1994 1627
1936 1280
1519 1922
1947 950
1844 1378
1720 197
179 690
838 321
488 54
364 998
477 1708
266 1442
175 1357
1891 514
803 1443
282 793
581 1149
1675 468
219 1608
1027 644
1519 1922
320 936
699 1198
661 241
790 147
664 1294
1535 1184
1608 1037
882 1597
844 1969
1526 374
378 1567
961 618
1692 1889
228 169
1304 1194
740 1928
1388 163
1678 99
1770 1866
1892 1409
499 1400
1668 351
178 1707
486 1915
389 1203
1918 1958
1703 24
1591 764
1460 651
725 1381
161 1237
385 1945
1925 610
1395 1093
1533 1487
387 13
1291 1781
1710 423
1939 1401
165 148
960 1206
202 1631
1614 868
1302 1880
1556 416
286 1664
282 793
1235 910
1932 65
202 1631
1837 559
1062 415
1938 1950
1758 1438
409 406
796 1407
352 1491
962 589
1788 677
842 412
1921 286
1252 1711
371 712
2000 1683
216 1764
838 321
1134 1298
1952 1716
1352 1756
1780 619
352 1491
931 126
1182 1315
1796 385
937 175
1582 782
1383 1595
130 1083
312 58
371 712
810 245
1986 734
1176 675
1334 1947
584 579
1336 159
1235 910
42 732
1493 190
769 963
1702 92
1523 532
1408 1108
1464 1930
254 1753
1817 636
1597 1999
1713 145
393 223
1428 924
847 1297
1471 1894
1152 1836
1398 143
1640 119
852 1992
791 607
791 607
451 1170
1498 1931
350 942
292 217
1500 1522
615 1139
880 120
1270 501
1659 1104
173 509
451 1170
1750 808
389 1203
1889 380
350 942
986 1965
1477 1651
663 1818
1904 350
836 372
1726 1211
695 414
112 1163
1727 442
552 142
1458 583
507 539
410 1001
439 411
1415 676
630 277
483 1869
1071 337
1491 779
707 846
1198 1033
1432 234
83 6
1514 1340
1489 1677
1509 344
417 445
1730 1437
1246 1861
986 1965
1988 424
333 1678
920 1520
398 73
177 1466
1725 865
1043 917
773 1240
1582 782
1634 688
1107 1793
335 5
763 1059
425 1508
1762 1219
1440 227
483 1869
887 1256
701 1662
371 712
1805 1254
306 1171
628 1279
1296 1692
1604 448
1434 806
1032 507
1197 1069
79 641
1762 1219
1750 808
1316 1988
521 1450
160 970
1179 1221
970 1404
1078 1935
1960 460
1631 1371
93 1126
697 362
481 330
560 1074
25 466
1803 1326
1199 1670
477 1708
277 1742
474 1073
1107 1793
1535 1184
982 1800
1231 431
436 862
858 724
597 833
967 1805
386 1146
1087 405
287 907
275 199
1725 865
895 1087
141 1476
1091 1413
120 1110
1581 1505
1209 288
1660 1483
17 1864
968 1875
1957 987
1700 1702
779 1873
541 395
647 371
808 384
679 1238
1152 1836
1976 165
761 1743
1974 1796
874 957
334 1887
493 599
921 1900
740 1928
1542 329
1049 1647
294 617
1168 1720
1156 1330
1855 527
747 1642
1262 1746
1732 1060
687 1092
1381 867
1859 693
1530 1382
1271 1573
563 736
1125 1137
1591 764
236 378
829 670
234 1307
1027 644
230 1925
464 367
1389 294
1350 1201
635 1652
1083 1704
1840 1479
523 1050
1714 598
203 420
683 1369
859 269
1923 840
286 1664
867 1637
867 1637
1716 685
1908 1271
1735 1714
1358 692
474 1073
1379 1787
438 2
33 1472
991 1990
1146 1397
1457 84
18 470
498 1304
1908 1271
803 1443
1904 350
1999 549
1581 1505
1855 527
520 1810
578 361
548 1968
1132 1571
1023 461
1031 235
510 1305
1322 1218
320 936
1290 975
485 440
363 1148
1161 1673
1502 1023
564 966
1151 595
1933 1097
463 1267
1692 1889
1753 1830
1879 279
942 417
364 998
128 1018
517 1498
1907 1666
238 955
1214 1646
1318 271
649 1195
1698 335
643 298
1775 278
1297 770
919 1786
1015 1602
1630 1333
1378 229
1533 1487
937 175
366 525
42 732
441 1539
799 838
1331 1606
1047 1301
649 1195
809 239
1894 1284
1443 1516
877 531
1047 1301
185 153
1561 1584
3 604
1717 1929
458 340
1102 1841
1497 138
546 51
761 1743
211 1398
1817 636
1982 266
639 1436
1624 1693
364 998
953 123
852 1992
59 999
34 1534
1336 159
795 1480
1332 1261
1261 1514
418 435
93 1126
1373 691
913 843
1663 508
239 786
930 836
761 1743
1348 1328
246 1585
646 521
241 751
1434 806
937 175
34 1534
1965 1055
788 439
758 1415
1027 644
1972 1737
1115 1914
89 1993
1715 1394
678 923
1388 163
796 1407
1165 1127
530 202
92 1510
653 1418
159 947
752 1942
1258 1290
1105 952
462 474
1042 1509
1390 85
1523 532
271 1754
99 550
516 1420
246 1585
522 1225
1965 1055
1159 694
1622 1961
4 1288
662 1698
688 53
1772 1013
1307 1777
88 502
1362 1556
28 765
236 378
227 1207
144 61
1404 174
92 1510
231 1917
1822 591
1710 423
1708 1202
77 170
951 1594
1626 95
1884 1047
402 1029
945 1329
1734 221
1013 880
1591 764
1435 1133
1862 981
148 1247
1133 1351
1960 460
1770 1866
1965 1055
1016 332
79 641
1206 1072
1566 410
757 876
1645 1784
1910 93
421 1372
518 228
596 1734
698 408
1602 967
646 521
961 618
441 1539
900 454
848 1616
256 1952
429 1747
138 988
226 730
975 1049
11 1031
1233 1750
951 1594
458 340
640 817
167 760
1720 197
63 8
285 494
135 342
1648 1386
552 142
487 546
1979 1672
1416 1501
1922 1760
1896 541
1161 1673
421 1372
1122 1090
322 921
167 760
1731 447
886 117
1840 1479
252 1193
1867 643
89 1993
1471 1894
1613 194
1510 754
1865 1899
660 582
665 1591
180 1817
1704 31
914 1283
95 1370
1707 1831
94 500
1872 1058
319 398
954 1600
359 1519
304 1528
696 1812
671 1667
1968 1252
1701 674
1542 329
1175 741
361 96
225 310
944 1144
1771 1888
1382 945
139 1538
1930 1317
544 959
1013 880
583 1772
1730 1437
1801 1243
734 630
305 964
528 166
1885 1497
1321 1477
457 1962
208 1428
69 639
1570 1154
1144 668
1271 1573
968 1875
286 1664
88 502
1522 1660
1387 101
1940 369
622 915
545 192
1858 422
1647 379
881 727
440 1430
639 1436
734 630
938 1190
1077 1654
24 524
1265 805
1416 1501
664 1294
1861 547
1437 1454
1143 1601
85 1245
87 206
304 1528
1513 1552
1533 1487
118 1028
1045 1423
953 123
427 1249
1445 708
1329 209
194 263
830 1610
632 1665
1463 366
571 1954
923 284
636 1851
1424 1712
948 1946
1340 928
1044 684
284 742
1356 1278
1027 644
1146 1397
828 1596
1075 12
747 1642
1022 1270
49 614
621 1559
123 23
654 1885
786 1319
1368 1524
812 1220
1622 1961
1636 1872
238 955
901 1478
1664 7
274 1181
161 1237
268 1118
572 904
1657 60
259 141
388 1512
1843 648
995 1246
1984 1160
549 265
668 1380
790 147
89 1993
1479 203
1463 366
1673 870
1067 852
70 1618
1394 1178
1827 581
483 1869
1761 322
1047 1301
725 1381
1918 1958
527 803
1516 489
1509 344
1294 1292
1712 875
137 792
822 1648
959 1804
1790 462
117 1223
1006 1222
1273 1366
1502 1023
256 1952
1895 393
56 1827
1023 461
1957 987
1725 865
1527 1825
1324 449
444 304
367 75
937 175
775 1396
1263 832
670 495
1726 1211
1866 246
1355 198
160 970
1821 777
783 518
294 617
1314 1335
1500 1522
1284 1359
226 730
1251 1675
960 1206
1940 369
1716 685
324 354
449 293
1528 1834
1765 1863
1213 1744
1191 1325
680 457
1082 731
643 298
1820 1741
1788 677
271 1754
1496 131
1611 766
760 1471
732 540
824 1180
834 570
1406 1345
1967 155
1965 1055
693 1845
822 1648
429 1747
388 1512
306 1171
1358 692
1579 1011
1998 1656
108 1865
1969 1410
286 1664
1923 840
1350 1201
89 1993
302 978
33 1472
340 1521
235 1098
402 1029
197 1723
1470 1840
485 440
204 1966
1024 603
1587 1455
567 132
1448 505
1184 750
156 1102
556 1558
12 244
364 998
784 1936
210 78
1251 1675
827 346
15 787
27 1761
798 158
1672 1792
881 727
1719 526
680 457
1900 755
1801 1243
1064 401
1779 195
1222 1687
684 1941
1287 825
287 907
78 1951
1747 597
1304 1194
414 1669
211 1398
1969 1410
1142 1349
380 1078
420 1334
947 1609
1718 1044
11 1031
772 14
939 625
1253 1389
1864 896
841 1886
315 1881
864 161
680 457
689 341
702 1544
1481 584
522 1225
52 705
1848 168
1269 1183
1501 1346
503 296
671 1667
513 697
1665 520
283 1912
287 907
120 1110
1883 498
1273 1366
1631 1371
1766 1674
1653 605
218 1713
1309 1151
1714 598
1581 1505
1973 657
1776 64
1872 1058
1592 899
228 169
1214 1646
1975 135
160 970
82 1496
1058 305
202 1631
572 904
1199 1670
889 696
861 1823
730 1379
620 1799
1332 1261
904 661
1644 1025
1431 472
341 827
1544 348
224 213
1410 1027
266 1442
1345 1555
1071 337
1284 1359
277 1742
1592 899
709 558
1947 950
1887 956
1603 3
1332 1261
10 1024
1814 63
646 521
1393 204
194 263
1857 573
999 1645
1647 379
10 1024
272 491
1805 1254
1405 1159
126 1758
606 857
1187 771
860 814
1378 229
297 544
1197 1069
1448 505
791 607
71 873
1104 186
916 941
1807 1725
1389 294
1451 631
1188 196
1106 709
422 716
1720 197
861 1823
630 277
587 331
275 199
486 1915
1152 1836
204 1966
1132 1571
71 873
59 999
932 830
1263 832
871 1338
811 1132
911 205
1587 1455
1624 1693
317 1082
98 864
1801 1243
83 6
413 1493
517 1498
1779 195
723 1134
254 1753
507 539
195 339
850 1587
1565 52
1360 1745
918 886
1239 400
1243 105
231 1917
3 604
34 1534
1908 1271
465 1611
1247 26
199 1731
508 1260
749 640
1725 865
547 593
452 1070
1586 1100
774 713
1110 1015
1672 1792
233 1157
643 298
1970 1414
1824 1659
1175 741
1845 1862
867 1637
1262 1746
633 726
1308 1094
1152 1836
981 992
533 1919
1110 1015
1936 1280
1760 1541
800 497
31 1277
197 1723
1980 1224
1743 15
1758 1438
1224 893
235 1098
86 1300
805 376
140 689
1741 1593
292 217
437 300
132 1457
711 492
1552 1468
1097 1291
1717 1929
1631 1371
35 137
1142 1349
1797 913
1798 394
1254 1910
1985 1143
469 1684
361 96
1484 891
1586 1100
1706 55
1073 1327
1684 1921
381 1075
774 713
253 1470
1102 1841
824 1180
1895 393
1309 1151
806 327
1220 86
609 1978
1997 211
1783 908
1812 1010
1048 9
216 1764
667 315
420 1334
704 1971
1352 1756
55 548
1946 938
1836 542
1916 1856
773 1240
1407 403
1971 1036
570 1342
1937 397
1840 1479
1642 1296
1317 826
1676 1901
341 827
1619 1572
843 552
1269 1183
1040 1575
1383 1595
1986 734
11 1031
1916 1856
1245 1932
1915 1715
154 1303
1247 26
1298 1016
957 801
322 921
419 1427
1788 677
125 81
1429 1106
971 1365
1263 832
227 1207
1982 266
260 997
1230 1563
1702 92
520 1810
387 13
1610 1313
825 1617
460 485
738 295
1051 471
414 1669
1036 1560
1339 1868
1581 1505
1974 1796
868 1649
256 1952
977 488
525 974
1801 1243
1511 1200
1 436
1160 150
1381 867
391 1043
1878 1748
1629 1122
1679 1770
575 1959
1288 358
193 382
727 1056
1135 1289
240 858
891 1343
1559 1136
240 858
318 338
372 1331
966 1733
1633 953
148 1247
358 683
1362 1556
1212 36
536 254
1033 392
178 1707
994 76
730 1379
1372 1934
1142 1349
740 1928
436 862
1601 1778
914 1283
762 756
1666 112
376 839
1607 1360
1794 1963
1971 1036
368 1907
1387 101
1589 656
621 1559
1089 1320
564 966
727 1056
1905 183
1537 1063
938 1190
1691 1878
1745 1794
357 1628
1296 1692
1902 608
231 1917
1299 1891
1211 903
130 1083
1551 27
1024 603
665 1591
664 1294
900 454
249 706
1054 1537
181 272
1953 483
1565 52
259 141
1034 714
864 161
458 340
305 964
1753 1830
228 169
1846 1782
601 1006
1463 366
307 680
1692 1889
1012 1065
629 681
1535 1184
1923 840
1008 307
1709 103
531 1192
1365 473
300 87
426 162
137 792
478 1871
1484 891
718 1125
1815 1956
874 957
274 1181
1062 415
810 245
343 1837
73 47
185 153
1341 571
1175 741
689 341
283 1912
1472 537
1465 1035
330 178
1517 1166
515 249
1127 772
746 1399
932 830
1359 113
968 1875
1430 1142
1991 236
1501 1346
1270 501
132 1457
1579 1011
614 365
248 620
755 1123
41 1813
1059 761
1474 738
752 1942
564 966
292 217
296 960
1582 782
209 946
1496 131
1778 1453
1757 1085
156 1102
478 1871
1597 1999
1760 1541
468 637
987 1920
1848 168
900 454
1788 677
1411 260
149 280
1962 1565
989 796
1170 1355
820 493
256 1952
791 607
476 102
1020 1685
1375 1719
1966 1138
301 986
263 90
907 745
1327 1948
190 453
1013 880
1178 810
1715 1394
55 548
1276 1890
72 1209
132 1457
1412 1636
744 21
1869 1152
742 189
209 946
1830 1117
1768 767
1585 274
713 1417
1509 344
53 1874
1330 633
1125 1137
840 32
839 336
169 1882
1558 312
508 1260
659 768
997 627
93 1126
741 173
773 1240
819 1460
452 1070
1691 1878
1519 1922
1914 1057
1818 1779
272 491
97 289
1622 1961
729 22
1854 1344
969 1986
1565 52
1226 44
619 652
416 1089
317 1082
1793 1983
1524 1308
1794 1963
1473 1433
489 523
789 1173
916 941
436 862
631 212
1952 1716
971 1365
277 1742
355 1724
1981 1530
1093 1091
98 864
1568 283
57 773
1099 110
1505 1080
1061 426
291 622
202 1631
195 339
322 921
1045 1423
494 1790
52 705
944 1144
1733 1987
348 1062
1738 303
806 327
1982 266
1045 1423
941 1613
288 1197
1664 7
1069 1416
1615 1124
224 213
414 1669
1692 1889
833 1462
1617 1763
150 860
949 1525
1075 12
435 574
786 1319
1083 1704
30 1174
274 1181
618 1695
911 205
987 1920
393 223
1828 1759
679 1238
966 1733
1803 1326
405 1622
347 567
968 1875
1605 931
1030 1337
1028 1953
1961 1046
905 437
1678 99
1858 422
895 1087
940 1975
9 1579
1723 1287
816 794
558 464
660 582
1770 1866
1566 410
224 213
98 864
1560 740
828 1596
1813 623
1419 1489
591 490
295 1295
343 1837
343 1837
1129 834
704 1971
502 29
330 178
888 67
769 963
392 1228
1125 1137
957 801
173 509
27 1761
880 120
1981 1530
1318 271
1829 1482
1736 35
257 446
1761 322
452 1070
1127 772
616 1819
245 1730
1247 26
1197 1069
2 1403
1525 478
1334 1947
318 338
1972 1737
764 100
1361 1630
654 1885
1310 1976
894 121
1145 1079
1328 43
1477 1651
1835 253
991 1990
1095 971
10 1024
1975 135
873 1550
135 342
1864 896
492 969
1637 1722
839 336
1889 380
751 1557
581 1149
1106 709
1686 215
662 1698
686 1858
1002 1738
1045 1423
272 491
22 1876
525 974
450 788
1745 1794
1266 1895
503 296
8 429
1653 605
1906 653
1145 1079
1511 1200
1768 767
961 618
989 796
1583 20
425 1508
1101 1235
792 596
159 947
1368 1524
1127 772
657 2000
974 409
1086 1540
645 17
1928 1168
1482 984
1766 1674
1801 1243
1141 208
626 1447
1403 1736
1669 1007
1780 619
604 1081
985 180
215 1022
791 607
161 1237
1414 1281
919 1786
1462 1099
550 1543
1509 344
1972 1737
1126 157
1432 234
1484 891
1208 1179
373 1263
522 1225
702 1544
1874 1205
884 1632
370 774
108 1865
424 1356
1897 1390
1055 1257
1694 845
1352 1756
1088 1816
47 1697
1158 715
1417 1822
52 705
1273 1366
1709 103
1087 405
429 1747
59 999
855 160
1861 547
774 713
277 1742
507 539
370 774
1558 312
928 812
1613 194
1053 1663
1824 1659
1291 1781
1155 780
1238 1314
575 1959
65 1973
1745 1794
891 1343
1435 1133
1453 662
207 1448
1805 1254
281 1739
1008 307
283 1912
1160 150
188 1361
1047 1301
359 1519
331 285
75 1545
1207 1230
1948 1162
326 628
1573 1762
975 1049
1102 1841
599 18
884 1632
852 1992
1190 1422
1293 419
1726 1211
1451 631
91 1103
369 1718
1210 1217
1477 1651
573 1833
608 504
697 362
1708 1202
748 1908
1411 260
1802 390
1756 1598
1127 772
243 1680
313 1234
695 414
1998 1656
1678 99
525 974
1168 1720
1368 1524
941 1613
996 1352
197 1723
1562 1801
55 548
1417 1822
1847 1995
554 1272
215 1022
1842 233
1570 1154
417 445
1433 1406
633 726
378 1567
1175 741
1016 332
665 1591
1631 1371
245 1730
432 41
1488 50
1302 1880
1911 667
1459 1765
394 299
170 1034
547 593
324 354
1017 1879
158 1475
339 1239
584 579
193 382
207 1448
1682 1768
1272 1808
572 904
1760 1541
131 658
135 342
1099 110
1168 1720
1218 722
1208 1179
1973 657
1085 847
1746 1339
1871 1870
1558 312
1542 329
779 1873
1212 36
3 604
1582 782
1964 458
24 524
574 152
787 850
881 727
1715 1394
754 1119
281 1739
1288 358
1753 1830
73 47
841 1886
1110 1015
636 1851
1314 1335
606 857
1032 507
423 707
1891 514
1815 1956
1253 1389
18 470
664 1294
732 540
934 1689
758 1415
368 1907
1368 1524
1900 755
138 988
553 1383
1195 450
1095 971
726 1169
372 1331
413 1493
200 816
683 1369
692 613
550 1543
1447 590
303 1388
550 1543
1257 1130
335 5
618 1695
1150 506
1317 826
332 1732
333 1678
1857 573
1728 1002
358 683
308 600
1961 1046
1842 233
1588 343
118 1028
1122 1090
1819 1004
872 1321
1784 1128
920 1520
1322 1218
65 1973
1412 1636
1311 1933
1373 691
785 45
712 1286
351 863
1462 1099
1415 676
1530 1382
1610 1313
1193 1686
1055 1257
1815 1956
1953 483
612 977
878 588
1319 859
613 1439
1833 699
1920 1798
982 1800
1423 134
1664 7
1029 510
1886 459
1977 877
1972 1737
2 1403
1814 63
1887 956
692 613
1129 834
1329 209
590 566
845 258
1367 1605
1418 835
1533 1487
1386 1350
1690 1740
119 1459
1113 1484
76 434
118 1028
992 1518
1117 748
302 978
301 986
1719 526
1543 1638
532 181
130 1083
1136 1502
1259 1262
1284 1359
689 341
280 654
104 1490
164 225
200 816
974 409
154 1303
1801 1243
790 147
588 146
343 1837
1893 1755
1974 1796
1883 498
1322 1218
1991 236
22 1876
1140 569
776 421
1861 547
961 618
468 637
822 1648
1904 350
357 1628
705 528
1975 135
1427 328
1775 278
1188 196
1780 619
50 218
274 1181
1937 397
1815 1956
1090 1811
1427 328
1115 1914
619 652
1596 940
1586 1100
1251 1675
1623 616
1550 1274
1721 1909
1713 145
1646 1771
80 224
1094 1293
1319 859
660 582
1368 1524
687 1092
663 1818
67 972
1132 1571
624 427
813 1265
1958 1940
1485 1751
867 1637
871 1338
1890 1385
735 615
651 939
1207 1230
1894 1284
693 1845
1616 564
1949 404
1652 800
1969 1410
1127 772
303 1388
1476 360
616 1819
541 395
1776 64
1409 723
680 457
564 966
1184 750
638 179
1837 559
258 1435
773 1240
1960 460
206 1182
443 1368
185 153
184 1513
280 654
781 1375
415 1253
60 1440
1917 962
1395 1093
1612 1972
532 181
1756 1598
110 164
716 645
638 179
1934 1441
457 1962
844 1969
663 1818
857 1363
1949 404
828 1596
1332 1261
1547 1898
354 1991
1910 93
323 1332
1727 442
1701 674
1903 649
693 1845
1740 1311
960 1206
1513 1552
694 1532
1923 840
434 1568
143 1641
1790 462
1500 1522
648 308
889 696
140 689
1110 1015
1062 415
597 833
1862 981
1380 1640
836 372
6 1877
1887 956
887 1256
258 1435
1567 301
946 813
661 241
1088 1816
738 295
77 170
1993 1735
1184 750
65 1973
108 1865
969 1986
316 1285
1013 880
1913 1844
1921 286
547 593
1643 702
1412 1636
1290 975
310 1615
1860 1045
1914 1057
526 1998
482 1592
299 743
858 724
1087 405
455 1766
1678 99
763 1059
1384 1809
332 1732
1400 556
1361 1630
1529 878
1148 943
372 1331
646 521
1285 375
1212 36
1474 738
486 1915
766 512
1721 1909
1079 900
1016 332
31 1277
1155 780
555 1832
1540 739
1102 1841
871 1338
702 1544
339 1239
887 1256
928 812
668 1380
1168 1720
1195 450
793 1000
1002 1738
977 488
865 83
364 998
1250 1583
1315 1233
1046 252
964 1944
1527 1825
1720 197
1985 1143
1957 987
997 627
1867 643
745 255
566 257
597 833
236 378
1119 1967
587 331
1258 1290
367 75
1387 101
1915 1715
1180 1728
1235 910
1594 62
50 218
1096 968
228 169
1114 1425
50 218
1339 1868
1480 841
1572 1322
1311 1933
623 1214
1497 138
143 1641
65 1973
709 558
668 1380
896 1749
44 69
752 1942
1731 447
1423 134
670 495
1197 1069
1237 989
1982 266
1396 345
125 81
118 1028
613 1439
912 1199
54 1621
1734 221
501 728
1088 1816
1998 1656
171 1721
1102 1841
1471 1894
1528 1834
1895 393
307 680
1270 501
71 873
1723 1287
584 579
1717 1929
1463 366
1133 1351
1841 1699
579 1694
165 148
271 1754
1913 1844
1788 677
1411 260
894 121
985 180
1361 1630
366 525
1559 1136
1788 677
1326 861
1362 1556
1680 1780
1314 1335
667 315
80 224
179 690
142 34
67 972
1914 1057
1800 259
1500 1522
1498 1931
996 1352
1520 747
1996 1918
1872 1058
1499 391
1595 407
942 417
1253 1389
912 1199
1893 1755
1098 842
272 491
1023 461
140 689
1587 1455
1556 416
219 1608
113 822
1044 684
615 1139
75 1545
899 318
1572 1322
1413 1061
418 435
990 586
1172 1088
447 399
1796 385
346 359
139 1538
665 1591
759 737
908 785
1986 734
1799 587
104 1490
1507 1354
916 941
89 1993
300 87
107 1302
1853 1474
50 218
525 974
964 1944
209 946
1149 1852
898 572
1583 20
1433 1406
1373 691
739 1574
70 1618
940 1975
781 1375
1586 1100
186 291
1425 522
164 225
268 1118
1283 534
678 923
817 1458
797 1902
1079 900
1281 1577
723 1134
1655 925
129 1658
246 1585
351 863
1031 235
834 570
1459 1765
1082 731
1089 1320
121 720
1763 1113
1312 479
1106 709
640 817
1779 195
1574 551
1134 1298
1129 834
1053 1663
177 1466
690 553
658 1196
1305 1341
1745 1794
555 1832
570 1342
314 1362
1917 962
961 618
1983 565
359 1519
1048 9
1311 1933
146 1849
115 1548
1364 829
1147 1774
1260 912
1684 1921
45 292
627 106
1727 442
65 1973
709 558
83 6
385 1945
1944 1789
98 864
1890 1385
494 1790
541 395
1563 1533
299 743
1623 616
1783 908
1987 347
309 1161
1770 1866
1872 1058
1135 1289
1793 1983
200 816
1063 172
1408 1108
1613 194
734 630
596 1734
1334 1947
1752 1041
1185 632
1623 616
1716 685
176 1005
249 706
1000 1896
1433 1406
773 1240
882 1597
1694 845
1711 1906
729 22
219 1608
559 807
1918 1958
1872 1058
879 1604
1768 767
1865 1899
1473 1433
584 579
396 1997
425 1508
1064 401
496 1802
1780 619
422 716
729 22
1775 278
1341 571
1731 447
113 822
24 524
1132 1571
772 14
1740 1311
1473 1433
1811 333
960 1206
58 1244
612 977
1810 1981
703 1030
732 540
648 308
1675 468
442 1465
894 121
1374 749
108 1865
52 705
72 1209
1225 1535
659 768
111 187
186 291
738 295
1006 1222
676 273
982 1800
168 1077
877 531
169 1882
933 854
700 1982
151 791
512 1960
1165 1127
1109 948
187 1176
1448 505
1856 133
1861 547
731 107
1792 97
1611 766
1259 1262
809 239
865 83
1835 253
691 1003
1493 190
1672 1792
16 1710
779 1873
808 384
1028 1953
29 56
187 1176
1669 1007
135 342
1529 878
1438 1318
519 1682
452 1070
21 268
1168 1720
504 1213
647 371
109 799
844 1969
847 1297
845 258
1688 672
1761 322
1612 1972
1013 880
1091 1413
94 500
42 732
1815 1956
1242 1727
420 1334
131 658
633 726
1887 956
970 1404
170 1034
1399 1494
298 1451
1531 1187
1518 481
675 463
1556 416
1328 43
160 970
1558 312
157 911
1601 1778
1563 1533
1056 874
852 1992
1380 1640
512 1960
1664 7
1168 1720
1286 477
28 765
157 911
542 1854
165 148
1715 1394
1713 145
804 1612
1345 1555
432 41
605 1619
444 304
1781 1979
1051 471
1195 450
1645 1784
201 1242
1026 1569
825 1617
1206 1072
906 1643
253 1470
1486 511
1202 1635
492 969
980 220
179 690
1195 450
1958 1940
1469 897
855 160
1406 1345
287 907
808 384
958 585
1290 975
14 1949
70 1618
1513 1552
470 1776
1705 991
1604 448
50 218
1559 1136
490 892
328 1757
980 220
1329 209
32 682
1454 798
1926 1529
1976 165
1900 755
1533 1487
1945 167
97 289
14 1949
1566 410
1088 1816
1361 1630
1845 1862
1155 780
396 1997
1898 219
1711 1906
416 1089
1631 1371
1430 1142
973 37
420 1334
1882 1850
1991 236
1449 486
1588 343
512 1960
1737 775
1877 1212
1708 1202
1775 278
1553 646
711 492
1043 917
460 485
263 90
1992 1107
1933 1097
564 966
846 396
1343 1523
252 1193
624 427
971 1365
143 1641
1858 422
1181 1859
41 1813
27 1761
1300 1421
525 974
777 784
1603 3
1850 71
821 222
1551 27
1204 979
1182 1315
1113 1484
1934 1441
362 240
1901 1551
384 432
1934 1441
1690 1740
444 304
1838 1052
1983 565
806 327
468 637
1009 902
250 1153
83 6
373 1263
1342 937
1214 1646
1256 383
1543 1638
74 122
919 1786
1805 1254
648 308
600 983
1642 1296
1702 92
954 1600
1246 1861
142 34
144 61
556 1558
1823 1405
647 371
790 147
138 988
517 1498
427 1249
1955 783
726 1169
447 399
131 658
199 1731
615 1139
1229 496
1474 738
248 620
1110 1015
1675 468
915 193
1149 1852
233 1157
1187 771
1621 515
240 858
1476 360
1724 879
1884 1047
730 1379
1668 351
757 876
1936 1280
739 1574
1418 835
427 1249
273 1273
1616 564
886 117
1478 698
1181 1859
633 726
1380 1640
574 152
1113 1484
1591 764
1634 688
962 589
217 129
34 1534
1524 1308
603 1312
348 1062
1502 1023
570 1342
1806 251
1986 734
279 1903
653 1418
865 83
708 82
1251 1675
1377 1012
1317 826
1630 1333
241 751
1882 1850
1710 423
390 74
1984 1160
1583 20
878 588
591 490
1802 390
153 151
442 1465
1166 844
1452 769
13 1095
1477 1651
1217 503
394 299
1889 380
1030 1337
1157 1191
783 518
502 29
974 409
1150 506
1154 144
1126 157
709 558
958 585
1364 829
1348 1328
77 170
475 1803
1881 309
589 89
42 732
1123 1588
591 490
363 1148
659 768
1638 467
1778 1453
409 406
881 727
125 81
1840 1479
942 417
344 710
1348 1328
1484 891
640 817
1505 1080
1858 422
636 1851
1459 1765
941 1613
1828 1759
939 625
143 1641
300 87
758 1415
178 1707
1022 1270
853 1773
1463 366
22 1876
1855 527
1871 1870
1328 43
492 969
1860 1045
1616 564
991 1990
980 220
1215 353
744 21
195 339
378 1567
44 69
1776 64
322 921
510 1305
998 1633
1573 1762
1359 113
423 707
437 300
1550 1274
799 838
739 1574
171 1721
1440 227
933 854
1484 891
335 5
1561 1584
1948 1162
773 1240
689 341
1745 1794
369 1718
282 793
1585 274
1629 1122
323 1332
467 1554
1901 1551
1136 1502
1039 1905
402 1029
17 1864
738 295
1896 541
1368 1524
1124 887
1864 896
1319 859
1413 1061
234 1307
1526 374
1582 782
224 213
165 148
1899 430
865 83
1382 945
1196 262
1278 885
172 1109
872 1321
1012 1065
891 1343
849 611
1174 1938
53 1874
349 752
1136 1502
1995 267
1879 279
1149 1852
656 1101
351 863
842 412
1987 347
1413 1061
1535 1184
1863 1393
1409 723
1569 1853
689 341
1441 1086
450 788
409 406
1637 1722
695 414
1315 1233
1162 763
110 164
1983 565
1446 1977
1659 1104
568 679
424 1356
252 1193
582 25
1030 1337
520 1810
1798 394
551 1150
1801 1243
1435 1133
1535 1184
1881 309
1763 1113
476 102
1006 1222
781 1375
328 1757
403 1135
1722 1860
939 625
1330 633
494 1790
208 1428
1715 1394
1699 993
551 1150
143 1641
1506 1788
1411 260
160 970
669 951
1532 1562
1871 1870
233 1157
258 1435
590 566
1276 1890
1541 535
1214 1646
650 1076
724 1411
1803 1326
668 1380
1360 1745
1457 84
1803 1326
203 420
785 45
1636 1872
1991 236
1223 1306
1737 775
749 640
544 959
1386 1350
1777 264
1357 10
1195 450
260 997
107 1302
368 1907
351 863
1402 1690
948 1946
1803 1326
1958 1940
731 107
980 220
954 1600
1203 1752
440 1430
1680 1780
762 756
974 409
547 593
1565 52
610 484
487 546
1359 113
1179 1221
31 1277
1451 631
717 1384
1645 1784
234 1307
699 1198
552 142
1937 397
1972 1737
1398 143
1181 1859
1668 351
179 690
1344 1542
1599 1048
1285 375
204 1966
76 434
808 384
58 1244
213 98
604 1081
354 1991
1427 328
177 1466
770 48
182 577
1281 1577
481 330
1944 1789
739 1574
1754 1504
782 39
911 205
1785 664
512 1960
585 1216
238 955
1930 1317
81 402
92 1510
175 1357
1827 581
1842 233
854 287
1484 891
1884 1047
1816 578
805 376
185 153
544 959
660 582
1742 1581
1113 1484
1081 994
1632 1155
1277 323
296 960
989 796
420 1334
1278 885
1658 1843
611 248
473 1084
910 1464
398 73
1915 1715
389 1203
878 588
1121 1634
965 1141
1278 885
924 1426
1303 1226
742 189
414 1669
1239 400
852 1992
296 960
189 270
554 1272
1173 1706
1115 1914
385 1945
1889 380
382 1625
761 1743
313 1234
1963 602
1950 1620
1645 1784
1382 945
1075 12
1497 138
1862 981
1197 1069
252 1193
1562 1801
1163 38
421 1372
707 846
314 1362
1823 1405
229 958
425 1508
1164 1067
716 645
317 1082
1296 1692
346 359
456 210
397 1241
1278 885
1450 171
488 54
768 894
1597 1999
1401 368
1851 1054
818 1424
773 1240
697 362
1479 203
478 1871
327 1644
163 1657
946 813
1418 835
1658 1843
1396 345
325 1989
260 997
203 420
1218 722
1038 1446
1499 391
1280 30
1552 1468
1236 647
534 538
1328 43
681 1791
471 1553
1126 157
947 1609
1532 1562
631 212
301 986
1685 560
1354 965
1524 1308
1181 1859
1300 1421
1555 1985
1497 138
172 1109
285 494
270 1172
1294 1292
554 1272
1360 1745
1648 1386
753 869
1250 1583
1735 1714
1419 1489
367 75
1113 1484
828 1596
1925 610
137 792
408 1408
1888 1
1790 462
42 732
1971 1036
1471 1894
1186 1009
799 838
1378 229
1992 1107
124 1797
524 996
1703 24
1967 155
1666 112
797 1902
1005 517
6 1877
1807 1725
1204 979
1078 1935
1361 1630
310 1615
1450 171
1846 1782
949 1525
1576 1499
1653 605
1479 203
1230 1563
817 1458
1375 1719
703 1030
938 1190
1752 1041
844 1969
834 570
1478 698
1209 288
1920 1798
887 1256
1702 92
1963 602
1202 1635
737 930
976 889
1278 885
1126 157
902 1412
1983 565
1050 80
1961 1046
160 970
1873 1717
1310 1976
447 399
771 804
1046 252
418 435
1398 143
1319 859
1300 1421
53 1874
1874 1205
1252 1711
1183 1121
1814 63
1206 1072
1791 297
798 158
1278 885
1642 1296
1391 1032
1748 828
436 862
1357 10
1978 349
143 1641
1642 1296
754 1119
246 1585
788 439
771 804
1132 1571
1737 775
964 1944
596 1734
820 493
313 1234
295 1295
459 1434
1492 853
732 540
285 494
1620 855
1134 1298
622 915
474 1073
341 827
1852 990
1696 1336
1349 1614
1049 1647
1946 938
1668 351
1295 655
1514 1340
186 291
1463 366
1716 685
120 1110
110 164
1874 1205
394 299
1039 1905
14 1949
8 429
1535 1184
656 1101
814 1452
626 1447
198 1444
1156 1330
1022 1270
1022 1270
1710 423
1990 261
532 181
1724 879
684 1941
11 1031
1403 1736
1214 1646
1355 198
846 396
732 540
462 474
1110 1015
1162 763
1608 1037
812 1220
649 1195
1751 1599
601 1006
869 1526
1740 1311
1048 9
1270 501
1522 1660
1086 1540
579 1694
1908 1271
865 83
1972 1737
1874 1205
1673 870
840 32
901 1478
1542 329
1766 1674
47 1697
461 381
761 1743
1530 1382
1466 1186
540 441
1667 499
1740 1311
932 830
514 1364
1468 311
1786 387
332 1732
684 1941
998 1633
1838 1052
1470 1840
1653 605
1092 355
411 1546
1984 1160
1238 1314
1833 699
374 609
1923 840
1635 1112
1170 1355
673 790
846 396
674 1250
1847 1995
57 773
1690 1740
332 1732
1208 1179
1602 967
444 304
919 1786
542 1854
666 1323
183 789
68 802
701 1662
698 408
1861 547
966 1733
355 1724
1535 1184
399 1590
334 1887
1002 1738
1364 829
1692 1889
577 606
884 1632
1560 740
1430 1142
1135 1289
211 1398
1155 780
1711 1906
1195 450
646 521
364 998
940 1975
1916 1856
1641 1904
868 1649
1195 450
74 122
1843 648
1462 1099
1288 358
459 1434
1172 1088
724 1411
1042 1509
666 1323
1567 301
719 1017
1600 1893
587 331
1768 767
1448 505
1498 1931
1422 1506
1672 1792
1803 1326
1451 631
457 1962
840 32
1725 865
351 863
1474 738
1632 1155
1185 632
1567 301
694 1532
1219 1671
677 1492
1609 127
1117 748
393 223
1654 156
624 427
394 299
944 1144
546 51
95 1370
1253 1389
825 1617
1946 938
361 96
1477 1651
1199 1670
2000 1683
1764 1353
392 1228
87 206
1548 1846
1600 1893
1172 1088
646 521
1590 1236
1970 1414
747 1642
1412 1636
1610 1313
1259 1262
87 206
1815 1956
86 1300
739 1574
1923 840
1803 1326
254 1753
44 69
1337 1165
535 1276
770 48
938 1190
623 1214
1435 1133
701 1662
768 894
152 1259
13 1095
1346 678
123 23
1299 1891
1157 1191
1579 1011
851 717
1007 79
1367 1605
566 257
337 1309
1730 1437
1156 1330
614 365
358 683
1434 806
736 1040
19 543
836 372
588 146
402 1029
483 1869
274 1181
1873 1717
748 1908
1879 279
971 1365
236 378
460 485
1117 748
132 1457
873 1550
535 1276
494 1790
491 275
1477 1651
112 1163
1950 1620
23 207
366 525
1798 394
226 730
627 106
990 586
1998 1656
416 1089
37 72
783 518
328 1757
1311 1933
304 1528
1055 1257
1082 731
280 654
1641 1904
130 1083
393 223
797 1902
1314 1335
1611 766
795 1480
166 1348
270 1172
1358 692
1346 678
332 1732
1241 725
1392 1131
778 1828
943 114
1727 442
612 977
1163 38
799 838
731 107
1909 1129
1697 533
642 320
1787 665
725 1381
1435 1133
1447 590
1547 1898
1206 1072
344 710
534 538
1154 144
1306 1264
876 377
1475 373
147 686
1708 1202
1428 924
342 1729
1578 136
1635 1112
277 1742
900 454
936 1461
619 652
1724 879
1339 1868
1570 1154
1112 443
136 568
1884 1047
332 1732
1393 204
1159 694
270 1172
1523 532
1922 1760
334 1887
1251 1675
1154 144
1377 1012
1906 653
754 1119
1646 1771
1904 350
47 1697
1581 1505
806 327
832 1358
1289 1515
1923 840
1311 1933
736 1040
1418 835
1715 1394
204 1966
509 819
1637 1722
602 849
682 638
669 951
1441 1086
820 493
5 1185
1435 1133
48 895
577 606
554 1272
162 621
358 683
642 320
1974 1796
85 1245
474 1073
454 177
1129 834
1674 856
120 1110
241 751
921 1900
861 1823
1168 1720
1848 168
782 39
549 265
698 408
103 815
1452 769
959 1804
1283 534
1264 1564
67 972
307 680
1382 945
1064 401
266 1442
378 1567
1927 1785
241 751
1963 602
296 960
1823 1405
1366 1857
1660 1483
1586 1100
941 1613
1352 1756
1714 598
328 1757
1258 1290
534 538
710 1549
1311 1933
1133 1351
1170 1355
1220 86
1627 1996
1081 994
1294 1292
259 141
723 1134
836 372
1561 1584
1102 1841
500 1204
181 272
265 995
431 881
893 519
333 1678
281 1739
1828 1759
1765 1863
1040 1575
1975 135
200 816
1929 1008
1250 1583
85 1245
1459 1765
1671 455
580 324
272 491
889 696
1783 908
933 854
1563 1533
1266 1895
716 645
837 562
258 1435
1646 1771
1540 739
1974 1796
1991 236
922 914
471 1553
1080 1039
207 1448
1942 469
1419 1489
435 574
1641 1904
1984 1160
1185 632
1096 968
273 1273
48 895
1372 1934
1204 979
1422 1506
528 166
146 1849
928 812
1576 1499
136 568
1436 733
905 437
104 1490
1688 672
99 550
1341 571
1631 1371
296 960
1598 1019
405 1622
165 148
237 1310
552 142
1562 1801
598 1026
1533 1487
586 1374
1100 635
828 1596
1074 1116
403 1135
1721 1909
1595 407
511 1251
1361 1630
578 361
1034 714
1826 1775
198 1444
986 1965
1798 394
1030 1337
633 726
527 803
1835 253
623 1214
608 504
1606 28
1127 772
1805 1254
652 1255
1741 1593
605 1619
1518 481
1028 1953
959 1804
1442 1700
381 1075
576 1897
1106 709
30 1174
1114 1425
1783 908
290 624
207 1448
907 745
1526 374
647 371
355 1724
1119 1967
89 1993
688 53
1515 325
168 1077
608 504
244 1829
1147 1774
747 1642
1322 1218
1710 423
932 830
347 567
1476 360
716 645
29 56
1678 99
1541 535
1129 834
699 1198
1634 688
1651 1158
887 1256
378 1567
400 831
1038 1446
141 1476
387 13
1602 967
1829 1482
1100 635
1068 66
1045 1423
1743 15
1651 1158
524 996
228 169
1576 1499
1842 233
64 184
892 1661
1890 1385
1451 631
1619 1572
812 1220
1800 259
1129 834
888 67
1911 667
1820 1741
956 111
427 1249
860 814
608 504
941 1613
666 1323
1235 910
1033 392
686 1858
888 67
815 1347
1210 1217
1838 1052
943 114
1211 903
690 553
528 166
85 1245
1420 357
1621 515
1838 1052
263 90
1557 1324
544 959
715 444
1296 1692
508 1260
400 831
1 436
94 500
1796 385
1135 1289
741 173
827 346
713 1417
311 118
1689 1210
1785 664
1694 845
1751 1599
473 1084
1283 534
145 388
1226 44
1470 1840
1497 138
1836 542
1283 534
1778 1453
1930 1317
51 1795
1155 780
1986 734
1047 1301
872 1321
181 272
877 531
1003 370
190 453
1836 542
1014 1848
1105 952
1933 1097
1867 643
828 1596
1912 901
1069 1416
71 873
968 1875
1178 810
1119 1967
1290 975
518 228
1019 232
1069 1416
820 493
1057 91
976 889
1275 762
1793 1983
442 1465
647 371
1558 312
1732 1060
915 193
1795 932
50 218
237 1310
168 1077
1913 1844
1716 685
811 1132
551 1150
1812 1010
1393 204
1346 678
959 1804
1667 499
1814 63
16 1710
1333 1507
1856 133
1729 191
721 700
1264 1564
1590 1236
1539 243
958 585
1452 769
438 2
142 34
501 728
727 1056
579 1694
1097 1291
1405 1159
1454 798
802 116
1150 506
1020 1685
1977 877
112 1163
1214 1646
164 225
1669 1007
1269 1183
957 801
889 696
1767 1429
256 1952
1200 1531
608 504
290 624
935 1964
568 679
1970 1414
1245 1932
1365 473
701 1662
332 1732
679 1238
928 812
1161 1673
939 625
2 1403
25 466
548 1968
1523 532
1844 1378
786 1319
10 1024
1545 1096
710 1549
1170 1355
1486 511
1061 426
1683 1467
1313 40
1240 11
1138 231
1852 990
892 1661
763 1059
132 1457
664 1294
504 1213
486 1915
1663 508
437 300
1867 643
1739 746
387 13
1691 1878
1683 1467
1131 256
1763 1113
775 1396
1794 1963
465 1611
223 650
91 1103
477 1708
390 74
473 1084
1435 1133
1455 1783
817 1458
833 1462
1553 646
159 947
1890 1385
861 1823
729 22
933 854
153 151
1522 1660
122 130
234 1307
1744 744
1192 1495
481 330
696 1812
178 1707
676 273
1535 1184
1503 1607
839 336
1063 172
347 567
889 696
1251 1675
366 525
374 609
1462 1099
1985 1143
578 361
1018 1842
1863 1393
1556 416
627 106
1895 393
741 173
520 1810
1582 782
1879 279
1990 261
1181 1859
160 970
1061 426
275 199
454 177
597 833
187 1176
1455 1783
1471 1894
871 1338
11 1031
1117 748
1767 1429
183 789
1901 1551
94 500
980 220
669 951
835 1395
635 1652
926 954
1880 934
1121 1634
1539 243
184 1513
1982 266
982 1800
1735 1714
1 436
1278 885
1356 1278
1854 1344
363 1148
78 1951
17 1864
802 116
1397 364
1258 1290
784 1936
159 947
674 1250
210 78
1171 1867
1493 190
1049 1647
1919 1266
1860 1045
1691 1878
1490 823
840 32
1466 1186
9 1579
563 736
979 1839
1667 499
1986 734
189 270
1172 1088
409 406
30 1174
346 359
485 440
737 930
446 1639
1730 1437
1482 984
209 946
842 412
1476 360
1819 1004
740 1928
767 890
137 792
1482 984
1291 1781
1460 651
1976 165
1007 79
158 1475
1349 1614
778 1828
1710 423
203 420
990 586
281 1739
238 955
287 907
1975 135
435 574
1140 569
1789 687
1580 778
788 439
283 1912
686 1858
1157 1191
1067 852
1463 366
1906 653
1258 1290
351 863
473 1084
1394 1178
396 1997
1013 880
1110 1015
1438 1318
346 359
1384 1809
925 115
112 1163
1345 1555
1650 1578
1769 250
1515 325
803 1443
1844 1378
638 179
558 464
239 786
1361 1630
817 1458
1964 458
373 1263
998 1633
12 244
966 1733
645 17
350 942
1167 1624
1194 428
1558 312
756 1232
207 1448
1296 1692
1770 1866
598 1026
1077 1654
330 178
1510 754
1080 1039
1577 1926
706 872
917 386
297 544
1766 1674
749 640
501 728
1052 1053
377 1911
1981 1530
1458 583
1397 364
1899 430
457 1962
1261 1514
606 857
1730 1437
1804 1481
1302 1880
1145 1079
1164 1067
451 1170
1299 1891
1262 1746
1377 1012
1912 901
299 743
530 202
1823 1405
701 1662
1124 887
408 1408
1596 940
408 1408
1985 1143
450 788
784 1936
1951 871
924 1426
1590 1236
285 494
554 1272
668 1380
756 1232
1680 1780
186 291
166 1348
1562 1801
1778 1453
1044 684
810 245
47 1697
776 421
10 1024
901 1478
941 1613
1819 1004
137 792
1035 1913
412 1020
830 1610
966 1733
1967 155
1183 1121
982 1800
1171 1867
45 292
1056 874
1276 1890
693 1845
1059 761
367 75
1274 612
1365 473
1088 1816
1406 1345
866 42
1250 1583
1145 1079
511 1251
467 1554
343 1837
902 1412
1348 1328
33 1472
1867 643
124 1797
928 812
431 881
1085 847
1723 1287
3 604
1306 1264
333 1678
1180 1728
1945 167
196 580
1968 1252
403 1135
1509 344
127 1188
1561 1584
415 1253
466 319
1031 235
1658 1843
1663 508
1114 1425
1745 1794
1093 1091
1293 419
1768 767
597 833
531 1192
404 1847
275 199
538 659
1677 634
479 1064
495 1021
1225 1535
1564 919
410 1001
1804 1481
1933 1097
236 378
227 1207
1509 344
411 1546
657 2000
993 1248
1456 281
804 1612
262 1650
518 228
45 292
1786 387
809 239
1615 1124
189 270
1258 1290
1875 1463
446 1639
154 1303
223 650
257 446
854 287
731 107
1509 344
546 51
1896 541
779 1873
784 1936
1214 1646
1284 1359
953 123
185 153
60 1440
1560 740
367 75
84 719
753 869
1544 348
218 1713
1214 1646
1724 879
1080 1039
1005 517
1325 475
312 58
587 331
1880 934
904 661
1543 1638
124 1797
1390 85
1179 1221
1491 779
281 1739
937 175
89 1993
191 1769
306 1171
470 1776
477 1708
760 1471
1250 1583
217 129
350 942
168 1077
1994 1627
1544 348
1130 1488
824 1180
563 736
1041 926
1896 541
1444 1980
1021 906
1722 1860
970 1404
1317 826
1198 1033
1870 1655
43 1814
664 1294
1851 1054
581 1149
1281 1577
1366 1857
1738 303
710 1549
1863 1393
634 247
1624 1693
130 1083
15 787
95 1370
686 1858
1223 1306
969 1986
808 384
492 969
1505 1080
356 176
1963 602
974 409
1721 1909
990 586
125 81
493 599
1865 1899
99 550
1403 1736
259 141
1455 1783
1212 36
1924 1377
951 1594
236 378
1336 159
1242 1727
437 300
742 189
479 1064
1104 186
1213 1744
1561 1584
1147 1774
398 73
534 538
625 898
663 1818
190 453
75 1545
898 572
1830 1117
1026 1569
144 61
908 785
709 558
55 548
505 276
115 1548
216 1764
408 1408
837 562
493 599
365 356
1243 105
1429 1106
916 941
622 915
1235 910
558 464
210 78
1471 1894
207 1448
1521 482
671 1667
232 1431
1280 30
583 1772
1013 880
1651 1158
17 1864
582 25
178 1707
264 1456
1970 1414
14 1949
1663 508
1240 11
1213 1744
1204 979
975 1049
1809 19
473 1084
1226 44
615 1139
292 217
962 589
1435 1133
1808 1820
110 164
205 1164
1053 1663
1809 19
354 1991
723 1134
703 1030
78 1951
191 1769
1881 309
47 1697
1820 1741
1911 667
1596 940
1144 668
404 1847
161 1237
1129 834
1527 1825
176 1005
831 759
338 916
265 995
651 939
730 1379
664 1294
336 1268
508 1260
1116 290
671 1667
1793 1983
578 361
429 1747
41 1813
1100 635
1202 1635
311 118
125 81
628 1279
858 724
247 1367
943 114
1620 855
1504 575
1840 1479
310 1615
50 218
1676 1901
1192 1495
1146 1397
1625 1258
945 1329
1065 1282
723 1134
1044 684
1190 1422
1704 31
710 1549
1055 1257
397 1241
1908 1271
852 1992
1247 26
756 1232
1889 380
1830 1117
222 1570
1613 194
1957 987
1644 1025
1919 1266
1210 1217
1779 195
1610 1313
1676 1901
886 117
347 567
1651 1158
1889 380
1674 856
855 160
407 1984
1626 95
758 1415
165 148
1947 950
72 1209
674 1250
1796 385
1474 738
682 638
1682 1768
137 792
870 1679
813 1265
1882 1850
1465 1035
823 909
1862 981
1329 209
569 1105
1078 1935
1000 1896
763 1059
551 1150
1273 1366
1061 426
1577 1926
263 90
662 1698
192 536
1077 1654
843 552
21 268
391 1043
1334 1947
90 1140
383 1042
1206 1072
1344 1542
19 543
827 346
657 2000
994 76
1959 1208
1391 1032
1666 112
1500 1522
1976 165
1224 893
700 1982
1671 455
1771 1888
446 1639
523 1050
1319 859
474 1073
314 1362
644 238
1322 1218
1042 1509
194 263
11 1031
1022 1270
376 839
1869 1152
3 604
1254 1910
1713 145
103 815
1418 835
1296 1692
1538 1373
1981 1530
1922 1760
583 1772
422 716
358 683
853 1773
822 1648
293 1688
1829 1482
1849 513
467 1554
579 1694
511 1251
1739 746
443 1368
689 341
1195 450
1633 953
1436 733
681 1791
409 406
746 1399
1364 829
433 824
710 1549
354 1991
225 310
1459 1765
1930 1317
903 669
1403 1736
1206 1072
226 730
255 317
1372 1934
1554 1485
553 1383
129 1658
1539 243
298 1451
1692 1889
1229 496
487 546
1988 424
1331 1606
289 487
1181 1859
1528 1834
205 1164
204 1966
401 1726
449 293
780 920
856 49
1741 1593
283 1912
1537 1063
548 1968
611 248
1568 283
1007 79
805 376
581 1149
564 966
1141 208
354 1991
200 816
1444 1980
1789 687
576 1897
478 1871
1610 1313
423 707
934 1689
1482 984
963 108
524 996
1474 738
31 1277
264 1456
993 1248
168 1077
480 711
1914 1057
1308 1094
1276 1890
1399 1494
475 1803
967 1805
115 1548
1743 15
1301 1536
506 140
1329 209
1715 1394
1656 1071
1704 31
1064 401
45 292
367 75
1544 348
256 1952
1700 1702
1449 486
1065 1282
115 1548
167 760
1097 1291
1769 250
237 1310
1633 953
1208 1179
975 1049
212 918
268 1118
884 1632
1535 1184
53 1874
1457 84
910 1464
507 539
1924 1377
569 1105
84 719
365 356
547 593
800 497
1386 1350
1777 264
16 1710
1573 1762
1266 1895
1791 297
1661 1970
1901 1551
919 1786
1274 612
1291 1781
982 1800
423 707
1552 1468
514 1364
1082 731
1161 1673
1096 968
266 1442
567 132
1016 332
870 1679
704 1971
874 957
1488 50
1703 24
997 627
1947 950
567 132
875 1566
1490 823
1296 1692
578 361
968 1875
52 705
285 494
617 1703
1059 761
702 1544
1306 1264
621 1559
1242 1727
234 1307
1602 967
1890 1385
682 638
1541 535
1171 1867
314 1362
1457 84
582 25
280 654
1170 1355
1705 991
109 799
340 1521
194 263
169 1882
121 720
1731 447
1817 636
738 295
1037 1957
1055 1257
901 1478
1351 1937
575 1959
831 759
559 807
521 1450
882 1597
1305 1341
1456 281
1126 157
23 207
1982 266
1721 1909
1009 902
985 180
1910 93
165 148
49 614
1157 1191
822 1648
1185 632
211 1398
1755 1147
1445 708
528 166
136 568
1605 931
1687 1855
1165 1127
1517 1166
326 628
620 1799
700 1982
1889 380
1582 782
1646 1771
882 1597
885 758
173 509
1745 1794
1237 989
1156 1330
1560 740
1801 1243
744 21
1853 1474
1108 718
1286 477
1728 1002
665 1591
358 683
13 1095
1816 578
370 774
1052 1053
684 1941
1038 1446
1090 1811
1183 1121
501 728
95 1370
1068 66
259 141
1554 1485
258 1435
387 13
1312 479
419 1427
165 148
1506 1788
103 815
1165 1127
1648 1386
310 1615
500 1204
1873 1717
1444 1980
223 650
659 768
1857 573
1214 1646
857 1363
64 184
34 1534
826 4
1583 20
299 743
1827 581
252 1193
1690 1740
892 1661
1466 1186
1614 868
1724 879
1346 678
747 1642
1283 534
258 1435
1478 698
1433 1406
1079 900
913 843
1947 950
1707 1831
1865 1899
1190 1422
532 181
1900 755
949 1525
1156 1330
942 417
205 1164
1467 1924
1467 1924
1225 1535
772 14
165 148
437 300
427 1249
239 786
1689 1210
241 751
615 1139
1741 1593
1669 1007
650 1076
163 1657
392 1228
1754 1504
1004 1884
396 1997
810 245
1175 741
1309 1151
340 1521
210 78
1957 987
106 1114
737 930
1301 1536
1192 1495
899 318
1330 633
498 1304
74 122
775 1396
411 1546
1625 1258
1374 749
849 611
104 1490
323 1332
1023 461
542 1854
1364 829
1458 583
1124 887
1436 733
1970 1414
384 432
1212 36
892 1661
750 452
1735 1714
946 813
1765 1863
624 427
44 69
355 1724
962 589
64 184
530 202
1617 1763
716 645
1587 1455
375 1826
1358 692
1174 1938
1797 913
390 74
819 1460
623 1214
1566 410
891 1343
1646 1771
997 627
1843 648
1682 1768
1530 1382
255 317
313 1234
440 1430
1379 1787
1893 1755
1965 1055
1812 1010
713 1417
35 137
1113 1484
1332 1261
740 1928
564 966
110 164
1498 1931
1875 1463
788 439
860 814
1252 1711
579 1694
99 550
1831 456
914 1283
1994 1627
1580 778
1485 1751
1105 952
712 1286
532 181
1136 1502
1799 587
1687 1855
569 1105
151 791
228 169
656 1101
213 98
1095 971
613 1439
1185 632
1635 1112
1173 1706
599 18
470 1776
1987 347
536 254
1816 578
1096 968
535 1276
1754 1504
1332 1261
1625 1258
354 1991
1623 616
1738 303
1781 1979
1535 1184
1949 404
1570 1154
1563 1533
669 951
1567 301
626 1447
274 1181
281 1739
1608 1037
1351 1937
1901 1551
1595 407
933 854
470 1776
224 213
354 1991
1892 1409
1829 1482
1697 533
1926 1529
965 1141
641 1419
764 100
1460 651
689 341
279 1903
1680 1780
1103 57
1774 927
1438 1318
1959 1208
1741 1593
196 580
440 1430
865 83
1417 1822
736 1040
223 650
1498 1931
1828 1759
1619 1572
1448 505
345 1227
1629 1122
102 729
1169 576
1206 1072
1336 159
1553 646
1516 489
463 1267
88 502
31 1277
1575 1432
1849 513
768 894
1814 63
1978 349
1154 144
821 222
690 553
531 1192
441 1539
1703 24
218 1713
1853 1474
562 642
841 1886
1017 1879
134 363
1126 157
72 1209
306 1171
1955 783
471 1553
1567 301
1948 1162
728 660
602 849
1994 1627
695 414
1268 1269
1024 603
1458 583
1118 302
85 1245
135 342
1442 1700
1864 896
1050 80
439 411
8 429
453 230
508 1260
658 1196
395 818
1706 55
1521 482
1247 26
726 1169
231 1917
564 966
480 711
1797 913
1269 1183
76 434
1112 443
501 728
309 1161
560 1074
827 346
106 1114
113 822
80 224
363 1148
249 706
1312 479
1829 1482
1944 1789
1516 489
8 429
574 152
257 446
1053 1663
355 1724
31 1277
1486 511
761 1743
855 160
1358 692
1529 878
1326 861
547 593
559 807
57 773
1516 489
1051 471
1013 880
1933 1097
1019 232
1856 133
93 1126
1036 1560
1695 1316
993 1248
670 495
1563 1533
1682 1768
1251 1675
1015 1602
383 1042
181 272
782 39
679 1238
364 998
1082 731
359 1519
971 1365
398 73
596 1734
713 1417
459 1434
315 1881
195 339
1643 702
723 1134
1815 1956
556 1558
1341 571
1446 1977
1244 1503
504 1213
662 1698
1346 678
1409 723
1069 1416
1439 476
1350 1201
592 1051
1362 1556
1390 85
686 1858
1952 1716
40 1156
190 453
1217 503
1815 1956
789 1173
423 707
237 1310
145 388
173 509
1682 1768
1552 1468
1152 1836
1058 305
1742 1581
1997 211
1337 1165
1504 575
1996 1918
1140 569
242 1923
1759 182
858 724
565 1376
1075 12
47 1697
326 628
552 142
1699 993
439 411
1626 95
1556 416
395 818
416 1089
429 1747
326 628
828 1596
638 179
228 169
159 947
682 638
491 275
1077 1654
650 1076
1577 1926
1552 1468
270 1172
1765 1863
213 98
318 338
281 1739
346 359
428 185
1525 478
345 1227
115 1548
1269 1183
1187 771
1694 845
1164 1067
502 29
536 254
878 588
772 14
1995 267
37 72
940 1975
1020 1685
1404 174
1871 1870
1507 1354
673 790
1883 498
1900 755
876 377
1416 1501
1957 987
1879 279
1211 903
578 361
967 1805
94 500
604 1081
1076 976
620 1799
1475 373
22 1876
964 1944
1076 976
1147 1774
174 721
452 1070
74 122
273 1273
1765 1863
431 881
230 1925
116 882
59 999
815 1347
1284 1359
169 1882
1571 1175
843 552
1770 1866
1757 1085
85 1245
1438 1318
701 1662
695 414
1998 1656
1552 1468
540 441
551 1150
1447 590
1588 343
1842 233
1598 1019
962 589
1104 186
156 1102
1964 458
1831 456
1943 104
1218 722
1055 1257
1242 1727
395 818
1572 1322
890 480
1115 1914
923 284
1755 1147
1375 1719
1172 1088
263 90
990 586
668 1380
1348 1328
1127 772
905 437
1460 651
786 1319
766 512
1590 1236
111 187
1839 1527
1899 430
1490 823
1481 584
228 169
128 1018
1654 156
1995 267
1048 9
1572 1322
567 132
402 1029
651 939
1399 1494
917 386
1413 1061
2000 1683
989 796
1612 1972
1850 71
690 553
1669 1007
1193 1686
510 1305
1333 1507
51 1795
884 1632
465 1611
820 493
321 88
1736 35
605 1619
1779 195
1274 612
197 1723
1611 766
914 1283
1584 666
1927 1785
1167 1624
1543 1638
1167 1624
453 230
1759 182
1247 26
1248 1927
998 1633
1076 976
1274 612
459 1434
1810 1981
223 650
674 1250
1857 573
1020 1685
634 247
701 1662
871 1338
1838 1052
112 1163
10 1024
718 1125
1561 1584
1447 590
568 679
854 287
1283 534
149 280
41 1813
1558 312
1857 573
1720 197
1853 1474
1748 828
1222 1687
1917 962
363 1148
503 296
1809 19
1966 1138
563 736
676 273
1650 1578
795 1480
667 315
1219 1671
1185 632
634 247
828 1596
147 686
763 1059
812 1220
308 600
13 1095
1302 1880
341 827
670 495
1371 1943
1804 1481
1791 297
88 502
1015 1602
1480 841
76 434
231 1917
1063 172
1160 150
1093 1091
972 1387
1800 259
1701 674
1189 68
1265 805
1605 931
752 1942
1665 520
964 1944
167 760
1996 1918
1285 375
1916 1856
306 1171
1882 1850
1233 1750
361 96
977 488
279 1903
1858 422
468 637
668 1380
1385 226
1654 156
168 1077
1105 952
613 1439
861 1823
1634 688
1620 855
1559 1136
586 1374
430 438
1056 874
130 1083
1947 950
1725 865
919 1786
315 1881
56 1827
73 47
586 1374
904 661
1465 1035
1678 99
1679 1770
316 1285
993 1248
1362 1556
375 1826
1854 1344
1565 52
1838 1052
238 955
143 1641
1601 1778
545 192
847 1297
1043 917
106 1114
1862 981
176 1005
1777 264
533 1919
1211 903
1177 1705
1867 643
1009 902
1871 1870
815 1347
810 245
757 876
1131 256
550 1543
858 724
1126 157
1988 424
1949 404
907 745
664 1294
1329 209
339 1239
256 1952
1852 990
516 1420
1016 332
997 627
1360 1745
996 1352
405 1622
9 1579
1075 12
1141 208
31 1277
546 51
378 1567
1832 125
820 493
1035 1913
1451 631
550 1543
1877 1212
1506 1788
569 1105
233 1157
1882 1850
1052 1053
983 1120
222 1570
130 1083
167 760
1728 1002
229 958
198 1444
1587 1455
963 108
1297 770
1943 104
1333 1507
853 1773
755 1123
277 1742
958 585
383 1042
597 833
1672 1792
245 1730
1223 1306
1079 900
205 1164
1707 1831
1983 565
490 892
167 760
755 1123
1957 987
435 574
1455 1783
780 920
641 1419
1334 1947
837 562
1227 1815
1903 649
1163 38
343 1837
1923 840
87 206
986 1965
68 802
1918 1958
1839 1527
340 1521
853 1773
1415 676
821 222
1635 1112
794 811
792 596
1253 1389
346 359
647 371
1080 1039
1912 901
1405 1159
1708 1202
1569 1853
387 13
998 1633
707 846
448 59
925 115
1556 416
1720 197
448 59
1997 211
496 1802
581 1149
1999 549
1319 859
1011 465
620 1799
1353 1629
7 1111
1926 1529
1394 1178
778 1828
1749 695
1537 1063
1429 1106
1076 976
167 760
281 1739
1363 554
1933 1097
1931 980
166 1348
1875 1463
467 1554
664 1294
836 372
1364 829
1406 1345
641 1419
363 1148
154 1303
1389 294
1015 1602
352 1491
883 1299
640 817
1872 1058
1147 1774
364 998
21 268
964 1944
667 315
724 1411
48 895
1951 871
1952 1716
1472 537
1820 1741
1454 798
998 1633
1489 1677
1085 847
561 1668
1522 1660
1760 1541
1355 198
1658 1843
112 1163
664 1294
1303 1226
786 1319
1811 333
1777 264
1525 478
1267 1445
1171 1867
1228 1167
326 628
505 276
1519 1922
779 1873
301 986
1803 1326
1178 810
1956 673
1099 110
1779 195
105 935
1103 57
870 1679
1109 948
369 1718
1735 1714
1733 1987
245 1730
404 1847
1411 260
231 1917
1298 1016
1062 415
1327 1948
38 820
363 1148
1921 286
750 452
1138 231
602 849
414 1669
1936 1280
46 985
360 1066
906 1643
79 641
270 1172
576 1897
1439 476
1778 1453
783 518
851 717
57 773
1651 1158
1830 1117
1075 12
1487 1580
1832 125
1287 825
1662 77
1000 1896
775 1396
695 414
737 930
1679 1770
1577 1926
1002 1738
421 1372
1963 602
590 566
1397 364
1265 805
710 1549
1903 649
961 618
1498 1931
1929 1008
1952 1716
643 298
1587 1455
1211 903
1884 1047
1708 1202
1338 555
949 1525
1421 1824
1949 404
1684 1921
620 1799
1513 1552
449 293
408 1408
1176 675
1844 1378
1389 294
833 1462
1185 632
1603 3
1120 1653
938 1190
1177 1705
484 735
1621 515
1886 459
1505 1080
886 117
1382 945
472 46
1997 211
70 1618
1993 1735
395 818
1037 1957
1263 832
572 904
910 1464
337 1309
155 149
480 711
819 1460
948 1946
1071 337
1966 1138
316 1285
69 639
571 1954
485 440
1833 699
1438 1318
1544 348
1460 651
1365 473
1472 537
489 523
1290 975
1001 1626
40 1156
641 1419
1423 134
42 732
838 321
1173 1706
209 946
429 1747
817 1458
1162 763
1738 303
1108 718
1542 329
1234 1068
1793 1983
1503 1607
1439 476
370 774
351 863
767 890
1158 715
1425 522
1497 138
502 29
1196 262
187 1176
1547 1898
1009 902
1102 1841
141 1476
1896 541
1084 1994
1889 380
1567 301
1415 676
524 996
1636 1872
710 1549
1257 1130
1245 1932
1963 602
311 118
414 1669
1355 198
1823 1405
371 712
1454 798
87 206
2000 1683
188 1361
1770 1866
1100 635
687 1092
320 936
194 263
1822 591
676 273
479 1064
1134 1298
1942 469
577 606
924 1426
1446 1977
1136 1502
949 1525
192 536
1208 1179
428 185
1563 1533
1941 314
1944 1789
1504 575
1867 643
829 670
1407 403
272 491
962 589
1191 1325
1030 1337
608 504
1602 967
633 726
1390 85
563 736
747 1642
139 1538
1807 1725
1825 1709
165 148
909 1449
502 29
1311 1933
329 1974
1507 1354
1456 281
1443 1516
833 1462
963 108
651 939
1893 1755
1103 57
1540 739
1857 573
792 596
949 1525
1020 1685
848 1616
73 47
1022 1270
1734 221
1909 1129
501 728
1109 948
1372 1934
413 1493
1267 1445
574 152
519 1682
903 669
1557 1324
1541 535
772 14
624 427
304 1528
257 446
889 696
1559 1136
384 432
1109 948
673 790
1279 16
1163 38
1980 1224
1193 1686
516 1420
1486 511
1996 1918
24 524
362 240
1241 725
1012 1065
222 1570
1838 1052
1265 805
1451 631
1925 610
550 1543
641 1419
1592 899
601 1006
787 850
748 1908
1669 1007
1063 172
653 1418
462 474
1690 1740
386 1146
1015 1602
341 827
1870 1655
357 1628
1201 1589
1092 355
269 1576
1703 24
15 787
600 983
1829 1482
225 310
718 1125
1417 1822
1390 85
809 239
1831 456
1690 1740
385 1945
1187 771
721 700
171 1721
1263 832
1757 1085
661 241
1726 1211
1067 852
456 210
1437 1454
1549 425
103 815
742 189
181 272
177 1466
575 1959
956 111
1144 668
1287 825
1397 364
76 434
224 213
1396 345
1 436
1534 418
616 1819
1156 1330
1590 1236
673 790
361 96
1792 97
1112 443
588 146
1509 344
5 1185
154 1303
1819 1004
500 1204
232 1431
14 1949
828 1596
1492 853
1168 1720
1072 94
1716 685
443 1368
1858 422
353 352
65 1973
1011 465
934 1689
1080 1039
701 1662
1539 243
1983 565
1871 1870
1584 666
963 108
1277 323
1990 261
1437 1454
1512 704
1496 131
1716 685
1393 204
1937 397
289 487
28 765
236 378
1715 1394
1513 1552
263 90
1782 516
414 1669
1962 1565
1935 1517
1903 649
940 1975
1944 1789
531 1192
366 525
1143 1601
149 280
594 1473
1484 891
980 220
1654 156
1177 1705
285 494
484 735
1946 938
532 181
364 998
1655 925
1692 1889
1816 578
565 1376
707 846
1870 1655
1006 1222
741 173
316 1285
195 339
510 1305
1148 943
292 217
363 1148
1190 1422
1561 1584
794 811
578 361
1986 734
150 860
1125 1137
1004 1884
727 1056
1264 1564
24 524
1688 672
1675 468
1618 216
614 365
551 1150
151 791
586 1374
1239 400
939 625
1868 982
1979 1672
1727 442
1803 1326
969 1986
1702 92
1854 1344
1164 1067
857 1363
1113 1484
1411 260
1040 1575
1112 443
390 74
1926 1529
515 249
1463 366
1359 113
113 822
1813 623
493 599
1616 564
1562 1801
40 1156
970 1404
382 1625
70 1618
1384 1809
628 1279
197 1723
1609 127
1700 1702
539 1582
261 929
1677 634
538 659
1530 1382
231 1917
1154 144
435 574
286 1664
1146 1397
880 120
1772 1013
51 1795
756 1232
1937 397
508 1260
1457 84
841 1886
1315 1233
1506 1788
415 1253
778 1828
1235 910
79 641
374 609
635 1652
967 1805
894 121
882 1597
1786 387
1018 1842
1520 747
193 382
973 37
1596 940
1563 1533
581 1149
138 988
1612 1972
1891 514
1831 456
1252 1711
1659 1104
672 1014
1840 1479
1418 835
1350 1201
1907 1666
417 445
401 1726
1524 1308
1150 506
582 25
1696 1336
356 176
25 466
1174 1938
922 914
19 543
1499 391
1727 442
1114 1425
1413 1061
1227 1815
238 955
818 1424
342 1729
1523 532
628 1279
52 705
1031 235
965 1141
1336 159
1692 1889
941 1613
1008 307
893 519
340 1521
1363 554
1780 619
51 1795
497 1835
680 457
1311 1933
1924 1377
685 944
1555 1985
1825 1709
235 1098
1931 980
794 811
215 1022
166 1348
655 888
127 1188
217 129
1814 63
578 361
1044 684
576 1897
1977 877
332 1732
1985 1143
620 1799
723 1134
92 1510
692 613
1978 349
669 951
1842 233
1682 1768
119 1459
1691 1878
815 1347
621 1559
1276 1890
738 295
1614 868
9 1579
1596 940
1028 1953
1237 989
1670 201
1102 1841
577 606
912 1199
1279 16
157 911
972 1387
135 342
411 1546
1872 1058
338 916
603 1312
595 1145
1811 333
102 729
1923 840
701 1662
742 189
1428 924
141 1476
384 432
652 1255
615 1139
78 1951
1721 1909
1314 1335
1535 1184
64 184
1571 1175
155 149
750 452
372 1331
1229 496
1122 1090
391 1043
1898 219
1055 1257
649 1195
291 622
1010 1691
250 1153
140 689
488 54
243 1680
905 437
1624 1693
214 451
642 320
1062 415
1513 1552
1144 668
1285 375
174 721
1888 1
574 152
220 1807
86 1300
1926 1529
508 1260
796 1407
1516 489
767 890
1302 1880
918 886
1097 1291
1351 1937
489 523
628 1279
381 1075
1720 197
241 751
84 719
1246 1861
1742 1581
618 1695
653 1418
1989 1486
1473 1433
1147 1774
248 620
1881 309
1010 1691
1126 157
1322 1218
715 444
108 1865
940 1975
584 579
447 399
1595 407
1584 666
1493 190
711 492
450 788
227 1207
1050 80
603 1312
646 521
50 218
1344 1542
9 1579
1208 1179
789 1173
1297 770
1553 646
375 1826
1814 63
98 864
913 843
14 1949
226 730
571 1954
1457 84
625 898
198 1444
1901 1551
202 1631
1845 1862
1928 1168
1044 684
1894 1284
1861 547
728 660
535 1276
302 978
1497 138
1851 1054
1072 94
1858 422
89 1993
1387 101
1799 587
1097 1291
687 1092
1700 1702
513 697
265 995
888 67
502 29
642 320
1385 226
905 437
532 181
1368 1524
743 797
1811 333
273 1273
613 1439
1573 1762
845 258
1519 1922
202 1631
1047 1301
136 568
1622 1961
1601 1778
1693 663
891 1343
1154 144
1366 1857
803 1443
1470 1840
968 1875
1606 28
1592 899
1229 496
1706 55
1367 1605
698 408
1493 190
1287 825
470 1776
1187 771
914 1283
1886 459
424 1356
179 690
555 1832
956 111
1487 1580
362 240
76 434
560 1074
1790 462
1634 688
446 1639
1484 891
1196 262
135 342
876 377
494 1790
1362 1556
533 1919
1194 428
929 1275
638 179
1012 1065
1575 1432
1969 1410
1824 1659
1010 1691
409 406
1110 1015
1108 718
137 792
564 966
49 614
1489 1677
1774 927
1805 1254
872 1321
276 242
1001 1626
1861 547
95 1370
1350 1201
791 607
765 1231
1637 1722
1591 764
669 951
70 1618
255 317
329 1974
800 497
983 1120
862 809
733 973
705 528
1516 489
55 548
956 111
1724 879
1807 1725
107 1302
1497 138
1691 1878
1349 1614
1572 1322
435 574
1259 1262
1343 1523
1607 1360
431 881
1065 1282
1829 1482
62 1229
1975 135
523 1050
899 318
157 911
1444 1980
506 140
1320 1391
1244 1503
1812 1010
506 140
1927 1785
109 799
737 930
1733 1987
873 1550
1808 1820
1122 1090
486 1915
1710 423
1748 828
989 796
117 1223
126 1758
418 435
450 788
1845 1862
1093 1091
783 518
1943 104
1776 64
1341 571
1046 252
1864 896
583 1772
1828 1759
284 742
682 638
437 300
455 1766
1969 1410
1352 1756
1374 749
1858 422
1496 131
1777 264
820 493
230 1925
456 210
50 218
1876 961
492 969
885 758
664 1294
1942 469
123 23
143 1641
1891 514
981 992
61 592
148 1247
1368 1524
597 833
904 661
1490 823
1959 1208
444 304
1191 1325
22 1876
322 921
1583 20
1051 471
1935 1517
1638 467
399 1590
580 324
1151 595
1351 1937
306 1171
434 1568
1347 109
603 1312
508 1260
1113 1484
322 921
51 1795
1371 1943
1531 1187
102 729
360 1066
1678 99
1498 1931
416 1089
1068 66
933 854
1186 1009
1080 1039
170 1034
1872 1058
1897 1390
101 1955
695 414
820 493
1216 1038
1750 808
1970 1414
1254 1910
1210 1217
188 1361
762 756
186 291
696 1812
1217 503
1319 859
1078 1935
1507 1354
1795 932
1158 715
828 1596
1577 1926
714 33
1851 1054
1918 1958
16 1710
812 1220
781 1375
1279 16
1604 448
565 1376
1416 1501
285 494
949 1525
1577 1926
1949 404
829 670
1690 1740
1500 1522
372 1331
198 1444
1906 653
498 1304
1409 723
571 1954
870 1679
1326 861
1129 834
154 1303
1423 134
1670 201
895 1087
1056 874
44 69
1570 1154
862 809
1079 900
581 1149
1627 1996
12 244
255 317
1444 1980
1212 36
1692 1889
1078 1935
1376 530
1688 672
90 1140
1128 701
1194 428
641 1419
1036 1560
1824 1659
1512 704
1747 597
218 1713
803 1443
1416 1501
1624 1693
143 1641
771 804
221 821
1573 1762
1087 405
1957 987
811 1132
1508 884
334 1887
1830 1117
1768 767
1814 63
1238 1314
490 892
840 32
574 152
1416 1501
1815 1956
1132 1571
277 1742
1208 1179
83 6
315 1881
1191 1325
610 484
398 73
645 17
23 207
1427 328
260 997
1267 1445
1265 805
1279 16
1215 353
1045 1423
174 721
1880 934
1488 50
920 1520
1118 302
98 864
308 600
624 427
1458 583
478 1871
639 1436
1409 723
72 1209
340 1521
240 858
1531 1187
1492 853
959 1804
125 81
1292 757
1792 97
784 1936
1563 1533
364 998
260 997
807 313
561 1668
1477 1651
1107 1793
1298 1016
1409 723
1146 1397
1965 1055
635 1652
946 813
797 1902
617 1703
1467 1924
87 206
704 1971
59 999
1150 506
48 895
1044 684
581 1149
1033 392
230 1925
1480 841
1382 945
138 988
1581 1505
314 1362
512 1960
66 433
1996 1918
297 544
1704 31
1011 465
849 611
1517 1166
74 122
925 115
1074 1116
366 525
978 334
365 356
1672 1792
1526 374
1142 1349
1216 1038
1593 200
1128 701
881 727
1042 1509
1504 575
1689 1210
1556 416
863 1500
397 1241
458 340
1541 535
1588 343
297 544
1571 1175
742 189
1588 343
1846 1782
774 713
940 1975
326 628
1758 1438
159 947
1917 962
1913 1844
63 8
1908 1271
709 558
1422 1506
639 1436
707 846
764 100
509 819
1899 430
1401 368
1566 410
327 1644
601 1006
1732 1060
1371 1943
397 1241
84 719
163 1657
1919 1266
1798 394
1314 1335
1001 1626
423 707
1327 1948
1557 1324
1737 775
490 892
1327 1948
624 427
941 1613
1268 1269
680 457
673 790
1500 1522
278 1177
557 563
1895 393
838 321
1722 1860
1340 928
1676 1901
737 930
848 1616
1782 516
1440 227
1703 24
1849 513
1890 1385
611 248
270 1172
1325 475
1129 834
1677 634
1533 1487
202 1631
1185 632
1075 12
215 1022
1465 1035
1888 1
323 1332
1143 1601
1173 1706
1471 1894
255 317
1624 1693
1348 1328
1399 1494
1378 229
234 1307
1150 506
1109 948
987 1920
884 1632
783 518
1447 590
1377 1012
1749 695
438 2
1765 1863
1231 431
889 696
1767 1429
602 849
117 1223
1824 1659
1164 1067
975 1049
1721 1909
914 1283
875 1566
1201 1589
156 1102
938 1190
38 820
748 1908
1324 449
76 434
185 153
840 32
1558 312
66 433
1577 1926
5 1185
1432 234
1015 1602
1705 991
794 811
1807 1725
19 543
1372 1934
861 1823
1203 1752
1713 145
109 799
643 298
1222 1687
1365 473
402 1029
1137 1561
521 1450
506 140
452 1070
917 386
145 388
967 1805
756 1232
27 1761
1730 1437
1595 407
709 558
1960 460
154 1303
748 1908
77 170
971 1365
1717 1929
1981 1530
1850 71
1855 527
1809 19
818 1424
1410 1027
1573 1762
328 1757
1693 663
826 4
1478 698
807 313
335 5
1570 1154
1894 1284
1464 1930
274 1181
881 727
612 977
759 737
326 628
1575 1432
1987 347
874 957
1887 956
1876 961
1503 1607
654 1885
1614 868
38 820
713 1417
633 726
68 802
865 83
566 257
1662 77
1738 303
1740 1311
195 339
1595 407
1265 805
505 276
1635 1112
526 1998
180 1817
86 1300
1899 430
953 123
242 1923
1225 1535
1808 1820
1419 1489
1042 1509
1219 1671
1750 808
1965 1055
809 239
237 1310
113 822
295 1295
1827 581
290 624
126 1758
1743 15
525 974
241 751
304 1528
1031 235
1556 416
1091 1413
1889 380
242 1923
1811 333
1529 878
1106 709
180 1817
1847 1995
694 1532
1422 1506
245 1730
45 292
87 206
1736 35
383 1042
1550 1274
463 1267
1781 1979
1524 1308
1771 1888
1927 1785
1265 805
602 849
1870 1655
1489 1677
1233 1750
1952 1716
1777 264
1629 1122
245 1730
673 790
1445 708
214 451
1565 52
1063 172
795 1480
899 318
1175 741
991 1990
291 622
1128 701
981 992
701 1662
1408 1108
887 1256
1999 549
509 819
1494 933
121 720
332 1732
1687 1855
1908 1271
296 960
77 170
275 199
1394 1178
263 90
495 1021
1990 261
964 1944
1471 1894
246 1585
852 1992
82 1496
1205 1838
598 1026
940 1975
1956 673
230 1925
255 317
581 1149
1981 1530
1198 1033
1509 344
327 1644
266 1442
718 1125
1249 781
160 970
1797 913
945 1329
1137 1561
278 1177
144 61
1428 924
1023 461
1614 868
1404 174
287 907
76 434
398 73
875 1566
8 429
523 1050
301 986
336 1268
1138 231
993 1248
1910 93
608 504
1839 1527
917 386
1479 203
1588 343
107 1302
775 1396
474 1073
511 1251
1457 84
1751 1599
1641 1904
1247 26
1031 235
1773 237
123 23
1418 835
733 973
1021 906
1064 401
129 1658
1001 1626
148 1247
265 995
1249 781
1568 283
1719 526
1448 505
228 169
1799 587
292 217
451 1170
881 727
919 1786
170 1034
1242 1727
1619 1572
1059 761
1584 666
1154 144
853 1773
1651 1158
276 242
82 1496
1315 1233
379 389
1082 731
1111 188
1445 708
1497 138
1921 286
456 210
1240 11
895 1087
606 857
986 1965
1854 1344
1186 1009
7 1111
1136 1502
91 1103
464 367
551 1150
1759 182
387 13
1064 401
1594 62
1649 1392
1509 344
1962 1565
1825 1709
387 13
827 346
1693 663
213 98
1185 632
177 1466
1666 112
1543 1638
1873 1717
534 538
144 61
1831 456
1238 1314
878 588
786 1319
1147 1774
595 1145
1834 922
415 1253
1930 1317
628 1279
496 1802
1225 1535
758 1415
740 1928
1726 1211
712 1286
1107 1793
1137 1561
290 624
1627 1996
791 607
1518 481
1352 1756
1612 1972
165 148
1221 139
741 173
1330 633
1926 1529
501 728
957 801
1195 450
1134 1298
173 509
1768 767
484 735
1217 503
138 988
1965 1055
37 72
1141 208
1234 1068
409 406
1593 200
998 1633
1194 428
1059 761
68 802
345 1227
75 1545
1122 1090
762 756
1402 1690
65 1973
609 1978
221 821
959 1804
948 1946
657 2000
1646 1771
1984 1160
1304 1194
336 1268
1337 1165
1907 1666
1396 345
563 736
1966 1138
1468 311
570 1342
1968 1252
1040 1575
68 802
1573 1762
911 205
520 1810
1457 84
335 5
696 1812
1497 138
1465 1035
1015 1602
1976 165
1613 194
517 1498
731 107
246 1585
1694 845
1236 647
1976 165
282 793
496 1802
986 1965
436 862
1501 1346
1966 1138
381 1075
97 289
283 1912
901 1478
1326 861
778 1828
1520 747
1414 1281
1588 343
124 1797
1066 601
1172 1088
1699 993
1198 1033
564 966
1457 84
640 817
258 1435
1643 702
1378 229
92 1510
1510 754
1619 1572
879 1604
1864 896
1473 1433
1730 1437
1161 1673
1910 93
1632 1155
780 920
327 1644
1804 1481
716 645
723 1134
1790 462
1367 1605
1704 31
1409 723
806 327
1450 171
490 892
771 804
1336 159
124 1797
692 613
1662 77
1319 859
88 502
1103 57
627 106
642 320
1911 667
1470 1840
1647 379
1967 155
267 795
1229 496
432 41
582 25
216 1764
1104 186
836 372
663 1818
783 518
533 1919
1805 1254
938 1190
612 977
331 285
746 1399
691 1003
964 1944
1824 1659
75 1545
783 518
384 432
721 700
896 1749
439 411
1073 1327
1772 1013
1332 1261
1469 897
1962 1565
742 189
320 936
737 930
570 1342
1700 1702
398 73
1570 1154
951 1594
733 973
1235 910
1398 143
1404 174
612 977
1500 1522
846 396
1318 271
1923 840
1842 233
258 1435
637 316
684 1941
1759 182
478 1871
628 1279
33 1472
1544 348
1613 194
1306 1264
564 966
444 304
635 1652
953 123
15 787
781 1375
1788 677
1720 197
1087 405
451 1170
651 939
1787 665
1976 165
326 628
698 408
1268 1269
1886 459
1798 394
1082 731
1624 1693
1097 1291
706 872
817 1458
1203 1752
1443 1516
1609 127
1276 1890
1790 462
1252 1711
1141 208
164 225
1202 1635
1590 1236
675 463
1087 405
1700 1702
1041 926
1444 1980
1218 722
1889 380
1763 1113
1758 1438
921 1900
1787 665
731 107
46 985
616 1819
625 898
40 1156
821 222
1754 1504
218 1713
1843 648
1361 1630
1778 1453
1341 571
742 189
1626 95
558 464
289 487
665 1591
486 1915
119 1459
731 107
1210 1217
114 1916
736 1040
1506 1788
883 1299
1161 1673
1742 1581
79 641
1307 1777
1684 1921
1137 1561
939 625
223 650
533 1919
718 1125
999 1645
328 1757
108 1865
128 1018
918 886
1677 634
432 41
749 640
1080 1039
1892 1409
5 1185
1144 668
17 1864
165 148
1694 845
355 1724
1632 1155
437 300
1619 1572
1138 231
1414 1281
561 1668
229 958
1082 731
170 1034
450 788
1829 1482
1117 748
628 1279
1271 1573
587 331
1306 1264
1437 1454
110 164
221 821
1735 1714
1519 1922
1163 38
962 589
505 276
1809 19
360 1066
422 716
236 378
901 1478
555 1832
1526 374
238 955
1810 1981
1536 1511
871 1338
1311 1933
386 1146
1701 674
1693 663
674 1250
1864 896
424 1356
800 497
205 1164
120 1110
1243 105
764 100
604 1081
26 1821
1150 506
1918 1958
1487 1580
1827 581
1201 1589
1416 1501
1235 910
120 1110
1176 675
431 881
1691 1878
94 500
1635 1112
165 148
328 1757
395 818
922 914
338 916
1555 1985
1614 868
1571 1175
1436 733
1586 1100
111 187
1033 392
1068 66
838 321
1660 1483
430 438
173 509
1665 520
1330 633
1882 1850
1066 601
659 768
1050 80
19 543
1172 1088
1937 397
1303 1226
1880 934
1090 1811
1848 168
1461 413
562 642
1997 211
495 1021
659 768
1405 1159
830 1610
1564 919
1745 1794
473 1084
1041 926
81 402
105 935
1225 1535
568 679
520 1810
804 1612
231 1917
418 435
141 1476
243 1680
1305 1341
1708 1202
417 445
554 1272
1950 1620
100 1676
1385 226
1655 925
1271 1573
1367 1605
1364 829
168 1077
1060 753
523 1050
585 1216
1056 874
1619 1572
868 1649
378 1567
1135 1289
1640 119
1400 556
1441 1086
1327 1948
1658 1843
1946 938
645 17
487 546
246 1585
731 107
940 1975
1739 746
1723 1287
1705 991
1745 1794
1137 1561
1434 806
824 1180
1654 156
1781 1979
315 1881
1430 1142
347 567
1120 1653
1422 1506
721 700
964 1944
1112 443
1014 1848
692 613
1921 286
832 1358
349 752
1567 301
1934 1441
1868 982
1765 1863
1539 243
225 310
1374 749
1204 979
1002 1738
639 1436
637 316
157 911
1508 884
1463 366
1613 194
729 22
1827 581
1469 897
1013 880
939 625
1641 1904
1608 1037
1493 190
1960 460
1774 927
690 553
169 1882
631 212
1401 368
1176 675
1314 1335
377 1911
1402 1690
1146 1397
1320 1391
1280 30
1203 1752
192 536
717 1384
1424 1712
1428 924
1843 648
296 960
1442 1700
438 2
456 210
815 1347
682 638
431 881
787 850
892 1661
1116 290
1044 684
1903 649
432 41
1108 718
1469 897
788 439
1317 826
384 432
1436 733
999 1645
967 1805
1948 1162
34 1534
428 185
660 582
1863 1393
1777 264
873 1550
798 158
1997 211
210 78
674 1250
25 466
1549 425
530 202
1053 1663
1607 1360
509 819
1753 1830
268 1118
696 1812
329 1974
60 1440
1620 855
950 703
1751 1599
856 49
1880 934
806 327
757 876
832 1358
1972 1737
137 792
86 1300
223 650
318 338
1783 908
553 1383
1997 211
1663 508
975 1049
1271 1573
1905 183
1602 967
1850 71
1420 357
1821 777
877 531
702 1544
1914 1057
1895 393
56 1827
54 1621
1749 695
1197 1069
407 1984
301 986
954 1600
654 1885
337 1309
778 1828
736 1040
1891 514
169 1882
264 1456
536 254
1788 677
287 907
1606 28
1336 159
73 47
1165 1127
603 1312
898 572
1219 1671
1576 1499
1304 1194
545 192
299 743
1975 135
1963 602
1193 1686
1474 738
37 72
534 538
1140 569
456 210
128 1018
978 334
421 1372
166 1348
1246 1861
1200 1531
1845 1862
1679 1770
130 1083
1560 740
54 1621
420 1334
1504 575
1118 302
1266 1895
568 679
1529 878
762 756
784 1936
103 815
1690 1740
1987 347
22 1876
1685 560
1778 1453
233 1157
1983 565
581 1149
1733 1987
1833 699
1817 636
1060 753
1954 557
1159 694
1379 1787
130 1083
1776 64
301 986
480 711
435 574
951 1594
216 1764
1066 601
1111 188
1131 256
893 519
541 395
1412 1636
1120 1653
840 32
1708 1202
1457 84
1146 1397
446 1639
942 417
334 1887
404 1847
1817 636
873 1550
685 944
1613 194
868 1649
949 1525
1306 1264
1882 1850
83 6
1831 456
73 47
1258 1290
267 795
702 1544
1881 309
1929 1008
450 788
614 365
462 474
201 1242
434 1568
85 1245
1469 897
1006 1222
1646 1771
1394 1178
645 17
535 1276
727 1056
1994 1627
1378 229
334 1887
1696 1336
628 1279
1397 364
1413 1061
545 192
487 546
1111 188
1231 431
760 1471
1650 1578
1593 200
1675 468
40 1156
319 398
1602 967
379 389
1640 119
1900 755
885 758
1996 1918
526 1998
1294 1292
18 470
1702 92
27 1761
1986 734
1086 1540
482 1592
1642 1296
1797 913
41 1813
1632 1155
695 414
779 1873
1910 93
298 1451
590 566
1026 1569
340 1521
1854 1344
950 703
1432 234
1618 216
517 1498
1236 647
1349 1614
919 1786
600 983
173 509
1770 1866
1364 829
1759 182
540 441
394 299
138 988
966 1733
1620 855
1791 297
766 512
1184 750
941 1613
1140 569
1324 449
1079 900
1402 1690
742 189
364 998
532 181
292 217
324 354
737 930
596 1734
358 683
89 1993
765 1231
1423 134
719 1017
23 207
981 992
453 230
937 175
243 1680
1468 311
1324 449
1002 1738
1524 1308
1223 1306
812 1220
604 1081
1692 1889
1538 1373
714 33
484 735
270 1172
692 613
1568 283
1149 1852
1671 455
946 813
1934 1441
576 1897
1914 1057
985 180
825 1617
1176 675
1784 1128
90 1140
1495 866
207 1448
37 72
994 76
1015 1602
1793 1983
766 512
1817 636
1045 1423
1281 1577
1192 1495
530 202
1311 1933
443 1368
838 321
941 1613
1344 1542
1259 1262
482 1592
1790 462
1279 16
862 809
1796 385
637 316
782 39
731 107
103 815
1494 933
1608 1037
426 162
1888 1
230 1925
1125 1137
1028 1953
1641 1904
1048 9
1850 71
1789 687
1186 1009
368 1907
1368 1524
987 1920
562 642
751 1557
734 630
501 728
1269 1183
180 1817
1640 119
1137 1561
572 904
1353 1629
1346 678
808 384
599 18
835 1395
519 1682
1308 1094
1728 1002
1741 1593
134 363
478 1871
1556 416
1887 956
1886 459
1626 95
54 1621
781 1375
1760 1541
79 641
1236 647
413 1493
1024 603
686 1858
1462 1099
1494 933
1185 632
431 881
1282 1681
1659 1104
1899 430
1866 246
769 963
233 1157
398 73
1261 1514
530 202
698 408
1370 561
897 1547
96 124
955 545
1859 693
843 552
561 1668
1075 12
199 1731
1552 1468
1095 971
1615 1124
541 395
1958 1940
1045 1423
470 1776
640 817
1241 725
21 268
1955 783
1208 1179
645 17
458 340
735 615
1300 1421
1900 755
1072 94
953 123
269 1576
183 789
1537 1063
1241 725
26 1821
1029 510
830 1610
1851 1054
124 1797
1419 1489
395 818
1887 956
711 492
662 1698
1647 379
1650 1578
1958 1940
830 1610
1318 271
255 317
768 894
146 1849
1449 486
668 1380
788 439
854 287
159 947
1254 1910
1638 467
1060 753
1183 1121
1818 1779
1077 1654
353 352
1325 475
584 579
471 1553
18 470
1428 924
1481 584
1207 1230
6 1877
1330 633
546 51
266 1442
1491 779
1503 1607
343 1837
1788 677
159 947
1716 685
335 5
1157 1191
1936 1280
1447 590
1344 1542
1131 256
1397 364
10 1024
601 1006
1846 1782
365 356
227 1207
1109 948
1280 30
589 89
1148 943
835 1395
96 124
1860 1045
1360 1745
955 545
436 862
1733 1987
1110 1015
327 1644
122 130
629 681
1731 447
1852 990
990 586
1792 97
739 1574
790 147
1738 303
1924 1377
819 1460
816 794
1636 1872
763 1059
1804 1481
657 2000
1437 1454
343 1837
206 1182
1309 1151
1056 874
1844 1378
891 1343
1084 1994
255 317
1306 1264
450 788
1316 1988
19 543
710 1549
261 929
978 334
1770 1866
12 244
1062 415
224 213
954 1600
1500 1522
465 1611
382 1625
301 986
1371 1943
1570 1154
1137 1561
1362 1556
505 276
227 1207
498 1304
1784 1128
1952 1716
626 1447
396 1997
1401 368
807 313
94 500
147 686
1135 1289
274 1181
1713 145
1526 374
692 613
3 604
562 642
1976 165
546 51
1866 246
1886 459
27 1761
1885 1497
1678 99
850 1587
635 1652
1546 883
1000 1896
702 1544
329 1974
465 1611
613 1439
1254 1910
1473 1433
539 1582
573 1833
554 1272
1956 673
1798 394
1562 1801
1166 844
1054 1537
805 376
1647 379
1348 1328
403 1135
784 1936
1820 1741
279 1903
1760 1541
420 1334
1117 748
602 849
1578 136
1531 1187
1193 1686
1641 1904
908 785
355 1724
4 1288
425 1508
174 721
258 1435
439 411
269 1576
948 1946
1383 1595
146 1849
835 1395
136 568
140 689
1849 513
648 308
500 1204
1691 1878
1654 156
1088 1816
604 1081
555 1832
217 129
1183 1121
1200 1531
210 78
622 915
1662 77
1982 266
830 1610
270 1172
949 1525
1354 965
1550 1274
13 1095
1218 722
175 1357
292 217
932 830
1122 1090
1365 473
937 175
521 1450
1689 1210
1148 943
153 151
1506 1788
1622 1961
1472 537
1215 353
1384 1809
620 1799
1313 40
1455 1783
609 1978
754 1119
1954 557
1969 1410
1776 64
1603 3
121 720
1382 945
1150 506
1777 264
635 1652
1349 1614
1966 1138
367 75
734 630
1088 1816
71 873
913 843
512 1960
891 1343
74 122
109 799
1177 1705
1245 1932
886 117
1678 99
697 362
1326 861
94 500
1222 1687
1167 1624
678 923
38 820
674 1250
1913 1844
1067 852
1227 1815
436 862
999 1645
207 1448
1596 940
73 47
983 1120
644 238
1388 163
742 189
1616 564
682 638
1630 1333
103 815
714 33
428 185
151 791
862 809
1705 991
1170 1355
516 1420
1316 1988
1259 1262
358 683
45 292
791 607
1872 1058
1414 1281
249 706
1308 1094
29 56
245 1730
994 76
465 1611
1015 1602
46 985
1153 1115
1106 709
1907 1666
1558 312
139 1538
1769 250
81 402
1432 234
1831 456
1484 891
1036 1560
1498 1931
740 1928
1373 691
42 732
1217 503
900 454
639 1436
1704 31
1291 1781
649 1195
1147 1774
75 1545
1716 685
486 1915
100 1676
20 529
1066 601
1267 1445
1881 309
164 225
778 1828
114 1916
1039 1905
1522 1660
972 1387
558 464
1481 584
1808 1820
144 61
1467 1924
910 1464
440 1430
103 815
277 1742
1555 1985
794 811
103 815
987 1920
3 604
1353 1629
277 1742
1047 1301
411 1546
354 1991
1061 426
853 1773
249 706
498 1304
1292 757
684 1941
1711 1906
772 14
686 1858
1691 1878
1899 430
1201 1589
1413 1061
1860 1045
626 1447
929 1275
1090 1811
451 1170
419 1427
297 544
1344 1542
1989 1486
1935 1517
400 831
944 1144
676 273
1740 1311
1749 695
935 1964
1963 602
238 955
393 223
1739 746
1752 1041
1513 1552
964 1944
351 863
1407 403
1856 133
814 1452
137 792
985 180
140 689
611 248
910 1464
1738 303
640 817
33 1472
1285 375
782 39
316 1285
125 81
1001 1626
1339 1868
381 1075
978 334
1639 949
570 1342
897 1547
505 276
965 1141
1109 948
1954 557
1315 1233
1856 133
393 223
1014 1848
1407 403
771 804
1623 616
2000 1683
1491 779
1017 1879
1331 1606
141 1476
845 258
221 821
355 1724
1369 776
1583 20
635 1652
888 67
1802 390
565 1376
805 376
1977 877
442 1465
639 1436
121 720
1579 1011
1114 1425
476 102
825 1617
469 1684
1863 1393
1795 932
1518 481
1063 172
494 1790
1986 734
1251 1675
953 123
682 638
714 33
1190 1422
1960 460
66 433
617 1703
1143 1601
1083 1704
1559 1136
137 792
1784 1128
688 53
956 111
527 803
33 1472
1562 1801
1814 63
1589 656
163 1657
994 76
1232 1883
138 988
1122 1090
1468 311
1713 145
1409 723
486 1915
1118 302
1231 431
1266 1895
647 371
1650 1578
604 1081
633 726
905 437
683 1369
1924 1377
337 1309
1265 805
98 864
1027 644
1437 1454
1038 1446
1197 1069
1397 364
1892 1409
1115 1914
1345 1555
971 1365
939 625
162 621
1204 979
1848 168
1189 68
171 1721
1581 1505
462 474
1295 655
85 1245
1242 1727
792 596
1754 1504
1694 845
366 525
1888 1
1050 80
820 493
1918 1958
976 889
1469 897
1256 383
1078 1935
878 588
458 340
818 1424
219 1608
1902 608
484 735
1923 840
865 83
563 736
714 33
1771 1888
1688 672
1181 1859
816 794
689 341
206 1182
134 363
1842 233
873 1550
1456 281
951 1594
1549 425
899 318
1694 845
179 690
1911 667
1448 505
691 1003
826 4
641 1419
293 1688
869 1526
318 338
1877 1212
1409 723
57 773
1 436
563 736
1856 133
65 1973
1314 1335
1382 945
688 53
850 1587
634 247
299 743
1449 486
1720 197
13 1095
269 1576
895 1087
1805 1254
1979 1672
1648 1386
795 1480
1592 899
895 1087
1332 1261
20 529
1102 1841
1024 603
1973 657
487 546
1464 1930
487 546
473 1084
163 1657
1032 507
583 1772
1984 1160
1904 350
956 111
695 414
535 1276
676 273
1965 1055
1459 1765
1096 968
1165 1127
748 1908
888 67
1853 1474
98 864
492 969
1211 903
1543 1638
958 585
1150 506
823 909
1329 209
86 1300
928 812
515 249
1675 468
477 1708
1668 351
26 1821
1956 673
735 615
26 1821
1099 110
1278 885
790 147
686 1858
1896 541
314 1362
90 1140
794 811
1779 195
1024 603
359 1519
373 1263
38 820
1228 1167
1662 77
408 1408
1979 1672
1930 1317
1095 971
303 1388
1725 865
1487 1580
13 1095
653 1418
1181 1859
120 1110
354 1991
1002 1738
6 1877
1575 1432
951 1594
185 153
1519 1922
464 367
1049 1647
1003 370
891 1343
1574 551
1813 623
650 1076
793 1000
1719 526
1409 723
181 272
846 396
1327 1948
1785 664
1620 855
445 128
628 1279
174 721
95 1370
429 1747
709 558
557 563
1592 899
184 1513
297 544
171 1721
413 1493
1499 391
945 1329
674 1250
1108 718
877 531
1903 649
1165 1127
580 324
844 1969
54 1621
926 954
1094 1293
739 1574
919 1786
969 1986
1327 1948
40 1156
848 1616
395 818
1919 1266
293 1688
1646 1771
1082 731
534 538
407 1984
787 850
675 463
1948 1162
1924 1377
1310 1976
1702 92
989 796
968 1875
705 528
1174 1938
1155 780
335 5
428 185
370 774
541 395
1117 748
439 411
1735 1714
580 324
260 997
300 87
109 799
1627 1996
1862 981
429 1747
1296 1692
44 69
727 1056
862 809
1488 50
1079 900
961 618
862 809
739 1574
1592 899
1535 1184
1859 693
1832 125
1535 1184
1609 127
692 613
1040 1575
415 1253
1625 1258
1464 1930
837 562
460 485
640 817
1364 829
1516 489
1368 1524
1092 355
1385 226
436 862
1849 513
1231 431
136 568
1678 99
23 207
602 849
1810 1981
386 1146
1268 1269
1669 1007
1418 835
256 1952
1784 1128
1525 478
1034 714
1817 636
553 1383
1187 771
482 1592
1800 259
976 889
670 495
1926 1529
543 1806
1736 35
325 1989
101 1955
1783 908
996 1352
418 435
1448 505
1501 1346
1148 943
1220 86
1671 455
1523 532
1955 783
321 88
1020 1685
97 289
720 1623
1740 1311
1682 1768
527 803
1349 1614
1771 1888
663 1818
1946 938
442 1465
1851 1054
1268 1269
1237 989
601 1006
163 1657
407 1984
1148 943
424 1356
55 548
1404 174
628 1279
1286 477
224 213
831 759
26 1821
503 296
969 1986
1415 676
1207 1230
20 529
760 1471
164 225
440 1430
1493 190
1964 458
1391 1032
600 983
993 1248
1675 468
810 245
920 1520
212 918
1721 1909
234 1307
462 474
223 650
228 169
1074 1116
1249 781
1251 1675
1361 1630
224 213
660 582
660 582
1966 1138
1837 559
420 1334
153 151
1186 1009
550 1543
120 1110
374 609
862 809
1230 1563
1230 1563
608 504
1194 428
1751 1599
984 282
669 951
472 46
329 1974
1226 44
127 1188
895 1087
1671 455
774 713
280 654
559 807
1706 55
310 1615
176 1005
575 1959
1902 608
860 814
1998 1656
354 1991
104 1490
1318 271
441 1539
1454 798
456 210
992 1518
1116 290
727 1056
21 268
1774 927
205 1164
1094 1293
1035 1913
794 811
1395 1093
308 600
503 296
719 1017
396 1997
1257 1130
492 969
890 480
1271 1573
723 1134
244 1829
256 1952
1370 561
1052 1053
404 1847
1409 723
341 827
458 340
540 441
1535 1184
1489 1677
452 1070
742 189
527 803
414 1669
1072 94
1686 215
98 864
839 336
491 275
1829 1482
243 1680
373 1263
1601 1778
971 1365
240 858
1657 60
136 568
660 582
1396 345
1449 486
1724 879
1277 323
1495 866
495 1021
1400 556
780 920
786 1319
331 285
1304 1194
163 1657
992 1518
692 613
1579 1011
1470 1840
1105 952
1973 657
1134 1298
782 39
1895 393
605 1619
899 318
765 1231
1371 1943
1286 477
1790 462
729 22
1353 1629
1266 1895
38 820
1700 1702
451 1170
479 1064
1788 677
587 331
1909 1129
51 1795
700 1982
587 331
1280 30
320 936
1959 1208
1887 956
500 1204
1877 1212
1204 979
1155 780
1517 1166
953 123
174 721
578 361
1436 733
138 988
628 1279
1938 1950
1238 1314
1815 1956
1266 1895
186 291
749 640
1582 782
1288 358
1250 1583
1663 508
1721 1909
998 1633
267 795
151 791
1600 1893
1566 410
1858 422
471 1553
1379 1787
1834 922
362 240
914 1283
580 324
46 985
211 1398
1393 204
3 604
190 453
1693 663
77 170
1907 1666
1984 1160
704 1971
1324 449
785 45
1420 357
1775 278
221 821
444 304
700 1982
633 726
1750 808
1162 763
849 611
1829 1482
264 1456
757 876
358 683
1672 1792
455 1766
1283 534
349 752
134 363
673 790
1661 1970
1261 1514
1522 1660
548 1968
628 1279
1514 1340
1606 28
112 1163
1357 10
949 1525
1713 145
661 241
574 152
1439 476
648 308
872 1321
1447 590
618 1695
588 146
1692 1889
972 1387
1556 416
760 1471
1890 1385
1960 460
1269 1183
1849 513
1706 55
561 1668
1495 866
1660 1483
1595 407
1828 1759
928 812
677 1492
1120 1653
1853 1474
48 895
840 32
1954 557
1195 450
428 185
1386 1350
414 1669
107 1302
1821 777
1159 694
748 1908
1097 1291
1898 219
59 999
101 1955
508 1260
195 339
743 797
1568 283
741 173
1775 278
1222 1687
1955 783
767 890
1337 1165
922 914
1921 286
1914 1057
1569 1853
1104 186
1833 699
1620 855
598 1026
1941 314
1706 55
660 582
287 907
1195 450
976 889
438 2
1919 1266
56 1827
1597 1999
1852 990
1493 190
1349 1614
1643 702
1520 747
869 1526
794 811
449 293
1222 1687
219 1608
84 719
261 929
1718 1044
731 107
926 954
1849 513
415 1253
56 1827
1541 535
950 703
696 1812
241 751
1305 1341
273 1273
1471 1894
979 1839
1732 1060
988 154
47 1697
474 1073
153 151
1117 748
1995 267
513 697
277 1742
958 585
1338 555
142 34
1398 143
561 1668
1800 259
1072 94
1800 259
319 398
924 1426
357 1628
1798 394
505 276
1394 1178
8 429
546 51
1205 1838
1832 125
1401 368
606 857
1196 262
1305 1341
1088 1816
899 318
1418 835
266 1442
471 1553
737 930
340 1521
723 1134
1632 1155
1032 507
1119 1967
759 737
1346 678
1142 1349
1162 763
1091 1413
1336 159
1628 70
1606 28
40 1156
894 121
281 1739
301 986
197 1723
288 1197
720 1623
1373 691
799 838
1761 322
1496 131
1198 1033
187 1176
1195 450
244 1829
1740 1311
1783 908
1794 1963
451 1170
499 1400
521 1450
1777 264
1186 1009
1577 1926
295 1295
1617 1763
923 284
90 1140
270 1172
118 1028
1972 1737
550 1543
26 1821
243 1680
1012 1065
1459 1765
1056 874
953 123
1186 1009
1849 513
595 1145
1337 1165
1700 1702
1007 79
1046 252
934 1689
74 122
1428 924
314 1362
1693 663
1226 44
1511 1200
1839 1527
1902 608
330 178
382 1625
1408 1108
480 711
719 1017
1464 1930
193 382
1404 174
311 118
1318 271
1757 1085
290 624
759 737
1723 1287
1126 157
325 1989
1579 1011
1581 1505
432 41
882 1597
38 820
1746 1339
1419 1489
1243 105
1307 1777
1914 1057
1226 44
884 1632
204 1966
302 978
1904 350
1555 1985
47 1697
408 1408
1347 109
1141 208
1887 956
130 1083
1419 1489
1778 1453
993 1248
886 117
378 1567
1774 927
538 659
911 205
585 1216
440 1430
161 1237
838 321
745 255
552 142
195 339
12 244
488 54
1375 1719
1818 1779
319 398
1224 893
1436 733
968 1875
665 1591
1171 1867
1403 1736
107 1302
1773 237
1412 1636
1548 1846
1553 646
1694 845
489 523
1404 174
1337 1165
1308 1094
1611 766
273 1273
1203 1752
917 386
1351 1937
359 1519
1273 1366
722 1189
864 161
1299 1891
1643 702
776 421
568 679
643 298
1599 1048
123 23
716 645
171 1721
36 594
1504 575
1097 1291
191 1769
1152 1836
640 817
326 628
1264 1564
946 813
573 1833
823 909
231 1917
869 1526
1499 391
1348 1328
324 354
309 1161
920 1520
1137 1561
1783 908
1068 66
1123 1588
951 1594
1457 84
1694 845
1370 561
1746 1339
808 384
1724 879
984 282
633 726
1759 182
483 1869
666 1323
1296 1692
1689 1210
1669 1007
1182 1315
1003 370
405 1622
1724 879
1559 1136
370 774
1425 522
184 1513
547 593
342 1729
1005 517
1766 1674
1691 1878
953 123
699 1198
475 1803
295 1295
476 102
1736 35
1825 1709
645 17
546 51
1422 1506
53 1874
622 915
428 185
779 1873
888 67
1806 251
723 1134
1340 928
476 102
1783 908
1390 85
1545 1096
1682 1768
408 1408
242 1923
490 892
1494 933
1322 1218
1957 987
821 222
1404 174
757 876
1686 215
374 609
1040 1575
391 1043
1162 763
1796 385
1741 1593
1983 565
1054 1537
154 1303
602 849
616 1819
1204 979
49 614
362 240
1305 1341
307 680
1503 1607
524 996
699 1198
1800 259
545 192
899 318
597 833
49 614
1982 266
125 81
19 543
1773 237
189 270
1121 1634
1096 968
659 768
1138 231
1160 150
1466 1186
627 106
824 1180
1659 1104
1699 993
1829 1482
1970 1414
45 292
1248 1927
547 593
1740 1311
351 863
602 849
1194 428
183 789
404 1847
297 544
1961 1046
1981 1530
1010 1691
765 1231
1056 874
1688 672
827 346
1280 30
274 1181
1180 1728
203 420
237 1310
991 1990
465 1611
16 1710
70 1618
1762 1219
112 1163
448 59
451 1170
364 998
376 839
872 1321
60 1440
493 599
1670 201
1983 565
382 1625
419 1427
141 1476
173 509
1651 1158
1290 975
835 1395
1072 94
1986 734
1527 1825
1117 748
1039 1905
949 1525
1019 232
1204 979
1461 413
359 1519
1725 865
1769 250
1996 1918
1579 1011
1603 3
1383 1595
1499 391
1708 1202
744 21
1636 1872
34 1534
1232 1883
1940 369
402 1029
812 1220
1860 1045
1044 684
139 1538
1148 943
635 1652
1927 1785
817 1458
751 1557
1192 1495
1885 1497
1664 7
714 33
207 1448
598 1026
661 241
361 96
1282 1681
984 282
300 87
378 1567
782 39
651 939
735 615
1110 1015
682 638
1566 410
1295 655
1395 1093
381 1075
40 1156
1822 591
390 74
913 843
1810 1981
920 1520
1498 1931
212 918
1808 1820
919 1786
1024 603
1193 1686
1188 196
343 1837
810 245
1273 1366
728 660
1000 1896
543 1806
65 1973
744 21
747 1642
1942 469
277 1742
1140 569
813 1265
1161 1673
823 909
1190 1422
919 1786
761 1743
288 1197
1002 1738
269 1576
207 1448
896 1749
11 1031
734 630
1013 880
1154 144
1683 1467
828 1596
220 1807
1629 1122
300 87
1557 1324
1194 428
925 115
69 639
1005 517
1128 701
798 158
1124 887
184 1513
244 1829
786 1319
1029 510
58 1244
901 1478
746 1399
20 529
1317 826
1413 1061
1538 1373
1026 1569
1788 677
1367 1605
1995 267
645 17
747 1642
1346 678
1448 505
895 1087
998 1633
1798 394
1098 842
1239 400
1816 578
1762 1219
1734 221
1866 246
659 768
98 864
706 872
467 1554
1691 1878
267 795
1208 1179
1951 871
86 1300
1261 1514
1875 1463
669 951
479 1064
704 1971
1255 1469
116 882
574 152
472 46
1565 52
355 1724
813 1265
33 1472
172 1109
1223 1306
1908 1271
1211 903
1051 471
252 1193
493 599
389 1203
1814 63
1674 856
865 83
1786 387
437 300
1566 410
1487 1580
1850 71
1949 404
1111 188
228 169
957 801
1158 715
1670 201
565 1376
918 886
18 470
242 1923
420 1334
452 1070
1942 469
100 1676
1773 237
374 609
1462 1099
800 497
1304 1194
1716 685
829 670
1112 443
1920 1798
169 1882
854 287
1642 1296
1294 1292
805 376
1740 1311
493 599
1684 1921
1796 385
1765 1863
71 873
934 1689
1113 1484
769 963
1697 533
1340 928
1411 260
829 670
1834 922
1865 1899
541 395
554 1272
180 1817
1559 1136
662 1698
1971 1036
1306 1264
577 606
1695 1316
2000 1683
824 1180
319 398
1645 1784
1382 945
970 1404
1047 1301
47 1697
1344 1542
10 1024
1610 1313
1748 828
1055 1257
8 429
610 484
922 914
325 1989
1711 1906
248 620
1462 1099
816 794
1767 1429
281 1739
885 758
1907 1666
1134 1298
570 1342
1082 731
1089 1320
677 1492
1655 925
995 1246
249 706
1262 1746
1887 956
1176 675
1978 349
1346 678
1267 1445
1668 351
1841 1699
880 120
1133 1351
468 637
375 1826
791 607
1744 744
1288 358
1443 1516
324 354
156 1102
480 711
1870 1655
1169 576
1751 1599
1454 798
1213 1744
137 792
1130 1488
872 1321
1311 1933
1625 1258
9 1579
1978 349
350 942
1525 478
1529 878
1170 1355
419 1427
885 758
1151 595
268 1118
1502 1023
1971 1036
1666 112
1093 1091
636 1851
1468 311
1523 532
351 863
1107 1793
898 572
140 689
327 1644
759 737
1603 3
317 1082
825 1617
6 1877
1693 663
1016 332
209 946
892 1661
967 1805
962 589
1710 423
788 439
102 729
484 735
1387 101
1394 1178
1748 828
234 1307
1402 1690
1980 1224
1196 262
1802 390
282 793
580 324
310 1615
401 1726
349 752
619 652
1368 1524
1560 740
54 1621
1096 968
202 1631
36 594
1081 994
294 617
932 830
779 1873
1689 1210
1730 1437
857 1363
494 1790
1456 281
1030 1337
569 1105
1090 1811
1625 1258
1268 1269
860 814
507 539
599 18
1293 419
1534 418
1540 739
718 1125
1833 699
1627 1996
37 72
376 839
203 420
1377 1012
1701 674
290 624
29 56
979 1839
666 1323
1754 1504
1071 337
1247 26
719 1017
1454 798
173 509
1396 345
97 289
1478 698
378 1567
29 56
29 56
915 193
1758 1438
677 1492
1743 15
1620 855
1211 903
409 406
997 627
839 336
1995 267
80 224
204 1966
1447 590
659 768
1589 656
537 1586
1837 559
1087 405
1219 1671
1663 508
1948 1162
1704 31
35 137
91 1103
375 1826
1111 188
1125 1137
727 1056
1432 234
269 1576
1891 514
521 1450
108 1865
887 1256
1405 1159
409 406
611 248
797 1902
1502 1023
1575 1432
1356 1278
139 1538
1068 66
535 1276
976 889
791 607
370 774
1546 883
1449 486
1665 520
1356 1278
1491 779
1750 808
1227 1815
1068 66
1833 699
1196 262
1613 194
1114 1425
324 354
162 621
1611 766
1046 252
101 1955
1541 535
808 384
586 1374
1497 138
100 1676
1607 1360
346 359
31 1277
425 1508
9 1579
713 1417
148 1247
763 1059
1637 1722
975 1049
1277 323
1223 1306
1409 723
1896 541
1743 15
669 951
1948 1162
1079 900
390 74
23 207
84 719
1131 256
574 152
1197 1069
1469 897
1759 182
1138 231
1733 1987
1595 407
1297 770
1786 387
145 388
1346 678
1193 1686
1419 1489
1316 1988
506 140
80 224
1701 674
29 56
1184 750
1417 1822
1142 1349
1196 262
1918 1958
119 1459
1301 1536
945 1329
18 470
87 206
1878 1748
808 384
344 710
1830 1117
363 1148
1600 1893
1253 1389
1166 844
234 1307
798 158
1812 1010
420 1334
430 438
839 336
812 1220
2000 1683
1264 1564
1708 1202
1186 1009
940 1975
1233 1750
1363 554
1829 1482
1068 66
1660 1483
713 1417
1212 36
694 1532
17 1864
1152 1836
1670 201
1832 125
413 1493
916 941
1048 9
1591 764
156 1102
1934 1441
52 705
1977 877
1894 1284
1011 465
1831 456
1632 1155
1092 355
1513 1552
1565 52
1654 156
1452 769
102 729
747 1642
1213 1744
746 1399
534 538
323 1332
1902 608
1197 1069
1212 36
940 1975
369 1718
1197 1069
1224 893
241 751
681 1791
393 223
1854 1344
1305 1341
269 1576
1905 183
704 1971
1948 1162
838 321
739 1574
122 130
1170 1355
1061 426
697 362
369 1718
862 809
462 474
967 1805
464 367
1799 587
589 89
1049 1647
1078 1935
624 427
1096 968
30 1174
1953 483
1845 1862
907 745
356 176
1823 1405
1975 135
575 1959
437 300
1889 380
492 969
1810 1981
461 381
524 996
422 716
1701 674
1547 1898
685 944
1962 1565
911 205
926 954
328 1757
1359 113
888 67
18 470
1592 899
604 1081
626 1447
1288 358
1704 31
557 563
959 1804
1958 1940
1274 612
1144 668
1554 1485
180 1817
1682 1768
620 1799
1726 1211
704 1971
1009 902
794 811
1569 1853
511 1251
1578 136
1542 329
1453 662
1094 1293
918 886
766 512
1213 1744
397 1241
1472 537
1563 1533
537 1586
1600 1893
1323 1215
960 1206
249 706
1180 1728
1488 50
1959 1208
678 923
613 1439
1827 581
453 230
1058 305
1975 135
274 1181
486 1915
1719 526
1785 664
1673 870
1092 355
1020 1685
440 1430
261 929
1305 1341
1155 780
1122 1090
1018 1842
195 339
1168 1720
355 1724
1334 1947
526 1998
541 395
1289 1515
1528 1834
281 1739
1483 837
608 504
1938 1950
1069 1416
118 1028
996 1352
1790 462
690 553
1587 1455
620 1799
586 1374
1858 422
444 304
237 1310
354 1991
1055 1257
937 175
1824 1659
184 1513
435 574
194 263
1266 1895
711 492
1099 110
1466 1186
777 784
1476 360
652 1255
1111 188
70 1618
1940 369
1236 647
813 1265
1387 101
116 882
488 54
363 1148
1320 1391
1364 829
1741 1593
1446 1977
303 1388
1635 1112
188 1361
465 1611
189 270
143 1641
1753 1830
280 654
1999 549
567 132
270 1172
315 1881
780 920
1437 1454
849 611
919 1786
1671 455
128 1018
31 1277
1486 511
1615 1124
868 1649
1408 1108
1172 1088
246 1585
225 310
1610 1313
1385 226
533 1919
137 792
1731 447
411 1546
1788 677
1550 1274
1518 481
1239 400
1176 675
155 149
754 1119
98 864
1109 948
342 1729
1591 764
1287 825
1757 1085
1437 1454
551 1150
1450 171
1912 901
1882 1850
929 1275
1961 1046
1470 1840
1973 657
1942 469
8 429
1452 769
1822 591
1235 910
76 434
1506 1788
63 8
1005 517
1756 1598
1423 134
527 803
1088 1816
296 960
935 1964
1008 307
1771 1888
1674 856
1546 883
835 1395
637 316
770 48
1457 84
1468 311
1024 603
18 470
157 911
1506 1788
1984 1160
1313 40
518 228
696 1812
1449 486
602 849
1184 750
1613 194
553 1383
251 326
239 786
200 816
1269 1183
757 876
1321 1477
146 1849
516 1420
1439 476
1921 286
1658 1843
1300 1421
758 1415
269 1576
1574 551
1731 447
1792 97
1611 766
792 596
1606 28
207 1448
1068 66
1915 1715
1870 1655
1500 1522
877 531
1146 1397
524 996
596 1734
1818 1779
1376 530
1132 1571
1642 1296
1950 1620
606 857
1036 1560
501 728
1862 981
328 1757
433 824
1920 1798
354 1991
1700 1702
1482 984
269 1576
526 1998
1592 899
1083 1704
24 524
1536 1511
1056 874
1134 1298
68 802
4 1288
723 1134
113 822
1459 1765
869 1526
1619 1572
941 1613
647 371
1865 1899
1048 9
1060 753
1008 307
472 46
664 1294
127 1188
579 1694
814 1452
1959 1208
74 122
1549 425
1082 731
240 858
822 1648
884 1632
1998 1656
634 247
59 999
1884 1047
1483 837
580 324
419 1427
506 140
1423 134
1864 896
239 786
1700 1702
169 1882
671 1667
253 1470
217 129
160 970
493 599
113 822
1723 1287
187 1176
1496 131
881 727
261 929
297 544
325 1989
347 567
288 1197
1949 404
187 1176
246 1585
1418 835
749 640
1110 1015
127 1188
1642 1296
839 336
1536 1511
1043 917
1718 1044
191 1769
1084 1994
1809 19
1069 1416
1891 514
1385 226
537 1586
1773 237
531 1192
1629 1122
11 1031
1214 1646
1532 1562
1757 1085
789 1173
826 4
1972 1737
621 1559
700 1982
605 1619
425 1508
502 29
1813 623
1121 1634
1814 63
685 944
1972 1737
1973 657
1421 1824
17 1864
313 1234
742 189
1187 771
749 640
4 1288
1899 430
1049 1647
428 185
586 1374
301 986
307 680
1682 1768
1259 1262
1482 984
1737 775
1805 1254
1713 145
1168 1720
766 512
1295 655
973 37
677 1492
1903 649
1799 587
268 1118
41 1813
698 408
1365 473
1106 709
1335 629
29 56
304 1528
1240 11
169 1882
325 1989
982 1800
1600 1893
330 178
565 1376
1621 515
1767 1429
1537 1063
408 1408
714 33
1816 578
741 173
805 376
1367 1605
1608 1037
544 959
421 1372
1284 1359
1767 1429
1652 800
1386 1350
1244 1503
131 658
754 1119
235 1098
987 1920
1660 1483
1086 1540
1117 748
35 137
881 727
279 1903
171 1721
973 37
1645 1784
601 1006
1623 616
79 641
679 1238
1229 496
910 1464
144 61
295 1295
817 1458
1834 922
249 706
1682 1768
1221 139
1956 673
296 960
98 864
1043 917
298 1451
716 645
607 1701
376 839
1081 994
718 1125
1855 527
1098 842
529 905
1862 981
1962 1565
551 1150
913 843
914 1283
1808 1820
392 1228
455 1766
1873 1717
148 1247
1433 1406
951 1594
723 1134
121 720
310 1615
911 205
1839 1527
1225 1535
1253 1389
172 1109
1966 1138
600 983
338 916
391 1043
564 966
389 1203
796 1407
1363 554
285 494
254 1753
1481 584
1092 355
1950 1620
1797 913
1528 1834
196 580
346 359
873 1550
1715 1394
1380 1640
581 1149
1093 1091
989 796
338 916
865 83
223 650
67 972
1884 1047
321 88
1836 542
340 1521
1502 1023
1561 1584
1865 1899
288 1197
1697 533
358 683
1544 348
1318 271
1717 1929
1253 1389
1012 1065
1899 430
236 378
743 797
1349 1614
337 1309
589 89
114 1916
552 142
1468 311
355 1724
1115 1914
902 1412
202 1631
322 921
1278 885
654 1885
1966 1138
609 1978
604 1081
1083 1704
925 115
786 1319
458 340
1463 366
530 202
1447 590
661 241
1571 1175
1023 461
985 180
1085 847
1909 1129
674 1250
447 399
990 586
1611 766
1649 1392
519 1682
1742 1581
189 270
257 446
343 1837
1822 591
1939 1401
1201 1589
938 1190
1243 105
49 614
1822 591
1774 927
271 1754
1588 343
1412 1636
255 317
908 785
772 14
1194 428
1829 1482
599 18
1784 1128
541 395
1045 1423
1738 303
1015 1602
1779 195
394 299
1900 755
236 378
384 432
1885 1497
941 1613
637 316
1836 542
640 817
1117 748
1538 1373
1705 991
799 838
566 257
1401 368
724 1411
1942 469
810 245
1057 91
358 683
1699 993
1045 1423
527 803
908 785
1765 1863
1212 36
376 839
1141 208
1746 1339
1814 63
859 269
195 339
1699 993
1195 450
1593 200
950 703
1646 1771
972 1387
961 618
1592 899
955 545
1437 1454
1233 1750
1920 1798
1688 672
488 54
212 918
471 1553
234 1307
1472 537
907 745
1947 950
1168 1720
409 406
1060 753
1033 392
719 1017
1531 1187
1172 1088
1898 219
425 1508
1741 1593
922 914
978 334
1320 1391
235 1098
1910 93
159 947
334 1887
293 1688
463 1267
1611 766
1056 874
1807 1725
1969 1410
449 293
496 1802
448 59
801 1696
1285 375
257 446
1052 1053
627 106
1611 766
909 1449
1413 1061
959 1804
62 1229
267 795
655 888
435 574
1832 125
208 1428
858 724
370 774
1226 44
1440 227
585 1216
1420 357
954 1600
776 421
1223 1306
1195 450
765 1231
1962 1565
1027 644
1599 1048
23 207
1967 155
607 1701
1135 1289
1274 612
505 276
135 342
1608 1037
1358 692
792 596
365 356
142 34
1543 1638
1530 1382
1070 851
1072 94
1944 1789
129 1658
1126 157
1757 1085
1186 1009
675 463
1855 527
1795 932
1645 1784
1842 233
1281 1577
402 1029
1679 1770
829 670
953 123
379 389
1832 125
1046 252
1868 982
484 735
477 1708
688 53
934 1689
1469 897
472 46
1261 1514
1124 887
1770 1866
453 230
1262 1746
620 1799
1827 581
1000 1896
297 544
356 176
836 372
545 192
590 566
783 518
108 1865
1547 1898
669 951
894 121
1022 1270
1362 1556
1748 828
1595 407
1418 835
1951 871
748 1908
760 1471
398 73
1197 1069
725 1381
1290 975
1957 987
1622 1961
135 342
1227 1815
1260 912
1081 994
1419 1489
1812 1010
758 1415
342 1729
1995 267
1144 668
732 540
399 1590
991 1990
249 706
215 1022
1889 380
1159 694
942 417
391 1043
1275 762
1949 404
1120 1653
1629 1122
937 175
863 1500
944 1144
679 1238
1296 1692
693 1845
1207 1230
1565 52
301 986
1962 1565
1626 95
831 759
1172 1088
885 758
708 82
713 1417
93 1126
440 1430
148 1247
97 289
1474 738
1790 462
832 1358
649 1195
1112 443
1258 1290
1848 168
1878 1748
974 409
1371 1943
1416 1501
1799 587
471 1553
1055 1257
383 1042
976 889
1542 329
1746 1339
1165 1127
1426 1603
257 446
1436 733
1669 1007
72 1209
228 169
1927 1785
265 995
1635 1112
1968 1252
1837 559
1903 649
1420 357
1353 1629
386 1146
727 1056
617 1703
1009 902
618 1695
1267 1445
1699 993
1664 7
1178 810
1380 1640
1165 1127
1057 91
613 1439
658 1196
1970 1414
442 1465
1485 1751
1471 1894
1562 1801
1417 1822
869 1526
100 1676
1018 1842
715 444
1696 1336
182 577
625 898
1324 449
1638 467
97 289
470 1776
1734 221
873 1550
387 13
1989 1486
1736 35
1742 1581
559 807
63 8
791 607
1107 1793
304 1528
1155 780
1552 1468
1964 458
1076 976
1120 1653
1004 1884
1888 1
199 1731
942 417
399 1590
793 1000
1591 764
1394 1178
1883 498
310 1615
865 83
1840 1479
1322 1218
1205 1838
1752 1041
651 939
522 1225
1984 1160
1026 1569
1801 1243
192 536
1449 486
934 1689
1294 1292
757 876
1655 925
1749 695
850 1587
292 217
1088 1816
1154 144
132 1457
250 1153
1550 1274
1211 903
1507 1354
513 697
718 1125
1845 1862
1019 232
1396 345
1207 1230
1025 1767
621 1559
979 1839
312 58
930 836
1643 702
460 485
23 207
645 17
139 1538
1774 927
1049 1647
241 751
717 1384
1404 174
261 929
1112 443
1130 1488
1889 380
1195 450
118 1028
1589 656
1085 847
314 1362
1113 1484
181 272
119 1459
1596 940
1598 1019
157 911
255 317
948 1946
778 1828
889 696
733 973
1657 60
351 863
164 225
630 277
1319 859
1548 1846
654 1885
1494 933
397 1241
1639 949
320 936
1347 109
1867 643
1318 271
1697 533
367 75
353 352
1306 1264
1099 110
333 1678
882 1597
1982 266
210 78
1728 1002
303 1388
1651 1158
1041 926
862 809
508 1260
1511 1200
1278 885
218 1713
414 1669
1510 754
900 454
1776 64
223 650
837 562
763 1059
573 1833
1003 370
168 1077
1021 906
1472 537
136 568
110 164
1726 1211
409 406
1773 237
224 213
1956 673
756 1232
1941 314
604 1081
1236 647
1738 303
1455 1783
774 713
1143 1601
62 1229
313 1234
284 742
544 959
397 1241
1349 1614
411 1546
1711 1906
1097 1291
1468 311
1314 1335
481 330
1815 1956
16 1710
1227 1815
778 1828
1766 1674
300 87
318 338
1144 668
348 1062
706 872
109 799
29 56
877 531
659 768
1757 1085
254 1753
161 1237
774 713
1677 634
1982 266
549 265
857 1363
1916 1856
106 1114
145 388
1963 602
1601 1778
1731 447
860 814
561 1668
222 1570
230 1925
426 162
1020 1685
332 1732
1806 251
1271 1573
16 1710
329 1974
220 1807
1034 714
352 1491
457 1962
1891 514
1245 1932
209 946
1439 476
739 1574
1821 777
1422 1506
1968 1252
505 276
1219 1671
590 566
489 523
183 789
1486 511
1069 1416
1231 431
1779 195
824 1180
642 320
1917 962
57 773
407 1984
1257 1130
1948 1162
710 1549
1950 1620
1421 1824
606 857
1399 1494
1682 1768
900 454
1776 64
1188 196
144 61
1531 1187
1433 1406
1462 1099
18 470
1704 31
294 617
272 491
1570 1154
466 319
1584 666
386 1146
729 22
763 1059
1566 410
1479 203
1939 1401
1189 68
1138 231
1796 385
815 1347
580 324
465 1611
1100 635
476 102
1157 1191
1009 902
590 566
1410 1027
940 1975
1734 221
1811 333
1238 1314
1227 1815
1839 1527
218 1713
850 1587
161 1237
841 1886
574 152
1814 63
7 1111
248 620
1214 1646
1857 573
542 1854
741 173
1224 893
650 1076
1541 535
365 356
403 1135
1092 355
1636 1872
1054 1537
1674 856
1324 449
1057 91
1913 1844
135 342
584 579
440 1430
210 78
879 1604
759 737
339 1239
1530 1382
1138 231
1006 1222
815 1347
1151 595
1237 989
724 1411
229 958
1384 1809
1099 110
940 1975
1294 1292
1715 1394
1242 1727
777 784
1289 1515
480 711
1796 385
1557 1324
1046 252
1689 1210
692 613
492 969
1155 780
162 621
1532 1562
330 178
902 1412
1174 1938
1738 303
371 712
270 1172
683 1369
1265 805
1956 673
1754 1504
1441 1086
1032 507
1121 1634
1516 489
791 607
1583 20
1198 1033
1253 1389
1298 1016
1091 1413
1688 672
1290 975
572 904
1182 1315
649 1195
1386 1350
81 402
931 126
87 206
606 857
269 1576
357 1628
911 205
1970 1414
248 620
431 881
1684 1921
339 1239
331 285
571 1954
1543 1638
1986 734
1054 1537
1101 1235
1972 1737
1526 374
770 48
475 1803
441 1539
20 529
332 1732
1372 1934
1918 1958
885 758
83 6
1808 1820
1948 1162
239 786
1552 1468
910 1464
776 421
214 451
681 1791
127 1188
1949 404
1093 1091
1340 928
937 175
1622 1961
99 550
1180 1728
1122 1090
1004 1884
900 454
1791 297
686 1858
1708 1202
1091 1413
1865 1899
1112 443
819 1460
46 985
1154 144
1289 1515
798 158
1967 155
1924 1377
390 74
1784 1128
30 1174
1196 262
1007 79
913 843
528 166
412 1020
1418 835
1915 1715
524 996
874 957
1276 1890
1267 1445
90 1140
1601 1778
1900 755
1434 806
114 1916
1987 347
972 1387
1647 379
1738 303
1225 1535
1647 379
661 241
1991 236
1778 1453
402 1029
763 1059
854 287
595 1145
683 1369
1543 1638
1598 1019
182 577
1757 1085
1260 912
1795 932
1299 1891
1639 949
151 791
1654 156
1619 1572
433 824
362 240
1645 1784
1258 1290
192 536
928 812
688 53
1763 1113
164 225
1150 506
253 1470
1318 271
1440 227
150 860
915 193
755 1123
1084 1994
756 1232
1210 1217
540 441
336 1268
130 1083
448 59
952 306
1129 834
1418 835
1985 1143
1639 949
828 1596
1471 1894
367 75
601 1006
1616 564
1888 1
1671 455
1977 877
1307 1777
1844 1378
1967 155
636 1851
384 432
989 796
1447 590
310 1615
1083 1704
1147 1774
1328 43
1490 823
1338 555
1320 1391
770 48
1004 1884
924 1426
967 1805
621 1559
1859 693
527 803
617 1703
133 671
373 1263
1439 476
731 107
1909 1129
1451 631
1126 157
889 696
726 1169
1169 576
1875 1463
333 1678
660 582
40 1156
329 1974
1139 1939
1113 1484
269 1576
1337 1165
949 1525
293 1688
1600 1893
1666 112
1825 1709
525 974
1432 234
913 843
453 230
1663 508
99 550
406 1402
532 181
795 1480
695 414
864 161
136 568
154 1303
1371 1943
429 1747
985 180
814 1452
1646 1771
107 1302
865 83
1524 1308
1944 1789
138 988
129 1658
1971 1036
979 1839
81 402
75 1545
1634 688
1270 501
504 1213
976 889
95 1370
243 1680
281 1739
1986 734
560 1074
1163 38
1678 99
1715 1394
474 1073
234 1307
943 114
285 494
1000 1896
1880 934
1662 77
1226 44
846 396
117 1223
463 1267
403 1135
1768 767
304 1528
1935 1517
169 1882
1488 50
1367 1605
511 1251
1613 194
574 152
1940 369
184 1513
1390 85
1702 92
684 1941
469 1684
1138 231
1384 1809
1307 1777
493 599
1942 469
1743 15
1351 1937
1176 675
283 1912
1545 1096
1087 405
1794 1963
769 963
47 1697
969 1986
1710 423
1130 1488
854 287
580 324
437 300
244 1829
1404 174
851 717
1401 368
970 1404
681 1791
1512 704
1148 943
420 1334
1936 1280
640 817
129 1658
1866 246
1574 551
1235 910
740 1928
1837 559
604 1081
1676 1901
454 177
673 790
1782 516
987 1920
714 33
586 1374
1398 143
4 1288
326 628
965 1141
482 1592
1103 57
729 22
421 1372
1299 1891
111 187
1971 1036
721 700
1117 748
1319 859
363 1148
1365 473
1679 1770
1143 1601
1313 40
1453 662
788 439
270 1172
1119 1967
1554 1485
1493 190
1633 953
1669 1007
378 1567
828 1596
289 487
108 1865
1967 155
1688 672
1192 1495
245 1730
21 268
1867 643
1397 364
1308 1094
111 187
451 1170
1256 383
1030 1337
418 435
1606 28
1193 1686
1008 307
758 1415
258 1435
1876 961
1118 302
1183 1121
632 1665
571 1954
128 1018
1254 1910
690 553
1947 950
420 1334
1012 1065
1980 1224
633 726
588 146
1121 1634
1970 1414
1903 649
1463 366
1474 738
245 1730
1376 530
66 433
1262 1746
1471 1894
934 1689
610 484
493 599
1827 581
101 1955
480 711
587 331
1506 1788
776 421
901 1478
1189 68
758 1415
251 326
1291 1781
158 1475
322 921
678 923
1709 103
808 384
247 1367
1146 1397
400 831
501 728
1999 549
169 1882
108 1865
204 1966
1260 912
383 1042
1723 1287
1530 1382
676 273
1145 1079
1719 526
1367 1605
284 742
1669 1007
481 330
1537 1063
332 1732
667 315
1008 307
876 377
153 151
1034 714
1037 1957
541 395
746 1399
983 1120
779 1873
914 1283
1973 657
98 864
683 1369
1042 1509
1786 387
1463 366
1245 1932
728 660
1307 1777
1039 1905
120 1110
757 876
690 553
809 239
125 81
1026 1569
280 654
632 1665
297 544
897 1547
1812 1010
84 719
714 33
1934 1441
241 751
232 1431
392 1228
380 1078
1656 1071
84 719
1989 1486
872 1321
1755 1147
1455 1783
976 889
538 659
61 592
615 1139
302 978
1788 677
562 642
175 1357
124 1797
692 613
1232 1883
1483 837
991 1990
1132 1571
962 589
1210 1217
802 116
1135 1289
732 540
180 1817
1312 479
78 1951
1498 1931
1955 783
242 1923
328 1757
850 1587
789 1173
1891 514
1141 208
534 538
1433 1406
316 1285
1981 1530
304 1528
781 1375
1043 917
1740 1311
537 1586
934 1689
1240 11
632 1665
936 1461
1676 1901
1106 709
1446 1977
889 696
1314 1335
1287 825
1740 1311
1089 1320
1086 1540
1975 135
1434 806
1067 852
772 14
1661 1970
1424 1712
1093 1091
1146 1397
1950 1620
1237 989
1454 798
1405 1159
1241 725
1594 62
544 959
500 1204
1195 450
905 437
542 1854
407 1984
901 1478
225 310
950 703
377 1911
1367 1605
1144 668
905 437
598 1026
1504 575
801 1696
677 1492
227 1207
1466 1186
768 894
1360 1745
1875 1463
606 857
1788 677
1700 1702
1420 357
1219 1671
1757 1085
1547 1898
1939 1401
1060 753
5 1185
1675 468
1825 1709
436 862
1072 94
459 1434
918 886
813 1265
1353 1629
55 548
1655 925
398 73
54 1621
1293 419
559 807
1314 1335
1403 1736
1471 1894
1195 450
1553 646
1335 629
27 1761
1317 826
565 1376
649 1195
1566 410
755 1123
1355 198
238 955
463 1267
104 1490
1184 750
1943 104
498 1304
1382 945
872 1321
1205 1838
1711 1906
262 1650
1269 1183
728 660
1589 656
752 1942
1773 237
1988 424
818 1424
1324 449
570 1342
334 1887
712 1286
507 539
337 1309
1472 537
1878 1748
1729 191
842 412
1434 806
1176 675
258 1435
779 1873
480 711
1504 575
1346 678
286 1664
729 22
1859 693
256 1952
15 787
669 951
648 308
172 1109
789 1173
1597 1999
1775 278
553 1383
190 453
1299 1891
582 25
1551 27
451 1170
981 992
1945 167
1673 870
182 577
1605 931
1214 1646
1449 486
1105 952
1250 1583
1980 1224
1441 1086
1658 1843
967 1805
407 1984
1360 1745
1971 1036
824 1180
828 1596
1114 1425
1282 1681
1290 975
422 716
1624 1693
1604 448
1395 1093
1940 369
1537 1063
714 33
1907 1666
1535 1184
1773 237
1128 701
153 151
843 552
138 988
1 436
1678 99
1111 188
1029 510
1408 1108
247 1367
629 681
658 1196
163 1657
472 46
384 432
1557 1324
1346 678
1662 77
716 645
295 1295
596 1734
1819 1004
333 1678
97 289
527 803
1863 1393
581 1149
1236 647
1136 1502
827 346
843 552
129 1658
1123 1588
696 1812
1805 1254
321 88
948 1946
1315 1233
1274 612
1121 1634
738 295
341 827
1411 260
1407 403
636 1851
1995 267
1865 1899
1960 460
1240 11
1396 345
406 1402
1435 1133
733 973
940 1975
1243 105
71 873
1379 1787
1339 1868
908 785
320 936
380 1078
174 721
145 388
692 613
908 785
559 807
1386 1350
444 304
276 242
48 895
750 452
1588 343
781 1375
1573 1762
290 624
1596 940
416 1089
942 417
154 1303
653 1418
1411 260
1772 1013
376 839
1566 410
317 1082
209 946
985 180
743 797
177 1466
522 1225
129 1658
568 679
1810 1981
929 1275
1340 928
1021 906
466 319
115 1548
1198 1033
1727 442
1828 1759
1567 301
1393 204
209 946
655 888
365 356
1370 561
1632 1155
1284 1359
793 1000
932 830
1424 1712
475 1803
355 1724
1298 1016
499 1400
1710 423
998 1633
429 1747
1477 1651
844 1969
1347 109
1642 1296
85 1245
687 1092
1291 1781
609 1978
412 1020
664 1294
1288 358
1545 1096
1866 246
224 213
1091 1413
857 1363
157 911
1658 1843
1877 1212
867 1637
312 58
1506 1788
675 463
529 905
777 784
150 860
534 538
948 1946
1356 1278
915 193
1954 557
1682 1768
1876 961
1037 1957
449 293
686 1858
1335 629
1609 127
229 958
1698 335
1451 631
515 249
734 630
697 362
1475 373
1051 471
201 1242
70 1618
578 361
1133 1351
1843 648
677 1492
1250 1583
1508 884
657 2000
1411 260
1910 93
1432 234
1179 1221
550 1543
89 1993
337 1309
1164 1067
1880 934
1274 612
196 580
1424 1712
1401 368
1629 1122
1574 551
1673 870
1805 1254
100 1676
1228 1167
225 310
347 567
350 942
1262 1746
213 98
814 1452
1058 305
1600 1893
1054 1537
1340 928
415 1253
39 214
1023 461
1036 1560
279 1903
542 1854
262 1650
1414 1281
1962 1565
1808 1820
1015 1602
1460 651
71 873
1253 1389
1031 235
1152 1836
907 745
934 1689
843 552
1508 884
1981 1530
70 1618
222 1570
144 61
465 1611
1400 556
942 417
682 638
1811 333
1582 782
327 1644
1904 350
317 1082
1696 1336
1563 1533
1851 1054
309 1161
1829 1482
1141 208
1869 1152
1487 1580
1967 155
1960 460
1248 1927
765 1231
1315 1233
1366 1857
1158 715
1133 1351
1143 1601
1312 479
254 1753
117 1223
1815 1956
1517 1166
1134 1298
1209 288
655 888
409 406
152 1259
275 199
649 1195
1902 608
284 742
732 540
1551 27
162 621
623 1214
66 433
1697 533
258 1435
368 1907
706 872
1979 1672
869 1526
1453 662
590 566
133 671
1420 357
160 970
388 1512
1348 1328
1569 1853
1197 1069
1752 1041
604 1081
1728 1002
1776 64
569 1105
397 1241
951 1594
619 652
1802 390
1557 1324
1102 1841
1345 1555
514 1364
1337 1165
1070 851
448 59
1562 1801
248 620
1794 1963
1612 1972
1270 501
1610 1313
1377 1012
354 1991
974 409
607 1701
533 1919
1072 94
564 966
1137 1561
403 1135
1817 636
1044 684
387 13
1380 1640
341 827
115 1548
1530 1382
387 13
708 82
275 199
1148 943
1518 481
1882 1850
1765 1863
1644 1025
1825 1709
830 1610
984 282
880 120
78 1951
1529 878
1361 1630
1904 350
107 1302
811 1132
843 552
123 23
1985 1143
1727 442
904 661
451 1170
1823 1405
1308 1094
864 161
1275 762
1865 1899
545 192
596 1734
1007 79
1983 565
1443 1516
884 1632
1627 1996
1311 1933
1332 1261
1369 776
87 206
1189 68
1823 1405
177 1466
335 5
855 160
766 512
1103 57
901 1478
69 639
688 53
633 726
203 420
1454 798
987 1920
80 224
93 1126
708 82
1982 266
168 1077
913 843
1030 1337
913 843
1916 1856
106 1114
1221 139
1407 403
1555 1985
352 1491
1899 430
1977 877
1752 1041
1905 183
1270 501
970 1404
363 1148
1938 1950
290 624
792 596
1703 24
653 1418
1461 413
1116 290
665 1591
283 1912
1274 612
869 1526
1892 1409
1225 1535
1316 1988
1580 778
316 1285
624 427
355 1724
589 89
1247 26
777 784
270 1172
207 1448
78 1951
465 1611
166 1348
779 1873
886 117
1553 646
536 254
505 276
836 372
1263 832
72 1209
1588 343
1841 1699
77 170
1726 1211
639 1436
1258 1290
1280 30
486 1915
1149 1852
1203 1752
1880 934
163 1657
1885 1497
325 1989
1405 1159
1666 112
1408 1108
951 1594
1606 28
250 1153
1205 1838
290 624
68 802
1062 415
1604 448
1948 1162
124 1797
262 1650
7 1111
89 1993
62 1229
954 1600
719 1017
1418 835
1104 186
1032 507
1568 283
891 1343
128 1018
1166 844
1810 1981
1430 1142
1513 1552
674 1250
1266 1895
1010 1691
1156 1330
879 1604
1798 394
1615 1124
1828 1759
1810 1981
1795 932
1419 1489
562 642
1714 598
179 690
23 207
418 435
105 935
844 1969
289 487
202 1631
1385 226
1067 852
1845 1862
658 1196
1679 1770
1977 877
961 618
1934 1441
689 341
992 1518
532 181
556 1558
765 1231
1334 1947
1465 1035
409 406
790 147
1588 343
1948 1162
890 480
353 352
1868 982
796 1407
1321 1477
1384 1809
1481 584
360 1066
48 895
699 1198
1973 657
225 310
1893 1755
625 898
991 1990
1145 1079
1524 1308
1471 1894
1313 40
1013 880
1316 1988
639 1436
1912 901
1103 57
404 1847
1515 325
829 670
284 742
1677 634
1446 1977
999 1645
1849 513
1530 1382
814 1452
1691 1878
134 363
269 1576
677 1492
66 433
808 384
1742 1581
773 1240
1080 1039
1803 1326
1693 663
1674 856
24 524
1310 1976
1083 1704
1982 266
521 1450
337 1309
788 439
58 1244
570 1342
1417 1822
1712 875
289 487
1163 38
1011 465
726 1169
223 650
1922 1760
129 1658
1672 1792
288 1197
1665 520
1192 1495
254 1753
1843 648
1068 66
1428 924
242 1923
1228 1167
455 1766
1328 43
1315 1233
1505 1080
513 697
1884 1047
1225 1535
222 1570
400 831
1531 1187
1956 673
402 1029
1779 195
909 1449
1814 63
943 114
1825 1709
629 681
1787 665
71 873
1102 1841
961 618
1092 355
420 1334
1775 278
949 1525
186 291
262 1650
1727 442
1846 1782
1768 767
1636 1872
1133 1351
1927 1785
1714 598
155 149
1850 71
1158 715
887 1256
479 1064
1121 1634
1683 1467
444 304
1830 1117
1092 355
1287 825
1253 1389
306 1171
629 681
1123 1588
590 566
766 512
1317 826
51 1795
951 1594
1565 52
458 340
1615 1124
192 536
1443 1516
45 292
1158 715
1266 1895
541 395
1243 105
1521 482
1763 1113
1467 1924
72 1209
1464 1930
1262 1746
1542 329
370 774
583 1772
1554 1485
693 1845
1710 423
1709 103
1697 533
1919 1266
1650 1578
639 1436
1071 337
990 586
18 470
196 580
1454 798
1289 1515
799 838
1641 1904
1371 1943
1976 165
258 1435
1706 55
1931 980
580 324
1399 1494
1530 1382
925 115
143 1641
26 1821
1084 1994
332 1732
1218 722
1931 980
459 1434
1320 1391
945 1329
1095 971
1411 260
471 1553
955 545
799 838
1256 383
932 830
663 1818
1326 861
16 1710
99 550
1433 1406
1983 565
1470 1840
190 453
1521 482
507 539
57 773
510 1305
16 1710
1907 1666
1562 1801
677 1492
23 207
430 438
784 1936
140 689
466 319
1532 1562
950 703
1061 426
1612 1972
1997 211
3 604
534 538
1926 1529
747 1642
1989 1486
710 1549
987 1920
327 1644
543 1806
1627 1996
932 830
1676 1901
1049 1647
445 128
1546 883
337 1309
840 32
1193 1686
814 1452
7 1111
193 382
1670 201
289 487
1621 515
259 141
451 1170
262 1650
1559 1136
1813 623
1445 708
85 1245
973 37
18 470
1261 1514
1231 431
1459 1765
1725 865
1693 663
1528 1834
449 293
388 1512
461 381
335 5
792 596
1818 1779
1469 897
732 540
1804 1481
508 1260
594 1473
71 873
287 907
1351 1937
1193 1686
1136 1502
51 1795
1234 1068
268 1118
1490 823
107 1302
1008 307
1346 678
394 299
1286 477
476 102
1124 887
1790 462
528 166
1115 1914
845 258
581 1149
1612 1972
47 1697
1175 741
725 1381
1271 1573
1532 1562
415 1253
1071 337
1354 965
1471 1894
1908 1271
781 1375
17 1864
635 1652
90 1140
1122 1090
159 947
69 639
511 1251
1331 1606
1614 868
373 1263
1758 1438
1737 775
558 464
1263 832
1318 271
761 1743
474 1073
1507 1354
430 438
1035 1913
1432 234
1699 993
677 1492
1694 845
721 700
1404 174
957 801
1823 1405
401 1726
1317 826
51 1795
785 45
1438 1318
522 1225
1520 747
386 1146
705 528
1930 1317
1183 1121
1434 806
1125 1137
467 1554
113 822
336 1268
1299 1891
30 1174
51 1795
352 1491
1035 1913
1646 1771
388 1512
1380 1640
1156 1330
1068 66
1193 1686
1258 1290
734 630
510 1305
524 996
291 622
656 1101
321 88
1115 1914
1008 307
1083 1704
257 446
464 367
488 54
1128 701
675 463
228 169
1291 1781
1686 215
1840 1479
986 1965
1640 119
77 170
1268 1269
526 1998
604 1081
1120 1653
62 1229
1280 30
1472 537
1153 1115
437 300
237 1310
1570 1154
1131 256
592 1051
1285 375
557 563
559 807
1811 333
1244 1503
1998 1656
1548 1846
1931 980
1938 1950
518 228
649 1195
1 436
123 23
924 1426
1300 1421
167 760
36 594
685 944
273 1273
731 107
1837 559
1299 1891
479 1064
294 617
1185 632
1916 1856
267 795
1467 1924
1705 991
471 1553
955 545
501 728
1380 1640
1964 458
1077 1654
372 1331
245 1730
1961 1046
1894 1284
970 1404
1042 1509
922 914
1259 1262
937 175
694 1532
660 582
706 872
90 1140
1870 1655
609 1978
481 330
1444 1980
1071 337
1522 1660
1199 1670
1810 1981
413 1493
1048 9
219 1608
768 894
1866 246
738 295
1419 1489
1153 1115
91 1103
1629 1122
1802 390
910 1464
155 149
1306 1264
1476 360
583 1772
1293 419
85 1245
1212 36
442 1465
1446 1977
407 1984
963 108
688 53
343 1837
217 129
1359 113
920 1520
544 959
1323 1215
1170 1355
82 1496
1684 1921
636 1851
948 1946
810 245
1020 1685
1854 1344
22 1876
1826 1775
1655 925
1388 163
686 1858
1896 541
1918 1958
1720 197
453 230
63 8
1914 1057
1835 253
1672 1792
974 409
1407 403
1270 501
2 1403
1087 405
17 1864
1377 1012
1167 1624
1329 209
853 1773
1749 695
572 904
787 850
1966 1138
221 821
1227 1815
1705 991
564 966
115 1548
829 670
1832 125
1933 1097
1133 1351
427 1249
1825 1709
1121 1634
513 697
696 1812
1637 1722
1520 747
1735 1714
139 1538
951 1594
340 1521
856 49
592 1051
1415 676
429 1747
1814 63
1269 1183
811 1132
1412 1636
1552 1468
668 1380
1499 391
1311 1933
440 1430
157 911
1728 1002
992 1518
289 487
1264 1564
1005 517
416 1089
1283 534
521 1450
575 1959
92 1510
1408 1108
445 128
1903 649
824 1180
1333 1507
228 169
1677 634
1032 507
1428 924
828 1596
1148 943
1276 1890
557 563
1170 1355
74 122
1760 1541
351 863
540 441
210 78
1645 1784
1427 328
155 149
860 814
733 973
1216 1038
520 1810
1541 535
282 793
1422 1506
78 1951
1969 1410
484 735
361 96
196 580
948 1946
1203 1752
644 238
1800 259
117 1223
585 1216
1946 938
287 907
718 1125
1990 261
1236 647
1080 1039
1783 908
37 72
1850 71
839 336
424 1356
1286 477
139 1538
1265 805
416 1089
1909 1129
869 1526
774 713
1266 1895
1956 673
1302 1880
245 1730
1565 52
5 1185
1077 1654
902 1412
668 1380
1178 810
152 1259
1351 1937
192 536
203 420
59 999
450 788
1052 1053
397 1241
1948 1162
299 743
583 1772
93 1126
921 1900
1168 1720
767 890
551 1150
1169 576
1310 1976
1773 237
362 240
782 39
1525 478
853 1773
968 1875
809 239
347 567
618 1695
642 320
320 936
1496 131
1772 1013
1467 1924
1503 1607
1236 647
1617 1763
1082 731
1339 1868
1945 167
383 1042
1222 1687
1180 1728
1292 757
1377 1012
892 1661
1766 1674
1066 601
292 217
1564 919
1983 565
1551 27
1210 1217
1648 1386
867 1637
341 827
385 1945
1068 66
250 1153
1208 1179
1207 1230
51 1795
491 275
1640 119
1265 805
1072 94
590 566
1169 576
1383 1595
1894 1284
278 1177
1143 1601
1297 770
161 1237
885 758
630 277
1386 1350
1467 1924
1635 1112
1392 1131
1100 635
274 1181
481 330
753 869
1516 489
1411 260
1091 1413
1237 989
1286 477
200 816
1506 1788
1492 853
1212 36
1981 1530
1999 549
1298 1016
1906 653
63 8
294 617
1988 424
1741 1593
1909 1129
1514 1340
513 697
1395 1093
491 275
1159 694
249 706
397 1241
761 1743
177 1466
1592 899
737 930
1000 1896
1996 1918
1194 428
839 336
379 389
1987 347
985 180
580 324
1873 1717
1388 163
1676 1901
1766 1674
708 82
409 406
979 1839
662 1698
961 618
592 1051
1269 1183
1887 956
1069 1416
585 1216
1764 1353
43 1814
1395 1093
947 1609
1226 44
518 228
1142 1349
1321 1477
1523 532
234 1307
1523 532
280 654
688 53
899 318
1553 646
1702 92
6 1877
1348 1328
413 1493
168 1077
381 1075
846 396
1629 1122
862 809
1318 271
1031 235
530 202
764 100
1013 880
1484 891
693 1845
873 1550
1966 1138
699 1198
1856 133
1609 127
300 87
1337 1165
619 652
209 946
1749 695
1433 1406
667 315
1952 1716
1612 1972
1997 211
152 1259
859 269
726 1169
1111 188
1078 1935
725 1381
24 524
348 1062
1210 1217
1295 655
1501 1346
1241 725
87 206
724 1411
59 999
1421 1824
1102 1841
1966 1138
437 300
750 452
1658 1843
1821 777
1460 651
264 1456
401 1726
165 148
1294 1292
757 876
117 1223
339 1239
803 1443
1533 1487
1235 910
1696 1336
256 1952
691 1003
1155 780
652 1255
1282 1681
879 1604
111 187
1248 1927
1591 764
733 973
1636 1872
1835 253
644 238
1764 1353
945 1329
547 593
1377 1012
1299 1891
637 316
289 487
1700 1702
453 230
1326 861
1884 1047
1524 1308
1872 1058
1165 1127
1222 1687
357 1628
1696 1336
687 1092
1286 477
242 1923
1795 932
596 1734
243 1680
1357 10
789 1173
34 1534
540 441
1352 1756
1249 781
1744 744
1629 1122
697 362
282 793
1239 400
365 356
1600 1893
1639 949
1734 221
587 331
572 904
1785 664
35 137
299 743
670 495
995 1246
1178 810
1777 264
1853 1474
27 1761
1839 1527
1822 591
589 89
106 1114
1538 1373
1017 1879
1223 1306
351 863
1342 937
40 1156
181 272
1198 1033
256 1952
839 336
1946 938
1063 172
4 1288
635 1652
1504 575
1841 1699
971 1365
364 998
1997 211
1695 1316
7 1111
539 1582
981 992
492 969
1580 778
737 930
762 756
318 338
525 974
963 108
1785 664
664 1294
485 440
147 686
1244 1503
148 1247
521 1450
1634 688
897 1547
695 414
1128 701
974 409
1422 1506
579 1694
1387 101
61 592
1409 723
1562 1801
394 299
730 1379
1528 1834
267 795
1786 387
607 1701
352 1491
1360 1745
1015 1602
1272 1808
392 1228
151 791
452 1070
1363 554
215 1022
1708 1202
1488 50
366 525
367 75
1428 924
1121 1634
1205 1838
137 792
1939 1401
1691 1878
955 545
609 1978
779 1873
714 33
165 148
343 1837
307 680
1183 1121
1666 112
184 1513
1358 692
1208 1179
349 752
14 1949
611 248
1358 692
693 1845
234 1307
706 872
1410 1027
283 1912
1542 329
1579 1011
382 1625
1559 1136
1924 1377
1412 1636
719 1017
915 193
178 1707
1098 842
453 230
1979 1672
1763 1113
1543 1638
323 1332
552 142
1440 227
206 1182
61 592
433 824
468 637
1034 714
653 1418
627 106
1446 1977
156 1102
1372 1934
922 914
789 1173
671 1667
529 905
1984 1160
48 895
1339 1868
892 1661
1599 1048
1722 1860
90 1140
1176 675
876 377
1394 1178
384 432
1028 1953
1356 1278
1490 823
1735 1714
816 794
769 963
1883 498
1010 1691
1611 766
1951 871
1879 279
1518 481
1483 837
1490 823
506 140
1260 912
373 1263
1062 415
931 126
708 82
1825 1709
61 592
1657 60
790 147
1853 1474
991 1990
220 1807
1770 1866
1248 1927
450 788
577 606
756 1232
858 724
690 553
1432 234
441 1539
469 1684
1661 1970
993 1248
230 1925
797 1902
380 1078
144 61
1573 1762
56 1827
1392 1131
608 504
190 453
1758 1438
771 804
321 88
1242 1727
923 284
724 1411
218 1713
790 147
1175 741
207 1448
836 372
658 1196
1022 1270
1254 1910
463 1267
915 193
280 654
1570 1154
598 1026
1743 15
1513 1552
333 1678
1038 1446
1705 991
283 1912
495 1021
471 1553
1184 750
1875 1463
1920 1798
1 436
1618 216
255 317
1695 1316
835 1395
104 1490
1334 1947
128 1018
1524 1308
1109 948
1842 233
407 1984
398 73
614 365
356 176
122 130
411 1546
518 228
351 863
1595 407
1693 663
1640 119
780 920
1648 1386
1107 1793
1004 1884
1564 919
298 1451
1051 471
1220 86
364 998
414 1669
1761 322
1101 1235
1806 251
1797 913
1692 1889
919 1786
1584 666
94 500
38 820
1554 1485
1009 902
931 126
289 487
946 813
755 1123
671 1667
1272 1808
1470 1840
238 955
422 716
996 1352
948 1946
1463 366
13 1095
233 1157
1902 608
176 1005
226 730
766 512
400 831
1582 782
1978 349
1680 1780
1379 1787
739 1574
171 1721
1694 845
1314 1335
580 324
573 1833
978 334
533 1919
1097 1291
805 376
1249 781
81 402
719 1017
988 154
848 1616
558 464
225 310
396 1997
534 538
780 920
1780 619
237 1310
15 787
1770 1866
28 765
1793 1983
1896 541
60 1440
1890 1385
1334 1947
1910 93
1209 288
1265 805
812 1220
32 682
1712 875
1954 557
17 1864
463 1267
84 719
777 784
1004 1884
123 23
585 1216
1138 231
74 122
145 388
1436 733
1060 753
88 502
1874 1205
1736 35
1178 810
955 545
1810 1981
9 1579
1184 750
1658 1843
712 1286
1237 989
72 1209
1086 1540
1306 1264
529 905
971 1365
619 652
137 792
587 331
676 273
996 1352
1321 1477
467 1554
1349 1614
18 470
1372 1934
325 1989
664 1294
1415 676
166 1348
294 617
1431 472
1535 1184
994 76
494 1790
988 154
436 862
75 1545
1884 1047
362 240
397 1241
125 81
1858 422
1940 369
1652 800
827 346
1807 1725
1271 1573
11 1031
739 1574
425 1508
1404 174
354 1991
786 1319
1852 990
582 25
1528 1834
3 604
1601 1778
960 1206
269 1576
1044 684
1288 358
1042 1509
668 1380
903 669
401 1726
1455 1783
562 642
1305 1341
712 1286
482 1592
119 1459
1342 937
284 742
1456 281
1370 561
569 1105
1282 1681
1098 842
1074 1116
952 306
95 1370
1008 307
1202 1635
1741 1593
1859 693
1136 1502
1858 422
1301 1536
1968 1252
1324 449
953 123
747 1642
320 936
1612 1972
880 120
251 326
1591 764
1969 1410
1736 35
1552 1468
1204 979
49 614
1645 1784
1885 1497
1089 1320
1575 1432
620 1799
428 185
442 1465
624 427
863 1500
1714 598
1939 1401
876 377
281 1739
38 820
1919 1266
1013 880
1433 1406
1868 982
974 409
1333 1507
1722 1860
1419 1489
624 427
571 1954
1829 1482
1179 1221
901 1478
529 905
1100 635
111 187
1644 1025
51 1795
688 53
377 1911
783 518
1296 1692
1694 845
1263 832
9 1579
1531 1187
974 409
874 957
1714 598
1489 1677
1002 1738
374 609
1669 1007
695 414
330 178
1565 52
472 46
84 719
1765 1863
1957 987
1096 968
714 33
353 352
1580 778
1049 1647
451 1170
1762 1219
1945 167
402 1029
1847 1995
987 1920
975 1049
244 1829
81 402
6 1877
1584 666
966 1733
1883 498
1543 1638
1580 778
1455 1783
1206 1072
1139 1939
417 445
208 1428
1971 1036
534 538
1875 1463
1740 1311
167 760
1373 691
1231 431
185 153
1540 739
680 457
1986 734
134 363
1940 369
124 1797
1974 1796
942 417
515 249
837 562
849 611
1964 458
501 728
1346 678
647 371
557 563
1512 704
838 321
1636 1872
1091 1413
1156 1330
80 224
1545 1096
983 1120
183 789
1425 522
1864 896
1248 1927
913 843
1120 1653
580 324
1718 1044
1183 1121
978 334
572 904
1941 314
305 964
1823 1405
1675 468
1146 1397
856 49
1805 1254
1085 847
96 124
893 519
1180 1728
45 292
865 83
705 528
1150 506
1983 565
394 299
415 1253
1403 1736
661 241
645 17
1149 1852
101 1955
425 1508
218 1713
9 1579
376 839
1535 1184
1429 1106
1182 1315
1165 1127
1698 335
1341 571
1888 1
271 1754
95 1370
717 1384
1265 805
326 628
869 1526
121 720
290 624
812 1220
651 939
383 1042
333 1678
1195 450
1625 1258
484 735
1900 755
1779 195
363 1148
1052 1053
245 1730
517 1498
1034 714
1197 1069
1445 708
34 1534
1226 44
382 1625
681 1791
547 593
1996 1918
1162 763
557 563
500 1204
23 207
1824 1659
1460 651
554 1272
1302 1880
99 550
257 446
443 1368
1154 144
261 929
1102 1841
609 1978
1456 281
803 1443
1898 219
1211 903
317 1082
1743 15
596 1734
1967 155
1302 1880
1126 157
69 639
479 1064
1971 1036
1415 676
67 972
1613 194
651 939
606 857
1124 887
1194 428
1158 715
1273 1366
624 427
97 289
187 1176
1459 1765
345 1227
915 193
1415 676
1688 672
1540 739
1399 1494
545 192
1818 1779
1481 584
567 132
984 282
750 452
130 1083
1334 1947
371 712
1395 1093
772 14
1433 1406
951 1594
1813 623
1581 1505
502 29
1350 1201
1528 1834
1445 708
471 1553
1250 1583
63 8
1155 780
1622 1961
1403 1736
613 1439
1170 1355
1918 1958
205 1164
458 340
229 958
1589 656
1403 1736
507 539
836 372
1854 1344
444 304
1452 769
882 1597
458 340
786 1319
1649 1392
1395 1093
60 1440
625 898
45 292
1737 775
1395 1093
1297 770
272 491
1167 1624
1608 1037
677 1492
683 1369
1714 598
417 445
1843 648
599 18
826 4
1871 1870
1975 135
1725 865
756 1232
320 936
1032 507
280 654
625 898
1536 1511
1888 1
875 1566
335 5
1995 267
1520 747
940 1975
295 1295
1177 1705
895 1087
1609 127
1402 1690
301 986
449 293
429 1747
340 1521
1178 810
136 568
1811 333
949 1525
1259 1262
286 1664
1299 1891
1010 1691
1573 1762
1446 1977
1758 1438
984 282
589 89
1525 478
301 986
1987 347
1523 532
1685 560
1862 981
1545 1096
551 1150
15 787
1726 1211
1238 1314
355 1724
153 151
1582 782
1127 772
1014 1848
549 265
177 1466
364 998
905 437
93 1126
227 1207
1130 1488
1998 1656
1545 1096
865 83
514 1364
1296 1692
189 270
487 546
1889 380
1498 1931
1150 506
1908 1271
1175 741
1357 10
622 915
1135 1289
1236 647
692 613
1212 36
1504 575
1021 906
924 1426
212 918
372 1331
426 162
1960 460
1312 479
176 1005
1434 806
1669 1007
528 166
757 876
1546 883
1453 662
1817 636
1511 1200
522 1225
1366 1857
1339 1868
1960 460
1297 770
1511 1200
90 1140
192 536
1994 1627
1869 1152
1892 1409
125 81
171 1721
179 690
1688 672
1041 926
1152 1836
425 1508
75 1545
889 696
1412 1636
312 58
1333 1507
586 1374
1249 781
715 444
1569 1853
1952 1716
1139 1939
356 176
1947 950
910 1464
1652 800
1172 1088
957 801
42 732
384 432
1111 188
463 1267
199 1731
1853 1474
1572 1322
642 320
3 604
485 440
1958 1940
87 206
955 545
189 270
1828 1759
588 146
23 207
1979 1672
935 1964
1797 913
259 141
1649 1392
357 1628
845 258
1305 1341
523 1050
1976 165
1252 1711
1510 754
794 811
929 1275
1304 1194
991 1990
430 438
743 797
1166 844
101 1955
203 420
368 1907
1170 1355
1818 1779
443 1368
1843 648
1849 513
284 742
1868 982
564 966
923 284
738 295
777 784
430 438
1739 746
390 74
1451 631
266 1442
790 147
360 1066
1561 1584
1699 993
1295 655
1396 345
1950 1620
855 160
214 451
1929 1008
299 743
1757 1085
1847 1995
1672 1792
1285 375
1122 1090
34 1534
568 679
231 1917
1928 1168
1892 1409
505 276
922 914
487 546
82 1496
872 1321
1712 875
108 1865
520 1810
458 340
1388 163
1817 636
324 354
734 630
380 1078
870 1679
1219 1671
515 249
1131 256
1553 646
258 1435
620 1799
1061 426
1592 899
578 361
673 790
1521 482
1644 1025
1642 1296
817 1458
516 1420
280 654
1518 481
1628 70
1413 1061
1605 931
1566 410
547 593
1132 1571
1533 1487
177 1466
1371 1943
961 618
323 1332
920 1520
278 1177
656 1101
1927 1785
948 1946
966 1733
1383 1595
1 436
1872 1058
1018 1842
1347 109
5 1185
1577 1926
342 1729
1645 1784
643 298
1470 1840
937 175
1520 747
296 960
349 752
173 509
713 1417
1463 366
724 1411
1905 183
1708 1202
521 1450
1598 1019
1541 535
1742 1581
888 67
517 1498
1613 194
574 152
560 1074
1775 278
786 1319
1449 486
1584 666
1726 1211
899 318
999 1645
1113 1484
1843 648
508 1260
528 166
219 1608
1703 24
649 1195
547 593
910 1464
450 788
1606 28
89 1993
264 1456
1951 871
107 1302
1410 1027
1776 64
1570 1154
1059 761
448 59
1621 515
934 1689
516 1420
846 396
911 205
299 743
507 539
1785 664
417 445
1636 1872
1871 1870
1136 1502
1910 93
1420 357
1656 1071
384 432
145 388
302 978
83 6
1386 1350
344 710
1775 278
150 860
1071 337
790 147
1840 1479
1140 569
1404 174
1285 375
1311 1933
1712 875
1732 1060
637 316
1597 1999
1380 1640
760 1471
443 1368
1633 953
451 1170
995 1246
519 1682
210 78
1196 262
1336 159
929 1275
1994 1627
553 1383
89 1993
1388 163
1049 1647
1312 479
1183 1121
27 1761
1030 1337
1193 1686
845 258
156 1102
631 212
1813 623
1169 576
1621 515
1660 1483
1082 731
179 690
903 669
825 1617
735 615
1827 581
1290 975
24 524
23 207
883 1299
501 728
922 914
1817 636
548 1968
675 463
341 827
1502 1023
1980 1224
919 1786
156 1102
214 451
803 1443
1020 1685
485 440
1689 1210
715 444
1952 1716
62 1229
321 88
1665 520
1168 1720
1964 458
794 811
466 319
1032 507
1168 1720
222 1570
1465 1035
116 882
855 160
518 228
718 1125
434 1568
133 671
1938 1950
979 1839
844 1969
454 177
360 1066
1896 541
1717 1929
1090 1811
1154 144
1391 1032
1498 1931
1583 20
275 199
1586 1100
1379 1787
773 1240
828 1596
1812 1010
1064 401
1158 715
573 1833
917 386
1552 1468
1670 201
310 1615
855 160
1680 1780
283 1912
1006 1222
1113 1484
1310 1976
1294 1292
131 658
1615 1124
713 1417
12 244
1497 138
1839 1527
101 1955
961 618
1827 581
230 1925
1322 1218
1066 601
501 728
914 1283
373 1263
1368 1524
827 346
494 1790
76 434
511 1251
50 218
896 1749
1639 949
1744 744
1835 253
265 995
988 154
733 973
237 1310
1516 489
1616 564
252 1193
1623 616
1339 1868
1515 325
764 100
1687 1855
1555 1985
1224 893
229 958
1333 1507
1136 1502
982 1800
1000 1896
772 14
1276 1890
1114 1425
994 76
950 703
1835 253
30 1174
1654 156
1664 7
174 721
802 116
1491 779
796 1407
1520 747
1845 1862
1648 1386
576 1897
125 81
46 985
871 1338
1863 1393
1416 1501
875 1566
578 361
91 1103
1561 1584
55 548
238 955
1861 547
874 957
879 1604
1986 734
1516 489
830 1610
1492 853
1256 383
1343 1523
1913 1844
174 721
1351 1937
1570 1154
10 1024
278 1177
1351 1937
1457 84
1966 1138
1558 312
131 658
1116 290
1066 601
1975 135
403 1135
1001 1626
1501 1346
1437 1454
1864 896
1916 1856
1245 1932
731 107
1755 1147
1260 912
1795 932
717 1384
1597 1999
1683 1467
1608 1037
22 1876
1628 70
1542 329
163 1657
1756 1598
55 548
1818 1779
1924 1377
1332 1261
1544 348
318 338
394 299
1432 234
1420 357
1693 663
713 1417
321 88
966 1733
42 732
1820 1741
1388 163
715 444
332 1732
1721 1909
1337 1165
785 45
1068 66
301 986
1117 748
374 609
1282 1681
753 869
976 889
327 1644
769 963
1821 777
1382 945
852 1992
474 1073
1415 676
775 1396
1386 1350
857 1363
399 1590
1040 1575
214 451
350 942
399 1590
670 495
57 773
726 1169
1959 1208
687 1092
1461 413
1999 549
1434 806
502 29
170 1034
1675 468
945 1329
1292 757
1438 1318
1411 260
934 1689
464 367
1033 392
651 939
1221 139
966 1733
743 797
1831 456
366 525
916 941
1056 874
1755 1147
1743 15
1144 668
1726 1211
1252 1711
751 1557
1694 845
214 451
1670 201
1760 1541
1682 1768
1631 1371
136 568
29 56
452 1070
86 1300
1250 1583
292 217
1699 993
1779 195
1276 1890
1557 1324
1726 1211
1693 663
1392 1131
1630 1333
718 1125
1950 1620
918 886
1102 1841
1342 937
1836 542
665 1591
1729 191
1128 701
554 1272
1163 38
1356 1278
563 736
919 1786
732 540
1869 1152
584 579
213 98
333 1678
1305 1341
782 39
1299 1891
988 154
327 1644
51 1795
937 175
97 289
388 1512
931 126
27 1761
684 1941
882 1597
1688 672
1795 932
1279 16
1841 1699
1722 1860
813 1265
1606 28
1662 77
676 273
681 1791
548 1968
354 1991
95 1370
895 1087
1747 597
860 814
1522 1660
734 630
879 1604
1239 400
214 451
767 890
1527 1825
1178 810
1670 201
1255 1469
1566 410
342 1729
1860 1045
1868 982
1667 499
1952 1716
431 881
1916 1856
374 609
1334 1947
1620 855
1868 982
1363 554
1595 407
99 550
501 728
1136 1502
1534 418
1599 1048
1844 1378
1451 631
207 1448
1069 1416
1190 1422
395 818
519 1682
113 822
755 1123
1079 900
391 1043
929 1275
426 162
860 814
1151 595
1919 1266
1047 1301
602 849
299 743
1091 1413
798 158
869 1526
457 1962
1128 701
1399 1494
66 433
1535 1184
621 1559
1403 1736
1999 549
158 1475
1793 1983
334 1887
220 1807
1395 1093
794 811
1331 1606
260 997
384 432
949 1525
1352 1756
1995 267
11 1031
1598 1019
1377 1012
1229 496
925 115
1614 868
1819 1004
1045 1423
1381 867
401 1726
1509 344
331 285
440 1430
71 873
719 1017
439 411
1114 1425
120 1110
667 315
1026 1569
184 1513
128 1018
232 1431
1495 866
1515 325
21 268
1270 501
1294 1292
1814 63
817 1458
830 1610
1777 264
712 1286
139 1538
1345 1555
1333 1507
1699 993
297 544
1026 1569
1415 676
1257 1130
1654 156
310 1615
1606 28
1557 1324
1382 945
1979 1672
645 17
568 679
1995 267
327 1644
1541 535
89 1993
1282 1681
1006 1222
630 277
1890 1385
649 1195
46 985
38 820
314 1362
569 1105
1916 1856
1363 554
554 1272
290 624
892 1661
59 999
303 1388
1395 1093
983 1120
695 414
310 1615
1538 1373
1115 1914
1389 294
250 1153
774 713
574 152
964 1944
1412 1636
641 1419
1976 165
1689 1210
646 521
322 921
455 1766
398 73
120 1110
908 785
745 255
1640 119
1940 369
1368 1524
1108 718
1235 910
755 1123
299 743
1819 1004
1484 891
312 58
1714 598
358 683
227 1207
540 441
18 470
335 5
440 1430
483 1869
1369 776
1464 1930
1460 651
1488 50
1308 1094
377 1911
462 474
962 589
170 1034
58 1244
359 1519
1421 1824
1886 459
1898 219
594 1473
1235 910
817 1458
967 1805
1612 1972
824 1180
652 1255
1393 204
4 1288
914 1283
936 1461
1138 231
705 528
184 1513
1370 561
142 34
818 1424
286 1664
1186 1009
1408 1108
1681 848
857 1363
1359 113
1490 823
145 388
1097 1291
189 270
1175 741
1494 933
1725 865
53 1874
1130 1488
944 1144
728 660
1701 674
1828 1759
855 160
1485 1751
645 17
1374 749
698 408
774 713
536 254
992 1518
706 872
810 245
1893 1755
682 638
138 988
1364 829
217 129
744 21
467 1554
1311 1933
63 8
1978 349
693 1845
1273 1366
173 509
332 1732
184 1513
641 1419
716 645
32 682
1982 266
1950 1620
233 1157
1188 196
1379 1787
1992 1107
609 1978
133 671
1793 1983
1252 1711
699 1198
1114 1425
1059 761
1230 1563
1791 297
1208 1179
1862 981
1827 581
478 1871
1345 1555
77 170
1671 455
575 1959
472 46
545 192
297 544
371 712
1414 1281
907 745
325 1989
459 1434
1567 301
439 411
37 72
619 652
1118 302
232 1431
315 1881
984 282
1069 1416
1008 307
1858 422
1976 165
1699 993
1583 20
808 384
1213 1744
429 1747
847 1297
1114 1425
1021 906
1320 1391
1120 1653
219 1608
6 1877
169 1882
97 289
38 820
1167 1624
1370 561
1486 511
1032 507
601 1006
1597 1999
1770 1866
1203 1752
1157 1191
1277 323
1292 757
80 224
971 1365
242 1923
1646 1771
1251 1675
743 797
1754 1504
859 269
1526 374
873 1550
1606 28
1978 349
1155 780
814 1452
1678 99
1402 1690
1702 92
1696 1336
572 904
1422 1506
702 1544
957 801
291 622
830 1610
397 1241
672 1014
699 1198
1091 1413
1746 1339
764 100
754 1119
1812 1010
955 545
434 1568
1037 1957
1036 1560
1390 85
873 1550
1239 400
1062 415
1658 1843
272 491
982 1800
709 558
95 1370
377 1911
1521 482
1424 1712
883 1299
344 710
1139 1939
1534 418
84 719
700 1982
1921 286
257 446
1195 450
1527 1825
1758 1438
433 824
1535 1184
1603 3
834 570
57 773
1359 113
1278 885
1068 66
178 1707
29 56
615 1139
260 997
349 752
1229 496
875 1566
1579 1011
437 300
13 1095
717 1384
1396 345
1801 1243
1005 517
1446 1977
772 14
280 654
1459 1765
1120 1653
189 270
396 1997
1775 278
306 1171
1103 57
1488 50
474 1073
1617 1763
1341 571
519 1682
326 628
769 963
1084 1994
257 446
451 1170
936 1461
1548 1846
1010 1691
1236 647
768 894
1590 1236
617 1703
1869 1152
68 802
808 384
900 454
462 474
541 395
609 1978
441 1539
1022 1270
457 1962
149 280
306 1171
1428 924
386 1146
100 1676
741 173
1556 416
312 58
582 25
1130 1488
1174 1938
1005 517
662 1698
964 1944
1005 517
1243 105
1697 533
1541 535
1493 190
760 1471
409 406
1061 426
2000 1683
573 1833
24 524
1417 1822
514 1364
450 788
1228 1167
23 207
104 1490
1263 832
1500 1522
130 1083
776 421
1898 219
1921 286
1763 1113
746 1399
696 1812
696 1812
708 82
1049 1647
525 974
60 1440
1760 1541
1652 800
1478 698
312 58
250 1153
1664 7
798 158
983 1120
458 340
26 1821
327 1644
800 497
655 888
1380 1640
383 1042
1487 1580
1854 1344
1717 1929
999 1645
1872 1058
565 1376
1737 775
701 1662
602 849
1322 1218
975 1049
1418 835
1780 619
1651 1158
1475 373
472 46
1912 901
1014 1848
1770 1866
556 1558
1505 1080
586 1374
460 485
605 1619
985 180
1808 1820
1502 1023
817 1458
899 318
691 1003
168 1077
266 1442
1138 231
1795 932
1712 875
724 1411
58 1244
1607 1360
1428 924
858 724
1538 1373
116 882
1564 919
483 1869
1748 828
1090 1811
1312 479
53 1874
1209 288
1955 783
1161 1673
1043 917
1680 1780
1224 893
347 567
1316 1988
1126 157
1319 859
1331 1606
1021 906
1881 309
189 270
882 1597
780 920
325 1989
1069 1416
862 809
1646 1771
849 611
422 716
1367 1605
545 192
1612 1972
679 1238
1539 243
128 1018
215 1022
1464 1930
1361 1630
1508 884
492 969
401 1726
1011 465
1971 1036
1110 1015
1788 677
609 1978
1570 1154
520 1810
660 582
1577 1926
1844 1378
1426 1603
1283 534
571 1954
222 1570
1540 739
201 1242
1649 1392
618 1695
805 376
1901 1551
633 726
584 579
248 620
904 661
482 1592
969 1986
1551 27
1834 922
330 178
495 1021
1320 1391
645 17
645 17
800 497
984 282
956 111
881 727
1553 646
960 1206
1255 1469
1504 575
463 1267
1298 1016
909 1449
1485 1751
1474 738
720 1623
1737 775
907 745
1164 1067
1142 1349
308 600
1042 1509
1547 1898
756 1232
475 1803
251 326
833 1462
1537 1063
1906 653
735 615
42 732
1127 772
159 947
830 1610
1720 197
233 1157
1068 66
861 1823
755 1123
1203 1752
158 1475
1518 481
46 985
1926 1529
1089 1320
1465 1035
439 411
1070 851
1921 286
678 923
1901 1551
1639 949
1231 431
866 42
698 408
747 1642
1575 1432
1695 1316
809 239
1624 1693
1875 1463
244 1829
1769 250
1157 1191
1394 1178
417 445
97 289
1159 694
1453 662
1959 1208
1087 405
830 1610
1269 1183
281 1739
841 1886
1202 1635
1645 1784
655 888
1622 1961
546 51
398 73
147 686
1964 458
382 1625
1790 462
915 193
1312 479
128 1018
468 637
1316 1988
508 1260
800 497
1902 608
609 1978
10 1024
1454 798
1278 885
1326 861
622 915
340 1521
1622 1961
1105 952
221 821
1068 66
239 786
299 743
262 1650
619 652
1289 1515
1639 949
1255 1469
815 1347
1096 968
1701 674
406 1402
326 628
239 786
1988 424
1060 753
1547 1898
192 536
1213 1744
355 1724
1980 1224
1 436
1682 1768
797 1902
454 177
795 1480
1646 1771
291 622
711 492
1598 1019
1751 1599
1237 989
341 827
137 792
1140 569
400 831
1724 879
1294 1292
1748 828
1074 1116
138 988
1509 344
1026 1569
133 671
1368 1524
551 1150
876 377
747 1642
1787 665
1913 1844
1401 368
497 1835
391 1043
815 1347
474 1073
1197 1069
1394 1178
824 1180
1327 1948
501 728
1303 1226
587 331
1274 612
1035 1913
724 1411
451 1170
1432 234
986 1965
1859 693
852 1992
372 1331
385 1945
1135 1289
1878 1748
279 1903
795 1480
1226 44
140 689
1776 64
1058 305
1427 328
386 1146
425 1508
1300 1421
1872 1058
749 640
263 90
958 585
1258 1290
191 1769
1235 910
370 774
55 548
1609 127
1517 1166
1117 748
268 1118
1785 664
1622 1961
1794 1963
328 1757
1057 91
1157 1191
14 1949
140 689
18 470
430 438
1377 1012
543 1806
1144 668
666 1323
793 1000
1008 307
1387 101
362 240
1687 1855
1802 390
997 627
141 1476
39 214
1791 297
418 435
258 1435
1880 934
22 1876
1611 766
1540 739
827 346
1153 1115
1522 1660
313 1234
211 1398
1742 1581
1444 1980
1820 1741
1821 777
1285 375
474 1073
501 728
188 1361
805 376
725 1381
1940 369
1422 1506
13 1095
1122 1090
40 1156
211 1398
1430 1142
1481 584
427 1249
135 342
977 488
1678 99
548 1968
1913 1844
1585 274
1829 1482
334 1887
1456 281
1309 1151
804 1612
1275 762
1519 1922
1645 1784
965 1141
1467 1924
977 488
685 944
1716 685
1979 1672
1548 1846
908 785
1473 1433
972 1387
146 1849
1812 1010
203 420
1156 1330
1826 1775
734 630
11 1031
660 582
907 745
1553 646
1916 1856
223 650
904 661
353 352
1407 403
1191 1325
79 641
992 1518
1338 555
380 1078
577 606
1395 1093
1730 1437
1836 542
1482 984
648 308
39 214
1796 385
1887 956
773 1240
481 330
1788 677
1338 555
427 1249
1494 933
1289 1515
550 1543
135 342
714 33
389 1203
1813 623
497 1835
663 1818
96 124
910 1464
53 1874
1146 1397
601 1006
700 1982
1942 469
875 1566
971 1365
1447 590
1602 967
1420 357
1359 113
1440 227
1277 323
225 310
1660 1483
963 108
1621 515
1243 105
94 500
602 849
966 1733
650 1076
188 1361
961 618
1577 1926
420 1334
311 118
395 818
1077 1654
1425 522
89 1993
29 56
1857 573
564 966
1651 1158
842 412
1977 877
1782 516
768 894
835 1395
1454 798
1091 1413
42 732
462 474
1811 333
1703 24
1950 1620
688 53
853 1773
1341 571
242 1923
86 1300
946 813
1379 1787
1082 731
766 512
811 1132
1467 1924
1972 1737
1022 1270
1156 1330
971 1365
519 1682
1777 264
1840 1479
1972 1737
1072 94
1265 805
1248 1927
1379 1787
832 1358
1824 1659
903 669
1932 65
332 1732
1585 274
1802 390
504 1213
498 1304
650 1076
633 726
538 659
1517 1166
969 1986
1018 1842
1760 1541
59 999
733 973
1139 1939
1105 952
3 604
1417 1822
1657 60
316 1285
614 365
968 1875
736 1040
50 218
1465 1035
1211 903
951 1594
174 721
1747 597
319 398
1802 390
1883 498
802 116
911 205
825 1617
373 1263
1405 1159
376 839
1666 112
875 1566
17 1864
669 951
377 1911
229 958
248 620
1472 537
629 681
1400 556
1531 1187
1313 40
94 500
1614 868
1423 134
1101 1235
793 1000
1861 547
225 310
1220 86
433 824
408 1408
1000 1896
1281 1577
1062 415
668 1380
1224 893
548 1968
37 72
900 454
1257 1130
1156 1330
1249 781
568 679
906 1643
1761 322
1385 226
492 969
1685 560
570 1342
207 1448
506 140
575 1959
1246 1861
239 786
28 765
30 1174
6 1877
1239 400
1867 643
1534 418
1802 390
1520 747
346 359
1190 1422
1872 1058
1962 1565
1033 392
1312 479
1284 1359
75 1545
396 1997
12 244
294 617
1418 835
116 882
326 628
737 930
1423 134
801 1696
1996 1918
700 1982
1768 767
1103 57
52 705
1157 1191
366 525
1079 900
1455 1783
1879 279
1671 455
203 420
692 613
1319 859
583 1772
1800 259
1754 1504
136 568
1442 1700
733 973
670 495
1632 1155
1193 1686
1283 534
1730 1437
862 809
226 730
1661 1970
710 1549
1413 1061
630 277
1474 738
1265 805
951 1594
564 966
854 287
1621 515
1858 422
1136 1502
565 1376
154 1303
512 1960
1373 691
950 703
1850 71
745 255
732 540
1351 1937
1082 731
884 1632
1608 1037
677 1492
1383 1595
216 1764
560 1074
1321 1477
1107 1793
1559 1136
1716 685
1756 1598
1593 200
90 1140
1494 933
715 444
363 1148
1382 945
573 1833
156 1102
1875 1463
903 669
1180 1728
404 1847
769 963
818 1424
317 1082
426 162
952 306
1151 595
994 76
102 729
1535 1184
1238 1314
149 280
459 1434
1104 186
1111 188
297 544
1539 243
546 51
256 1952
1369 776
1584 666
718 1125
1719 526
792 596
1827 581
254 1753
1478 698
386 1146
8 429
1253 1389
1265 805
1322 1218
1456 281
1931 980
1803 1326
525 974
1658 1843
666 1323
611 248
1882 1850
401 1726
1620 855
1153 1115
1918 1958
479 1064
1486 511
1326 861
1046 252
1745 1794
31 1277
1669 1007
1587 1455
1667 499
1861 547
1221 139
849 611
739 1574
1657 60
243 1680
1624 1693
793 1000
1240 11
1125 1137
389 1203
1629 1122
40 1156
1128 701
555 1832
181 272
446 1639
1713 145
57 773
1505 1080
1537 1063
1194 428
44 69
778 1828
915 193
342 1729
929 1275
310 1615
1403 1736
918 886
991 1990
643 298
897 1547
1131 256
965 1141
243 1680
597 833
1444 1980
1942 469
45 292
837 562
1217 503
1068 66
1920 1798
1959 1208
1038 1446
567 132
1854 1344
392 1228
861 1823
1559 1136
318 338
1284 1359
1957 987
1641 1904
1305 1341
146 1849
877 531
1132 1571
482 1592
1921 286
1722 1860
875 1566
835 1395
1077 1654
1707 1831
259 141
102 729
1853 1474
141 1476
309 1161
1183 1121
1793 1983
568 679
1563 1533
635 1652
666 1323
575 1959
1227 1815
463 1267
1400 556
1513 1552
1698 335
396 1997
966 1733
1044 684
795 1480
246 1585
919 1786
393 223
1964 458
815 1347
1894 1284
1190 1422
1000 1896
1386 1350
1323 1215
34 1534
206 1182
1811 333
1748 828
1722 1860
1012 1065
361 96
1949 404
678 923
1215 353
1030 1337
20 529
102 729
1662 77
440 1430
1862 981
520 1810
1179 1221
610 484
1252 1711
341 827
1823 1405
1689 1210
1667 499
274 1181
1414 1281
815 1347
1877 1212
1664 7
371 712
343 1837
428 185
425 1508
371 712
990 586
1304 1194
1933 1097
296 960
327 1644
1493 190
1830 1117
1403 1736
211 1398
1322 1218
923 284
1849 513
351 863
504 1213
13 1095
1876 961
1012 1065
571 1954
620 1799
1252 1711
382 1625
1990 261
835 1395
547 593
1714 598
1077 1654
868 1649
1810 1981
1712 875
315 1881
1913 1844
1598 1019
804 1612
98 864
1148 943
759 737
1329 209
1584 666
1053 1663
1848 168
85 1245
998 1633
721 700
1517 1166
1194 428
1473 1433
1872 1058
1981 1530
1958 1940
860 814
1537 1063
326 628
357 1628
335 5
412 1020
1634 688
1658 1843
1317 826
1303 1226
1354 965
219 1608
79 641
184 1513
1605 931
1622 1961
1432 234
1043 917
1545 1096
423 707
1882 1850
1242 1727
768 894
1308 1094
771 804
1721 1909
1923 840
791 607
1966 1138
26 1821
3 604
799 838
1732 1060
466 319
1775 278
1579 1011
331 285
743 797
1526 374
456 210
1226 44
1725 865
829 670
1572 1322
1695 1316
1782 516
568 679
213 98
1756 1598
449 293
1911 667
1491 779
124 1797
414 1669
101 1955
718 1125
1097 1291
1089 1320
885 758
1319 859
1393 204
1132 1571
1476 360
388 1512
1490 823
1234 1068
1772 1013
1394 1178
1967 155
964 1944
989 796
172 1109
520 1810
201 1242
875 1566
1749 695
1346 678
851 717
919 1786
1743 15
1102 1841
697 362
1599 1048
1701 674
1455 1783
1396 345
1388 163
39 214
1363 554
558 464
765 1231
1742 1581
1780 619
1961 1046
533 1919
1159 694
145 388
1938 1950
326 628
1698 335
157 911
1069 1416
1465 1035
1127 772
480 711
488 54
144 61
1289 1515
906 1643
1095 971
1538 1373
155 149
884 1632
1131 256
1296 1692
71 873
1752 1041
592 1051
707 846
1292 757
589 89
925 115
832 1358
1300 1421
787 850
1661 1970
1996 1918
57 773
778 1828
196 580
806 327
1527 1825
1364 829
186 291
1702 92
99 550
122 130
1831 456
343 1837
1733 1987
1580 778
684 1941
672 1014
259 141
1919 1266
1947 950
1997 211
1481 584
773 1240
605 1619
997 627
1162 763
758 1415
1337 1165
1354 965
769 963
1675 468
410 1001
1319 859
679 1238
826 4
1059 761
858 724
75 1545
646 521
1848 168
280 654
20 529
1941 314
1942 469
751 1557
1715 1394
1183 1121
1776 64
1173 1706
173 509
1256 383
1322 1218
77 170
835 1395
1117 748
525 974
892 1661
1627 1996
985 180
337 1309
1734 221
757 876
1983 565
1908 1271
1070 851
56 1827
1557 1324
429 1747
763 1059
366 525
1993 1735
1417 1822
487 546
1269 1183
1934 1441
1434 806
813 1265
1637 1722
1111 188
409 406
1496 131
259 141
1387 101
652 1255
1192 1495
90 1140
22 1876
1364 829
1230 1563
1620 855
863 1500
1316 1988
679 1238
1975 135
497 1835
194 263
855 160
1795 932
1225 1535
841 1886
675 463
1366 1857
1127 772
784 1936
244 1829
1101 1235
1176 675
28 765
638 179
1116 290
516 1420
1572 1322
408 1408
976 889
1328 43
1202 1635
841 1886
48 895
1143 1601
178 1707
1862 981
1565 52
1799 587
981 992
1808 1820
1490 823
962 589
1056 874
1574 551
1187 771
819 1460
187 1176
424 1356
1755 1147
246 1585
1887 956
801 1696
1291 1781
1071 337
1818 1779
887 1256
1813 623
162 621
1426 1603
1943 104
1025 1767
316 1285
542 1854
1687 1855
1118 302
458 340
376 839
1110 1015
1789 687
1956 673
1366 1857
1050 80
1523 532
664 1294
1532 1562
1549 425
135 342
7 1111
1056 874
1307 1777
1749 695
146 1849
1728 1002
294 617
245 1730
1213 1744
1764 1353
1307 1777
1007 79
649 1195
903 669
1541 535
1864 896
1172 1088
1788 677
1029 510
765 1231
119 1459
846 396
1116 290
1137 1561
733 973
1501 1346
1344 1542
380 1078
1066 601
1243 105
52 705
593 626
69 639
441 1539
972 1387
700 1982
135 342
727 1056
1738 303
1391 1032
1494 933
833 1462
205 1164
193 382
244 1829
1000 1896
999 1645
626 1447
1 436
1926 1529
746 1399
1142 1349
867 1637
1879 279
1255 1469
1365 473
295 1295
28 765
560 1074
1164 1067
179 690
888 67
1092 355
96 124
1493 190
210 78
1958 1940
1456 281
1614 868
1267 1445
1950 1620
477 1708
1464 1930
274 1181
949 1525
386 1146
1039 1905
92 1510
1977 877
1212 36
640 817
1237 989
678 923
1237 989
1581 1505
655 888
1845 1862
856 49
282 793
119 1459
43 1814
741 173
1182 1315
1370 561
1421 1824
778 1828
1152 1836
785 45
1297 770
822 1648
720 1623
957 801
1911 667
1085 847
1185 632
387 13
1560 740
702 1544
17 1864
1077 1654
193 382
694 1532
595 1145
1717 1929
609 1978
975 1049
1182 1315
374 609
1220 86
1284 1359
528 166
598 1026
878 588
699 1198
483 1869
361 96
905 437
1137 1561
1311 1933
271 1754
1893 1755
1644 1025
922 914
661 241
1626 95
399 1590
117 1223
461 381
411 1546
1818 1779
1486 511
1415 676
1061 426
287 907
1787 665
61 592
274 1181
757 876
1564 919
452 1070
1318 271
217 129
1490 823
1388 163
144 61
932 830
1550 1274
1064 401
382 1625
206 1182
989 796
54 1621
1425 522
265 995
1936 1280
1373 691
843 552
689 341
831 759
1410 1027
425 1508
1198 1033
769 963
797 1902
1502 1023
1423 134
187 1176
915 193
1274 612
509 819
1824 1659
419 1427
468 637
1044 684
186 291
1202 1635
364 998
758 1415
1772 1013
496 1802
1831 456
570 1342
1676 1901
496 1802
1620 855
1452 769
1475 373
1851 1054
886 117
1944 1789
1866 246
20 529
1810 1981
1085 847
66 433
285 494
1896 541
1380 1640
1844 1378
916 941
1960 460
1329 209
862 809
1898 219
1416 1501
1528 1834
1190 1422
333 1678
932 830
1143 1601
263 90
1024 603
1334 1947
1400 556
84 719
154 1303
1360 1745
697 362
1183 1121
837 562
1671 455
641 1419
542 1854
1124 887
1097 1291
533 1919
1931 980
1116 290
1541 535
951 1594
1026 1569
987 1920
730 1379
592 1051
458 340
1686 215
805 376
533 1919
531 1192
295 1295
835 1395
1584 666
816 794
1023 461
587 331
251 326
1476 360
1149 1852
932 830
142 34
118 1028
1736 35
1131 256
1995 267
483 1869
1285 375
740 1928
202 1631
626 1447
1735 1714
466 319
711 492
849 611
1920 1798
1565 52
1162 763
132 1457
170 1034
1025 1767
213 98
1952 1716
1723 1287
1583 20
1411 260
1341 571
862 809
896 1749
101 1955
1279 16
1109 948
333 1678
1302 1880
1165 1127
1875 1463
363 1148
379 389
1313 40
335 5
424 1356
1044 684
1894 1284
932 830
1657 60
1009 902
165 148
565 1376
1674 856
1479 203
1054 1537
39 214
1406 1345
884 1632
622 915
1332 1261
596 1734
1933 1097
939 625
130 1083
1698 335
311 118
986 1965
414 1669
1009 902
1779 195
1243 105
193 382
579 1694
1453 662
1724 879
1954 557
1830 1117
928 812
1723 1287
634 247
920 1520
1003 370
1502 1023
1731 447
394 299
2000 1683
269 1576
461 381
1068 66
691 1003
1341 571
1861 547
445 128
1645 1784
1448 505
1408 1108
106 1114
1441 1086
448 59
1212 36
690 553
703 1030
715 444
1077 1654
1724 879
1271 1573
1290 975
483 1869
283 1912
1599 1048
185 153
1458 583
601 1006
1996 1918
575 1959
826 4
460 485
1511 1200
341 827
710 1549
532 181
1238 1314
1557 1324
1363 554
1097 1291
2000 1683
1248 1927
599 18
1485 1751
1686 215
98 864
1680 1780
1746 1339
1992 1107
1613 194
902 1412
1491 779
1245 1932
213 98
1098 842
1675 468
1635 1112
240 858
56 1827
1341 571
726 1169
532 181
1648 1386
1089 1320
1220 86
529 905
294 617
1127 772
711 492
71 873
861 1823
736 1040
523 1050
1331 1606
1933 1097
1539 243
985 180
1644 1025
740 1928
408 1408
1457 84
118 1028
878 588
1120 1653
602 849
1971 1036
675 463
1039 1905
1758 1438
1855 527
350 942
959 1804
936 1461
953 123
1155 780
52 705
1042 1509
1718 1044
931 126
403 1135
1475 373
857 1363
49 614
1763 1113
1124 887
62 1229
650 1076
218 1713
35 137
1557 1324
404 1847
648 308
816 794
1900 755
29 56
894 121
1353 1629
422 716
1008 307
339 1239
1555 1985
848 1616
1707 1831
835 1395
1996 1918
68 802
1898 219
57 773
1833 699
536 254
690 553
761 1743
1801 1243
1051 471
902 1412
1994 1627
790 147
1457 84
1671 455
1283 534
1168 1720
1653 605
226 730
744 21
334 1887
1369 776
1351 1937
1308 1094
288 1197
581 1149
815 1347
403 1135
832 1358
1567 301
729 22
274 1181
1886 459
544 959
480 711
1175 741
400 831
1346 678
1772 1013
1603 3
374 609
1328 43
1610 1313
1452 769
638 179
947 1609
1476 360
1974 1796
1006 1222
1718 1044
1494 933
1645 1784
204 1966
1400 556
1684 1921
1320 1391
181 272
778 1828
24 524
1180 1728
1629 1122
1057 91
1526 374
1247 26
1827 581
733 973
1674 856
1220 86
1192 1495
1496 131
715 444
1482 984
1678 99
299 743
1535 1184
1238 1314
1516 489
64 184
659 768
1312 479
1851 1054
943 114
334 1887
170 1034
859 269
1054 1537
1946 938
884 1632
643 298
1567 301
893 519
735 615
788 439
1181 1859
1756 1598
1914 1057
500 1204
636 1851
461 381
1477 1651
1217 503
1272 1808
1451 631
1893 1755
1391 1032
1149 1852
1212 36
104 1490
1822 591
1776 64
1654 156
1715 1394
752 1942
721 700
1090 1811
1389 294
585 1216
199 1731
248 620
1250 1583
965 1141
756 1232
778 1828
1813 623
1803 1326
307 680
634 247
63 8
27 1761
1728 1002
1567 301
948 1946
1180 1728
902 1412
337 1309
690 553
69 639
1859 693
516 1420
1194 428
628 1279
1293 419
1333 1507
1154 144
808 384
1244 1503
1014 1848
334 1887
687 1092
1802 390
1840 1479
1992 1107
544 959
1174 1938
1706 55
599 18
396 1997
522 1225
423 707
141 1476
232 1431
1165 1127
1478 698
751 1557
675 463
1417 1822
1604 448
654 1885
1303 1226
1426 1603
1317 826
423 707
319 398
1784 1128
1584 666
1111 188
520 1810
186 291
570 1342
1048 9
1233 1750
1967 155
632 1665
499 1400
435 574
806 327
1297 770
1412 1636
1414 1281
880 120
1258 1290
1617 1763
1851 1054
156 1102
1739 746
110 164
1474 738
794 811
1252 1711
559 807
1310 1976
1700 1702
911 205
824 1180
1985 1143
301 986
797 1902
1256 383
1956 673
1231 431
1116 290
938 1190
1212 36
80 224
764 100
1017 1879
1099 110
1841 1699
1323 1215
1897 1390
578 361
1142 1349
1112 443
1550 1274
1205 1838
1561 1584
142 34
1806 251
776 421
54 1621
1916 1856
1830 1117
134 363
1801 1243
1525 478
130 1083
46 985
1612 1972
657 2000
857 1363
1131 256
170 1034
1145 1079
258 1435
1280 30
921 1900
1437 1454
1549 425
1224 893
1933 1097
846 396
1243 105
1020 1685
1604 448
1003 370
591 490
890 480
684 1941
247 1367
509 819
103 815
154 1303
90 1140
1934 1441
182 577
30 1174
312 58
56 1827
101 1955
527 803
43 1814
717 1384
1697 533
736 1040
19 543
1143 1601
967 1805
88 502
1449 486
1214 1646
864 161
1380 1640
1831 456
874 957
916 941
217 129
563 736
1238 1314
582 25
1117 748
1437 1454
1747 597
1651 1158
611 248
843 552
593 626
986 1965
828 1596
220 1807
1486 511
1489 1677
1056 874
1649 1392
1276 1890
152 1259
666 1323
217 129
640 817
1705 991
1072 94
376 839
542 1854
138 988
1995 267
1488 50
1798 394
1920 1798
1503 1607
250 1153
1125 1137
491 275
110 164
1902 608
1792 97
158 1475
380 1078
676 273
1475 373
867 1637
1473 1433
264 1456
1231 431
808 384
1823 1405
86 1300
527 803
625 898
1095 971
1312 479
721 700
344 710
1240 11
1805 1254
112 1163
146 1849
469 1684
1449 486
1102 1841
431 881
1355 198
161 1237
1314 1335
116 882
1407 403
119 1459
958 585
1359 113
512 1960
1056 874
890 480
1404 174
88 502
833 1462
1053 1663
89 1993
996 1352
1051 471
1563 1533
224 213
1101 1235
381 1075
1552 1468
1598 1019
1434 806
710 1549
1091 1413
759 737
416 1089
62 1229
248 620
860 814
1440 227
1631 1371
1245 1932
405 1622
1475 373
277 1742
1340 928
1332 1261
687 1092
99 550
1137 1561
1435 1133
1836 542
107 1302
228 169
943 114
311 118
552 142
22 1876
498 1304
1111 188
610 484
1513 1552
1177 1705
234 1307
1871 1870
1336 159
378 1567
1915 1715
1376 530
1689 1210
1391 1032
1672 1792
1523 532
1509 344
1349 1614
675 463
934 1689
1235 910
1903 649
1754 1504
1455 1783
1568 283
653 1418
249 706
1650 1578
239 786
914 1283
1010 1691
1304 1194
1994 1627
1681 848
1965 1055
237 1310
576 1897
1793 1983
1289 1515
298 1451
1932 65
1722 1860
1749 695
1406 1345
849 611
366 525
1705 991
907 745
1725 865
315 1881
7 1111
336 1268
1915 1715
360 1066
120 1110
156 1102
1140 569
1415 676
124 1797
61 592
76 434
1129 834
483 1869
722 1189
1652 800
1095 971
894 121
763 1059
619 652
1444 1980
671 1667
1820 1741
1356 1278
1307 1777
429 1747
1415 676
868 1649
342 1729
1699 993
162 621
1617 1763
788 439
1308 1094
1901 1551
849 611
40 1156
1616 564
1341 571
1348 1328
1044 684
1195 450
222 1570
1121 1634
1512 704
1291 1781
716 645
686 1858
941 1613
524 996
225 310
601 1006
1337 1165
475 1803
1338 555
201 1242
1232 1883
526 1998
936 1461
34 1534
1279 16
1681 848
180 1817
1004 1884
1979 1672
165 148
825 1617
1243 105
1559 1136
499 1400
828 1596
1890 1385
1794 1963
1465 1035
1666 112
646 521
1709 103
1381 867
774 713
1148 943
1952 1716
750 452
1389 294
227 1207
288 1197
1587 1455
579 1694
524 996
1482 984
179 690
493 599
1967 155
370 774
1152 1836
1754 1504
596 1734
789 1173
1403 1736
1465 1035
1259 1262
631 212
1636 1872
1540 739
1593 200
896 1749
655 888
203 420
1826 1775
1090 1811
131 658
1537 1063
1214 1646
1727 442
1897 1390
331 285
767 890
601 1006
1668 351
166 1348
1768 767
1625 1258
1486 511
1769 250
702 1544
299 743
1394 1178
1145 1079
305 964
1555 1985
366 525
117 1223
1015 1602
1590 1236
1445 708
881 727
1698 335
1496 131
90 1140
1226 44
167 760
550 1543
381 1075
1954 557
378 1567
305 964
1612 1972
1797 913
304 1528
541 395
847 1297
1790 462
1776 64
288 1197
1887 956
1492 853
1731 447
1646 1771
404 1847
368 1907
931 126
1815 1956
494 1790
743 797
536 254
722 1189
1463 366
972 1387
586 1374
297 544
16 1710
1730 1437
866 42
1129 834
1543 1638
256 1952
652 1255
527 803
1619 1572
817 1458
226 730
1567 301
1428 924
1003 370
1301 1536
897 1547
17 1864
492 969
1925 610
967 1805
1177 1705
1066 601
1552 1468
1130 1488
449 293
1672 1792
229 958
1035 1913
1390 85
1686 215
1650 1578
394 299
1833 699
1984 1160
805 376
342 1729
1535 1184
1776 64
1933 1097
275 199
134 363
1927 1785
96 124
1410 1027
1635 1112
1274 612
416 1089
1660 1483
467 1554
1062 415
100 1676
567 132
128 1018
932 830
1450 171
1485 1751
1406 1345
1062 415
1607 1360
54 1621
1788 677
1537 1063
1524 1308
945 1329
95 1370
1866 246
1367 1605
627 106
157 911
1550 1274
1271 1573
637 316
845 258
1796 385
687 1092
1635 1112
1300 1421
112 1163
1460 651
961 618
162 621
1903 649
1016 332
857 1363
894 121
720 1623
650 1076
146 1849
685 944
169 1882
1814 63
1685 560
1411 260
502 29
639 1436
954 1600
1736 35
554 1272
1324 449
727 1056
1342 937
711 492
1935 1517
207 1448
366 525
1797 913
388 1512
521 1450
1481 584
82 1496
187 1176
878 588
1404 174
592 1051
1293 419
1053 1663
303 1388
1623 616
1855 527
1199 1670
186 291
1826 1775
1464 1930
1934 1441
1581 1505
1370 561
1040 1575
863 1500
388 1512
972 1387
1992 1107
699 1198
1643 702
1671 455
1407 403
1116 290
173 509
1750 808
205 1164
257 446
866 42
1542 329
1366 1857
185 153
406 1402
1322 1218
925 115
1363 554
1687 1855
769 963
969 1986
1068 66
1072 94
12 244
1418 835
1629 1122
1227 1815
430 438
370 774
1276 1890
763 1059
372 1331
1371 1943
555 1832
258 1435
1099 110
1418 835
1489 1677
767 890
1953 483
665 1591
1749 695
1748 828
216 1764
957 801
742 189
1063 172
1791 297
690 553
1465 1035
1631 1371
1426 1603
1724 879
1100 635
785 45
1668 351
1763 1113
1289 1515
1136 1502
1080 1039
758 1415
852 1992
780 920
425 1508
1140 569
908 785
1570 1154
1995 267
744 21
507 539
1617 1763
814 1452
275 199
288 1197
931 126
12 244
1819 1004
50 218
1307 1777
1176 675
890 480
1133 1351
454 177
445 128
1721 1909
535 1276
817 1458
292 217
379 389
369 1718
1099 110
159 947
1089 1320
1162 763
499 1400
1890 1385
1231 431
719 1017
1472 537
85 1245
1796 385
787 850
1020 1685
350 942
1079 900
527 803
1171 1867
1501 1346
1074 1116
794 811
436 862
467 1554
1245 1932
20 529
921 1900
